atlas_id,artist,album,year,type,label,layer,zone,primary_lane,secondary_lanes,style,region,base,scene,descriptors,key_tracks,priority,start_here,in_field_guide,lineage_basis,confidence
A0001,Spencer Radcliffe,Keeper,2014,LP,Self-released,L1,Core,C1 Indie twang / yallternative,,Lo-fi,Chicago and the Midwest,Ohio (formerly Chicago),,lo-fi; deadpan; bleak; hushed; small-town,Child's Pose; Tina; Marlena,Deep cut,,Y,Inferred,Medium
A0002,Ratboys,AOID,2015,LP,Topshelf Records,L1,Core,C1 Indie twang / yallternative,,Crossover,Chicago and the Midwest,"Chicago, IL",,Telecaster twang; deadpan; drawl; small-town; jangle,Not Equal; Flat Foot,Deep cut,,Y,Documented,High
A0003,Spencer Radcliffe,Looking In,2015,LP,Run For Cover Records,L1,Core,C1 Indie twang / yallternative,,Lo-fi,Chicago and the Midwest,"Chicago, IL",,lo-fi; deadpan; hushed; bleak; small-town,Mia; Yankee; Looking In,Deep cut,,Y,Inferred,High
A0004,Ratboys,GN,2017,LP,Topshelf Records,L1,Core,C1 Indie twang / yallternative,,Crossover,Chicago and the Midwest,"Chicago, IL",,Telecaster twang; drawl; jangle; small-town; storytelling,GM; Peter the Wild Boy,Recommended,,Y,Documented,Medium
A0005,MJ Lenderman,Lucky,2019,EP,Self-released,L1,Core,C1 Indie twang / yallternative,,Lo-fi,The Carolinas,"Asheville, NC",Asheville,lo-fi; fingerpicked acoustic; drawl; hushed; small-town,No Mercy; SUV,Deep cut,,Y,Inferred,High
A0006,MJ Lenderman,MJ Lenderman,2019,LP,Self-released,L1,Core,C1 Indie twang / yallternative,,Lo-fi,The Carolinas,"Asheville, NC",Asheville,lo-fi; deadpan; fingerpicked acoustic; drawl; small-town,Come Over; Ghost Town; Southern Birds,Deep cut,,Y,Documented,High
A0007,Ratboys,Printer's Devil,2020,LP,Topshelf Records,L1,Core,C1 Indie twang / yallternative,,Crossover,Chicago and the Midwest,"Chicago, IL",,Telecaster twang; drawl; anthemic; storytelling; jangle,Printer's Devil; Look to,Essential,,Y,Documented,High
A0008,Florry,Big Fall,2021,LP,12XU,L1,Core,C1 Indie twang / yallternative,,Alt-country,Philadelphia,"Philadelphia, PA",Philadelphia DIY,pedal steel; drawl; Crazy Horse fuzz; small-town; funny-sad,You Don't Know; Big Fall; Older Girlfriend,Recommended,,Y,Both,High
A0009,MJ Lenderman,Ghost of Your Guitar Solo,2021,LP,Dear Life Records,L1,Core,C1 Indie twang / yallternative,,Slacker,The Carolinas,"Asheville, NC",Asheville,lo-fi; deadpan; funny-sad; drawl; pop-culture references,Someone Get The Grill Out Of The Rain; I Ate Too Much At The Fair; Catholic Priest,Deep cut,,Y,Documented,High
A0010,MJ Lenderman,Knockin',2021,EP,Dear Life Records,L1,Core,C1 Indie twang / yallternative,,Slacker,The Carolinas,"Asheville, NC",Asheville,lo-fi; deadpan; funny-sad; drawl; short songs (under 2 minutes),Knockin'; Happiness,Deep cut,,Y,Documented,High
A0011,Ratboys,"Happy Birthday, Ratboy",2021,LP,Topshelf Records,L1,Core,C1 Indie twang / yallternative,,Crossover,Chicago and the Midwest,"Chicago, IL",,jangle; drawl; anthemic; small-town; storytelling,Go Outside,Deep cut,,Y,Documented,High
A0012,Trace Mountains,House of Confusion,2021,LP,Lame-O Records,L1,Core,C1 Indie twang / yallternative,C7,Crossover,The Northeast,"New York, NY",,jangle; synths; drawl; breezy; small-town,Seen it Coming; On My Knees; Heart of Gold,Recommended,,,Both,High
A0013,Good Looks,Bummer Year,2022,LP,Keeled Scales,L1,Core,C1 Indie twang / yallternative,,Crossover,Texas and Oklahoma,"Austin, TX",,Telecaster twang; long solos; drawl; small-town; political,Almost Automatic; Bummer Year; Walker Lake,Essential,,,Documented,High
A0014,Greg Freeman,I Looked Out,2022,LP,Self-released,L1,Core,C1 Indie twang / yallternative,,Crossover,"Burlington, Vermont","Burlington, VT","Burlington, Vermont",pedal steel; Telecaster twang; long solos; storytelling; drawl,Horns; Long Distance Driver; Colorado,Essential,,Y,Documented,High
A0015,MJ Lenderman,Boat Songs,2022,LP,Dear Life Records,L1,Core,C1 Indie twang / yallternative,,Crossover,The Carolinas,"Asheville, NC",Asheville,Crazy Horse fuzz; deadpan; funny-sad; pop-culture references; drawl,TLC Cage Match; Hangover Game; You Have Bought Yourself a Boat,Essential,,Y,Documented,High
A0016,Thomas Dollbaum,Wellswood,2022,LP,Big Legal Mess Records,L1,Core,C1 Indie twang / yallternative,,Alt-country,The South,"New Orleans, LA",,Telecaster twang; drawl; baritone; storytelling; Southern gothic,Florida; God's Country; Gold Teeth,Recommended,,Y,Inferred,High
A0017,Dari Bay,Longest Day Of The Year,2023,LP,Self-released,L1,Core,C1 Indie twang / yallternative,,Slacker,"Burlington, Vermont","Burlington, VT","Burlington, Vermont",jangle; drawl; lo-fi; hushed; small-town,Wait For You; Shy Of A Nurse; Walk On Down,Essential,,,Both,High
A0018,Florry,Sweet Guitar Solos,2023,EP,Dear Life Records,L1,Core,C1 Indie twang / yallternative,,Cowpunk,Philadelphia,"Philadelphia, PA",Philadelphia DIY,Telecaster twang; drawl; rowdy; drinking songs; lo-fi,Cowgirl in a Ditch; Lisa's Birthday; Big Fall,Deep cut,,Y,Documented,Medium
A0019,Florry,The Holey Bible,2023,LP,Dear Life Records,L1,Core,C1 Indie twang / yallternative,,Alt-country,Philadelphia,"Philadelphia, PA",Philadelphia DIY,pedal steel; fiddle; drawl; rowdy; small-town,Drunk and High; Big Fall; Cowgirl in a Ditch,Essential,Y,Y,Both,High
A0020,MJ Lenderman,And the Wind (Live and Loose!),2023,Live,ANTI-,L1,Core,C1 Indie twang / yallternative,,Crossover,The Carolinas,"Asheville, NC",Asheville,Crazy Horse fuzz; long solos; live in the room; drawl; rowdy,TLC Cage Match; Under Control,Recommended,,Y,Documented,High
A0021,Ratboys,The Window,2023,LP,Topshelf Records,L1,Core,C1 Indie twang / yallternative,,Crossover,Chicago and the Midwest,"Chicago, IL",,Telecaster twang; drawl; storytelling; anthemic; harmonized guitars,"Black Earth, WI; Morning Zoo; The Window",Essential,,Y,Inferred,High
A0022,Squirrel Flower,Tomorrow's Fire,2023,LP,Polyvinyl,L1,Core,C1 Indie twang / yallternative,,Crossover,The Northeast,"Chicago, IL / Iowa",,Crazy Horse fuzz; drawl; anthemic; storytelling; feedback,Intheskatepark; Alley Light; When a Plant Is Dying,Recommended,,,Documented,High
A0023,Brown Horse,Reservoir,2024,LP,Loose Music,L1,Core,C1 Indie twang / yallternative,,Alt-country,"The UK, Ireland and Canada","Norwich, UK",,pedal steel; slide guitar; drawl; small-town; storytelling,Stealing Horses; Reservoir; Shoot Back,Recommended,,Y,Inferred,High
A0024,The Clearwater Swimmers,The Clearwater Swimmers,2024,LP,New Martian Records,L1,Core,C1 Indie twang / yallternative,C8,Country rock,The Northeast,"Queens, NY",,Crazy Horse fuzz; hushed; storytelling; small-town; drawl,Heaven is A Bar; Gas Food Lodging; Weathervane,Recommended,,,Inferred,High
A0025,David Nance & Mowed Sound,David Nance & Mowed Sound,2024,LP,Third Man Records,L1,Core,C1 Indie twang / yallternative,,Crossover,Chicago and the Midwest,"Omaha, NE",,Crazy Horse fuzz; long solos; drawl; rowdy; feedback,Mock the Hours; Tumbleweed; Side Eyed Sam,Recommended,,,Inferred,High
A0026,Dialup Ghost,May You Live Forever in Cowboy Heaven,2024,LP,Self-released,L1,Core,C1 Indie twang / yallternative,,Cowpunk,The South,"Nashville, TN",,fiddle; drawl; rowdy; small-town; funny-sad,Rhinestones; Shovel Song; Forever in Heaven,Deep cut,,,Inferred,Medium
A0027,Good Looks,Lived Here For A While,2024,LP,Keeled Scales,L1,Core,C1 Indie twang / yallternative,,Crossover,Texas and Oklahoma,"Austin, TX",,Telecaster twang; anthemic; drawl; storytelling; long solos,If It's Gone; Can You See Me Tonight?; Day of Judgment,Essential,,,Documented,High
A0028,Merce Lemon,Watch Me Drive Them Dogs Wild,2024,LP,Self-released,L1,Core,C1 Indie twang / yallternative,,Crossover,The Northeast,"Pittsburgh, PA",,pedal steel; feedback; drawl; storytelling; small-town,Backyard Lover; Rain; Crow,Recommended,,,Inferred,High
A0029,MJ Lenderman,Manning Fireworks,2024,LP,ANTI-,L1,Core,C1 Indie twang / yallternative,,Crossover,The Carolinas,"Asheville, NC",Asheville,Crazy Horse fuzz; pedal steel; deadpan; funny-sad; long solos,She's Leaving You; Wristwatch; Rudolph,Essential,Y,Y,Both,High
A0030,Real Companion,Nü-metal Heroes,2024,LP,Self-released,L1,Core,C1 Indie twang / yallternative,C2,Heartland rock,The Carolinas,"Boone, NC",Asheville,deadpan; storytelling; small-town; drinking songs; funny-sad,Great Valley; Piedmont Reason; Hometown Snakes,Deep cut,,,Inferred,Medium
A0031,Why Bonnie,Wish on the Bone,2024,LP,Fire Talk,L1,Core,C1 Indie twang / yallternative,,Crossover,Texas and Oklahoma,"Austin, TX (via Houston)",,pedal steel; fiddle; drawl; anthemic; close harmonies,Wish On The Bone; Dotted Line; Headlight Sun,Recommended,,,Both,High
A0032,Abel,How to Get Away with Nothing,2025,LP,Candlepin Records,L1,Core,C1 Indie twang / yallternative,,Alt-country,Chicago and the Midwest,"Columbus, OH",,jangle; deadpan; drawl; lo-fi; funny-sad,Grass; Loathe; Scarecrow,Recommended,,,Inferred,High
A0033,Brown Horse,All The Right Weaknesses,2025,LP,Loose Music,L1,Core,C1 Indie twang / yallternative,,Alt-country,"The UK, Ireland and Canada","Norwich, UK",,pedal steel; slide guitar; drawl; Crazy Horse fuzz; storytelling,Verna Bloom; Wisteria Vine; Dog Rose,Essential,,Y,Inferred,High
A0034,Chico States,I Saw A Galloping Horse Cover No Ground,2025,LP,Anything Bagel,L1,Core,C1 Indie twang / yallternative,,Country folk,The Northeast,Maine,,pedal steel; drawl; storytelling; small-town; harmonica,Out On The Porch Swing; Silver Dagger; Me and Kit Carruthers,Deep cut,,,Inferred,High
A0035,Florry,Sounds Like...,2025,LP,Dear Life Records,L1,Core,C1 Indie twang / yallternative,,Alt-country,"Burlington, Vermont","Burlington, VT (via Philadelphia)",,pedal steel; fiddle; drawl; rowdy; storytelling,Hey Baby; Truck Flipped Over '19; Big Something,Essential,,Y,Both,High
A0036,Greg Freeman,Burnover,2025,LP,Transgressive,L1,Core,C1 Indie twang / yallternative,,Crossover,"Burlington, Vermont","Burlington, VT","Burlington, Vermont",pedal steel; Telecaster twang; storytelling; anthemic; drawl,Point and Shoot; Curtain; Gone (Can Mean A Lot of Things),Essential,,Y,Documented,High
A0037,Oldstar,Of the Highway,2025,LP,Self-released,L1,Core,C1 Indie twang / yallternative,,Alt-country,The South,"Panama City Beach, FL",,Telecaster twang; fiddle; drawl; small-town; road songs,Lowland; California; Honkeytonk,Recommended,,Y,Inferred,High
A0038,Snocaps,Snocaps,2025,Collab,ANTI-,L1,Core,C1 Indie twang / yallternative,C5,Indie folk,The Carolinas,"Asheville, NC",,close harmonies; jangle; duets; breezy; harmonized guitars,Coast; Heathcliff; Wasteland,Recommended,,,Documented,High
A0039,Spencer Radcliffe,Ohio Vision,2025,LP,Orindal Records,L1,Core,C1 Indie twang / yallternative,,Crossover,Chicago and the Midwest,Ohio (formerly Chicago),,Telecaster twang; drawl; deadpan; small-town; long solos,Shield and Sword; Daily Driver; Portage Rising,Recommended,,Y,Inferred,High
A0040,Thomas Dollbaum,Drive All Night,2025,EP,Dear Life Records,L1,Core,C1 Indie twang / yallternative,,Alt-country,The South,"New Orleans, LA",,drawl; baritone; storytelling; small-town; hushed,Drive All Night; Angus Valley; Lives of Saints,Deep cut,,Y,Documented,Medium
A0041,Brown Horse,Total Dive,2026,LP,Fluff and Gravy Records,L1,Core,C1 Indie twang / yallternative,,Alt-country,"The UK, Ireland and Canada","Norwich, UK",,pedal steel; Crazy Horse fuzz; drawl; storytelling; anthemic,Sorrow Reigns; Twisters; Heart Of The Country,Recommended,,Y,Documented,Medium
A0042,Convinced Friend,Nowhere Songs,2026,LP,Self-released,L1,Core,C1 Indie twang / yallternative,,Alt-country,The Northeast,"Providence, RI",,pedal steel; drawl; storytelling; small-town; close harmonies,Big Score; On Fire; Robitussin,Recommended,,,Inferred,Medium
A0043,Greg Freeman,All Set the Bone,2026,LP,Transgressive,L1,Core,C1 Indie twang / yallternative,,Crossover,"Burlington, Vermont","Burlington, VT","Burlington, Vermont",pedal steel; long solos; storytelling; political; anthemic,Cahokia; Indu; Hail Mary,Recommended,,Y,Documented,High
A0044,i26connector,i26connector,2026,LP,Self-released,L1,Core,C1 Indie twang / yallternative,C9,Southern rock,The Carolinas,"Asheville, NC",Asheville,pedal steel; drawl; small-town; storytelling; anthemic,I-26 Connector; Bethel; World Champion,Recommended,,Y,Inferred,High
A0045,Kevin Copeland,Only Love Songs,2026,LP,Self-released,L1,Core,C1 Indie twang / yallternative,,Country folk,"Burlington, Vermont","Burlington, VT","Burlington, Vermont",Telecaster twang; drawl; fingerpicked acoustic; funny-sad; storytelling,That's All Over Now; Trains and Angels; MONEY,Deep cut,,,Inferred,Medium
A0046,Ovven,Gnawing at the Cord,2026,LP,Self-released,L1,Core,C1 Indie twang / yallternative,,Alt-country,The South,"Nashville, TN",,Crazy Horse fuzz; pedal steel; drawl; small-town; funny-sad,Abbreviated; Dishes; Crows,Recommended,,Y,Inferred,Medium
A0047,Ratboys,Singin' to an Empty Chair,2026,LP,New West Records,L1,Core,C1 Indie twang / yallternative,,Crossover,Chicago and the Midwest,"Chicago, IL",,Telecaster twang; anthemic; drawl; harmonized guitars; storytelling,Empty Chair,Recommended,,Y,Documented,High
A0048,Thomas Dollbaum,Birds of Paradise,2026,LP,Dear Life Records,L1,Core,C1 Indie twang / yallternative,,Alt-country,The South,"New Orleans, LA",,drawl; baritone; storytelling; Southern gothic; close harmonies,Visitation; Rabbits; Coyote,Essential,,Y,Inferred,Medium
A0049,Twisted Teens,Florida Water Blues,2026,LP,Self-released,L1,Core,C1 Indie twang / yallternative,,Cowpunk,The South,"New Orleans, LA",,drawl; rowdy; small-town; storytelling; road songs,Florida Water Blues; Swamp; Javelina,Deep cut,,Y,Inferred,Medium
A0050,Wild Pink,Still Coming Down,2026,LP,Fire Talk,L1,Core,C1 Indie twang / yallternative,,Crossover,The Northeast,"Brooklyn/Queens, NY",,pedal steel; drawl; anthemic; storytelling; small-town,Box Store; Round Of Applause At The End Of The World; Still Coming Down,Recommended,,,Inferred,High
A0051,Advance Base,Nephew in the Wild,2015,LP,Orindal Records,L1,Core,C2 Barroom storytellers and deadpan songwriters,,Country folk,Chicago and the Midwest,"Chicago, IL",,drum machine; deadpan; funny-sad; small-town; bleak,Christmas in Dearborn; Nephew in the Wild; Kitty Winn,Recommended,,,Both,High
A0052,Daughn Gibson,Carnation,2015,LP,Sub Pop,L1,Core,C2 Barroom storytellers and deadpan songwriters,,Country folk,The Northeast,"Carlisle, PA",,baritone; drum machine; storytelling; bleak; drawl,Daddy I Cut My Hair; Shatter You Through; Bled to Death,Recommended,,Y,Documented,High
A0053,State Champion,Fantasy Error,2015,LP,Sophomore Lounge,L1,Core,C2 Barroom storytellers and deadpan songwriters,,Alt-country,The South,"Louisville, KY",Louisville and Sophomore Lounge,deadpan; drawl; storytelling; fiddle; banjo,Fantasy Error; Sunbathing I; There Is a Highlight Reel,Recommended,,,Both,Medium
A0054,Jonny Fritz,Sweet Creep,2016,LP,ATO Records,L1,Core,C2 Barroom storytellers and deadpan songwriters,,Country folk,The South,"Nashville, TN",,synths; drum machine; drawl; funny-sad; storytelling,Are You Thirsty; Stadium Inn; Chihuahua Rescue,Deep cut,,,Documented,Medium
A0055,Dougie Poole,Wideass Highway,2017,LP,Self-released,L1,Core,C2 Barroom storytellers and deadpan songwriters,,Alt-country,The Northeast,"Brooklyn, NY",,drum machine; synths; baritone; deadpan; small-town,Don't You Think I'm Funny Anymore?; Less Young but as Dumb; Port Authority Hymn,Deep cut,,Y,Documented,Medium
A0056,State Champion,Send Flowers,2018,LP,Sophomore Lounge,L1,Core,C2 Barroom storytellers and deadpan songwriters,,Alt-country,The South,"Louisville, KY",Louisville and Sophomore Lounge,deadpan; drawl; storytelling; funny-sad; pedal steel,"My Over, My Under; Death Preferences; Lifetime Sentence",Recommended,,,Both,High
A0057,Diva Sweetly,In The Living Room,2019,LP,Seal Mountain Records,L1,Core,C2 Barroom storytellers and deadpan songwriters,C4,Punk,The Carolinas,"Asheville, NC",Asheville,shouted; short songs (under 2 minutes); funny-sad; small-town; drawl,Cult; Detox Island,Deep cut,,Y,Inferred,High
A0058,Dougie Poole,The Freelancer's Blues,2019,LP,Wharf Cat Records,L1,Core,C2 Barroom storytellers and deadpan songwriters,,Alt-country,The Northeast,"Brooklyn, NY",,pedal steel; baritone; drawl; funny-sad; small-town,The Freelancer's Blues; Vaping on the Job; Los Angeles,Recommended,,Y,Both,High
A0059,Purple Mountains,Purple Mountains,2019,LP,Drag City,L1,Core,C2 Barroom storytellers and deadpan songwriters,V2,Alt-country,The South,"Chicago, IL",Chicago Drag City,deadpan; funny-sad; storytelling; pedal steel; bleak,All My Happiness Is Gone; Snow Is Falling in Manhattan; Margaritas at the Mall,Essential,,Y,Documented,Medium
A0060,Josh Halper,Alrightnik,2020,LP,Self-released,L1,Core,C2 Barroom storytellers and deadpan songwriters,,Indie folk,The South,"Nashville, TN",,fingerpicked acoustic; storytelling; funny-sad; heartbreak,Whale In A Field; Who Knows; Honest Feeling,Deep cut,,,Both,High
A0061,Tre Burt,Caught It From the Rye,2020,LP,Oh Boy Records,L1,Core,C2 Barroom storytellers and deadpan songwriters,C5,Country folk,The West,"Sacramento, CA",,storytelling; drawl; fingerpicked acoustic; lo-fi; heartbreak,Caught It From the Rye; What Good; Franklin's Tunnel,Recommended,,,Documented,High
A0062,Dan Wriggins,Mr. Chill,2021,EP,Orindal Records,L1,Core,C2 Barroom storytellers and deadpan songwriters,,Country folk,Philadelphia,"Philadelphia, PA",Philadelphia DIY,deadpan; storytelling; hushed; piano; funny-sad,Mr. Chill; Yellow Bricks; Lucinda on June Bug,Deep cut,,,Documented,High
A0063,Tre Burt,"You, Yeah, You",2021,LP,Oh Boy Records,L1,Core,C2 Barroom storytellers and deadpan songwriters,,Country folk,The South,"Sacramento, CA / Durham, NC",,storytelling; funny-sad; close harmonies; drawl; heartbreak,Sweet Misery; Carnival Mirror; Tell Mary,Recommended,,,Documented,High
A0064,Brad Goodall,Live At Levon Helm Studios,2022,Live,Self-released,L1,Core,C2 Barroom storytellers and deadpan songwriters,,Country folk,The South,"Huntington, WV",,piano; live in the room; storytelling; funny-sad; drawl,Made In America; Changed Man; Hometown,Deep cut,,,Documented,High
A0065,Brad Goodall,Made In America,2022,LP,Self-released,L1,Core,C2 Barroom storytellers and deadpan songwriters,,Country folk,The South,"Huntington, WV",,piano; storytelling; funny-sad; small-town; drawl,Made In America; The Ballad of Johnny Vegas; Changed Man,Recommended,,,Both,High
A0066,Frank Meadows,Dead Weight,2022,LP,Ruination Record Co.,L1,Core,C2 Barroom storytellers and deadpan songwriters,C6,Country folk,The Northeast,"Brooklyn, NY (via North Carolina)",,piano; storytelling; drawl; funny-sad; road songs,Everybody's Birthday; Dead Weight; Time Enough,Deep cut,,,Documented,High
A0067,Izaak Opatz,Extra Medium,2022,LP,Mama Bird Recording Co.,L1,Core,C2 Barroom storytellers and deadpan songwriters,,Country folk,The West,"Missoula, MT",,drawl; storytelling; funny-sad; small-town; hushed,Passenger Seat; Married with Kids; Chinook Wind,Deep cut,,,Inferred,High
A0068,Colin Miller,Haw Creek,2023,LP,Ruination Records,L1,Core,C2 Barroom storytellers and deadpan songwriters,,Alt-country,The Carolinas,"Asheville, NC",Asheville,fingerpicked acoustic; lo-fi; small-town; Southern gothic; hushed,Sweetheartmetalbaby; Nosebleeds; Fallin,Recommended,,Y,Inferred,High
A0069,Dougie Poole,The Rainbow Wheel of Death,2023,LP,Wharf Cat Records,L1,Core,C2 Barroom storytellers and deadpan songwriters,,Alt-country,The Northeast,"Brooklyn, NY",,drum machine; synths; baritone; funny-sad; deadpan,The Rainbow Wheel of Death; High School Gym; Must Be In Here Somewhere,Essential,,Y,Inferred,High
A0070,Pony Bradshaw,North Georgia Rounder,2023,LP,Black Mountain // Soundly Music,L1,Core,C2 Barroom storytellers and deadpan songwriters,,Alt-country,The South,North Georgia,,fingerpicked acoustic; storytelling; small-town; drawl; road songs,"Foxfire Wine; North Georgia Rounder; Go Down, Appalachia",Recommended,,,Documented,High
A0071,Ryan Davis & the Roadhouse Band,Dancing on the Edge,2023,LP,Sophomore Lounge,L1,Core,C2 Barroom storytellers and deadpan songwriters,,Crossover,The South,"Louisville, KY",Louisville and Sophomore Lounge,deadpan; storytelling; pedal steel; drawl; cosmic,Flashes of Orange; Junk Drawer Heart; Free From the Guillotine,Essential,,Y,Both,High
A0072,Fust,Songs of the Rail,2024,Compilation,Dear Life Records,L1,Core,C2 Barroom storytellers and deadpan songwriters,C1,Alt-country,The Carolinas,"Durham, NC",,lo-fi; drawl; storytelling; small-town; funny-sad,Abandon; Dark One; Run to the Wolf,Deep cut,,Y,Documented,High
A0073,Jesse Welles,Hells Welles,2024,LP,Self-released,L1,Core,C2 Barroom storytellers and deadpan songwriters,,Country folk,The South,"Fayetteville, AR",,deadpan; political; storytelling; fingerpicked acoustic; funny-sad,Fentanyl; War Isn't Murder; Cancer,Recommended,,,Inferred,High
A0074,Pony Bradshaw,Thus Spoke the Fool,2024,LP,Black Mountain Music / Soundly Music,L1,Core,C2 Barroom storytellers and deadpan songwriters,,Alt-country,The South,North Georgia,,fingerpicked acoustic; storytelling; small-town; drawl; spiritual or gospel,Ginseng Daddy; The Long Man; Housebroke,Recommended,,,Documented,Medium
A0075,Styrofoam Winos,Real Time,2024,LP,Sophomore Lounge,L1,Core,C2 Barroom storytellers and deadpan songwriters,,Country folk,The South,"Nashville, TN",Louisville and Sophomore Lounge,harmonized guitars; storytelling; breezy; funny-sad; drawl,Angel Flies Over; Magic Mind; Don't Mind Me,Recommended,,,Inferred,High
A0076,Colin Miller,Losin',2025,LP,Mtn Laurel Recording Co.,L1,Core,C2 Barroom storytellers and deadpan songwriters,,Alt-country,The Carolinas,"Asheville, NC",Asheville,fingerpicked acoustic; deadpan; storytelling; small-town; funny-sad,Birdhouse; Porchlight; Thunder Road,Recommended,,Y,Both,High
A0077,Eliza Niemi,Progress Bakery,2025,LP,Self-released,L1,Core,C2 Barroom storytellers and deadpan songwriters,,Indie folk,"The UK, Ireland and Canada","Toronto, ON",,strings; storytelling; funny-sad; lo-fi; hushed,Novelist Sad Face; Dusty; Melodies Like Mark,Deep cut,,,Inferred,High
A0078,Jonny Fritz,Debbie Downers,2025,LP,Gar Hole Records,L1,Core,C2 Barroom storytellers and deadpan songwriters,,Country folk,The South,"Nashville, TN",,drawl; storytelling; funny-sad; small-town; anthemic,Debbie Downers; The Boss; Hot Chicken Condos,Deep cut,,,Documented,High
A0079,Josh Halper,Schlemiel,2025,LP,Self-released,L1,Core,C2 Barroom storytellers and deadpan songwriters,,Indie folk,The South,"Nashville, TN",,fingerpicked acoustic; piano; storytelling; funny-sad; heartbreak,Schlemiel; For Chavah; Late Summer Days,Deep cut,,,Inferred,High
A0080,Mess Esque,"Jay Marie, Comfort Me",2025,LP,Drag City,L1,Core,C2 Barroom storytellers and deadpan songwriters,C8,Country folk,Australia and New Zealand,"Melbourne, Australia",,deadpan; drawl; hushed; storytelling; funny-sad,Light Showroom; That Chair; Crow's Ash Tree,Deep cut,,,Documented,High
A0081,Mildred,mild,2025,EP,Memorials of Distinction / Dog Day Records,L1,Core,C2 Barroom storytellers and deadpan songwriters,,Folk rock,The West,"Oakland, CA",,close harmonies; lo-fi; storytelling; hushed; breezy,Twinkle Lights; Laila; Green Car,Deep cut,,Y,Documented,Medium
A0082,Paper Castles,I'm Sad as Hell and I'm Not Going to Fake It Anymore,2025,LP,Sipsman,L1,Core,C2 Barroom storytellers and deadpan songwriters,,Indie folk,"Burlington, Vermont","Burlington, VT","Burlington, Vermont",jangle; funny-sad; storytelling; anthemic; heartbreak,Content Creator; Name Changer; Hey Bobby,Recommended,,,Inferred,High
A0083,Ryan Davis & the Roadhouse Band,New Threats from the Soul,2025,LP,Sophomore Lounge,L1,Core,C2 Barroom storytellers and deadpan songwriters,,Crossover,The South,"Louisville, KY",Louisville and Sophomore Lounge,deadpan; funny-sad; storytelling; pedal steel; baritone,New Threats from the Soul; Monte Carlo / No Limits; Better If You Make Me,Essential,Y,Y,Documented,High
A0084,The Bird Calls,Take Leave,2026,LP,Ruination Record Co.,L1,Core,C2 Barroom storytellers and deadpan songwriters,,Country folk,The Northeast,"Brooklyn, NY",,deadpan; funny-sad; storytelling; drawl; anthemic,Glow Like Me; To Everything There Is A Ceiling; Take Leave,Recommended,,,Inferred,High
A0085,Brad Goodall,Hometown,2026,LP,Self-released,L1,Core,C2 Barroom storytellers and deadpan songwriters,,Country folk,The South,"Huntington, WV",,piano; storytelling; funny-sad; small-town; hushed,Hometown; River Water; Where I Come From,Deep cut,,,Both,High
A0086,Daughn Gibson,Lake Mary not mysterious,2026,LP,Self-released,L1,Core,C2 Barroom storytellers and deadpan songwriters,,Country folk,The Northeast,"Carlisle, PA",,baritone; storytelling; bleak; Southern gothic; drawl,"So Good, I Was; Cocoa Beach; Last Night at Sugar's Bar",Deep cut,,Y,Documented,Medium
A0087,Mildred,Fenceline,2026,LP,Memorials of Distinction / Dog Day Records,L1,Core,C2 Barroom storytellers and deadpan songwriters,,Folk rock,The West,"Oakland, CA",,close harmonies; storytelling; breezy; funny-sad; duets,Fenceline; UPS Brown; Fleet Week,Recommended,,Y,Inferred,High
A0088,Styrofoam Winos,Any River,2026,LP,Self-released,L1,Core,C2 Barroom storytellers and deadpan songwriters,,Country folk,The South,"Nashville, TN",Louisville and Sophomore Lounge,harmonized guitars; storytelling; breezy; funny-sad; cosmic,Pearls; BBQ; New Friend,Recommended,,,Inferred,High
A0089,Symbol Soup,Stepping on the Same Rakes,2026,LP,Self-released,L1,Core,C2 Barroom storytellers and deadpan songwriters,,Indie folk,"The UK, Ireland and Canada","London, UK",,fingerpicked acoustic; storytelling; breezy; funny-sad; hushed,Peaks; Rakes; Wading,Deep cut,,,Inferred,High
A0090,Buck Meek,Buck Meek,2018,LP,Keeled Scales,L1,Core,C3 New alt-country and honky-tonk bands,,Alt-country,The Northeast,"Brooklyn, NY",,Telecaster twang; drawl; fingerpicked acoustic; storytelling; breezy,Ruby; Joe By The Book,Recommended,,Y,Documented,High
A0091,Ruston Kelly,Dying Star,2018,LP,Rounder Records,L1,Core,C3 New alt-country and honky-tonk bands,,Alt-country,The South,"Nashville, TN",,pedal steel; drawl; heartbreak; storytelling; bleak,Dying Star; Mockingbird; Blackout,Recommended,,,Both,High
A0092,Kacy & Clayton,Plastic Bouquet,2020,Collab,New West Records,L1,Core,C3 New alt-country and honky-tonk bands,C6,Country folk,"The UK, Ireland and Canada","Saskatchewan, Canada",,pedal steel; close harmonies; duets; drawl; breezy,Plastic Bouquet; Isn't It,Deep cut,,,Documented,Medium
A0093,S.G. Goodman,Old Time Feeling,2020,LP,Verve Forecast Records,L1,Core,C3 New alt-country and honky-tonk bands,,Country folk,The South,"Hickman, KY",,drawl; storytelling; small-town; Southern gothic; spiritual or gospel,Space and Time; Old Time Feeling,Recommended,,,Inferred,High
A0094,Waxahatchee,Saint Cloud,2020,LP,Merge,L1,Core,C3 New alt-country and honky-tonk bands,,Crossover,The South,"Birmingham, AL",,pedal steel; drawl; storytelling; small-town; heartbreak,Fire; Lilacs; Can't Do Much,Essential,Y,Y,Both,High
A0095,Buck Meek,Two Saviors,2021,LP,Keeled Scales,L1,Core,C3 New alt-country and honky-tonk bands,,Alt-country,The Northeast,"Brooklyn, NY",,Telecaster twang; drawl; storytelling; harmonized guitars; breezy,Two Saviors; Second Sight,Recommended,,Y,Documented,High
A0096,Fust,Evil Joy,2021,LP,Self-released,L1,Core,C3 New alt-country and honky-tonk bands,,Alt-country,The Carolinas,"Durham, NC",,drawl; storytelling; small-town; lo-fi; heartbreak,The Last Days; Where the Good Ones Go; Evil Joy,Recommended,,Y,Documented,High
A0097,Florence Dore,Highways & Rocketships,2022,LP,Propeller Sound Recordings,L1,Core,C3 New alt-country and honky-tonk bands,,Alt-country,The Carolinas,"Chapel Hill, NC",,storytelling; close harmonies; drawl; heartbreak; small-town,Highways & Rocketships; Rebel Debutante; Thundercloud (Fucking With Your Heart),Deep cut,,,Inferred,High
A0098,Plains,I Walked with You a Ways,2022,Collab,Anti-,L1,Core,C3 New alt-country and honky-tonk bands,,Alt-country,Texas and Oklahoma,"Austin, TX / Kansas City, MO",,pedal steel; close harmonies; duets; drawl; storytelling,Problem With It; Abilene; Hurricane,Recommended,,Y,Documented,High
A0099,S.G. Goodman,Teeth Marks,2022,LP,Verve Forecast Records,L1,Core,C3 New alt-country and honky-tonk bands,,Country folk,The South,"Hickman, KY",,drawl; storytelling; bleak; small-town; Southern gothic,Space and Time; All My Love Is Coming Back to Me,Recommended,,,Both,High
A0100,Bella White,Among Other Things,2023,LP,Rounder Records,L1,Core,C3 New alt-country and honky-tonk bands,,Bluegrass,"The UK, Ireland and Canada","Calgary, Alberta",,fiddle; fingerpicked acoustic; drawl; storytelling; heartbreak,Rhododendron; The Way I Oughta Go; Among Other Things,Essential,,Y,Inferred,High
A0101,Blue County Pistol,Under Cold Country,2023,EP,Self-released,L1,Core,C3 New alt-country and honky-tonk bands,,Alt-country,Elsewhere,Unknown,,banjo; drawl; road songs; funny-sad; storytelling,"Like You Always Do; Honey, I Know",Deep cut,,,Inferred,High
A0102,Buck Meek,Haunted Mountain,2023,LP,4AD,L1,Core,C3 New alt-country and honky-tonk bands,,Alt-country,The Northeast,"Brooklyn, NY",,Telecaster twang; drawl; storytelling; harmonized guitars; breezy,Haunted Mountain; Cyclades,Essential,,Y,Documented,High
A0103,Fust,Genevieve,2023,LP,Dear Life Records,L1,Core,C3 New alt-country and honky-tonk bands,,Alt-country,The Carolinas,"Durham, NC",,drawl; storytelling; small-town; funny-sad; Southern gothic,Violent Jubilee; Trouble,Recommended,,Y,Documented,High
A0104,Jobi Riccio,Whiplash,2023,LP,Yep Roc,L1,Core,C3 New alt-country and honky-tonk bands,C5,Alt-country,The South,"Nashville, TN",,pedal steel; fiddle; close harmonies; heartbreak; storytelling,Whiplash; Driving; Sweet,Recommended,,,Inferred,Medium
A0105,Tobacco City,"Tobacco City, USA",2023,LP,Scissor Tail Records,L1,Core,C3 New alt-country and honky-tonk bands,,Cosmic country,Chicago and the Midwest,"Chicago, IL",,pedal steel; drawl; duets; hushed; drinking songs,Blue Raspberry; Never On My Mind; Half in the Bag,Recommended,,Y,Both,Medium
A0106,Tommy Prine,This Far South,2023,LP,Nameless Knight Records,L1,Core,C3 New alt-country and honky-tonk bands,C5,Country folk,The South,"Nashville, TN",,fingerpicked acoustic; storytelling; drawl; heartbreak; hushed,This Far South; Letter To My Brother; Boyhood,Recommended,,,Documented,High
A0107,Jesse Daniel,Countin' the Miles,2024,LP,Lightning Rod Records,L1,Core,C3 New alt-country and honky-tonk bands,,Honky-tonk,The West,"Santa Cruz, CA / Austin, TX",,Telecaster twang; pedal steel; drawl; drinking songs; storytelling,Countin' the Miles; That's My Kind of Country; Golden State Rambler,Recommended,,,Both,High
A0108,JP Harris,JP Harris Is a Trash Fire,2024,LP,Bloodshot Records,L1,Core,C3 New alt-country and honky-tonk bands,,Honky-tonk,The South,"Nashville, TN",,drawl; funny-sad; storytelling; deadpan; drinking songs,Old Fox; East Alabama; Dark Thoughts,Recommended,,,Documented,High
A0109,Lizzie No,Halfsies,2024,LP,Thirty Tigers / Miss Freedomland,L1,Core,C3 New alt-country and honky-tonk bands,C5,Alt-country,The Northeast,"New York, NY",,pedal steel; close harmonies; storytelling; heartbreak; Telecaster twang,Halfsies; Annie Oakley; Deadbeat,Recommended,,,Inferred,High
A0110,Waxahatchee,Tigers Blood,2024,LP,Anti-,L1,Core,C3 New alt-country and honky-tonk bands,,Crossover,The South,"Birmingham, AL",,pedal steel; drawl; storytelling; heartbreak; anthemic,Right Back to It; Bored; Much Ado About Nothing,Essential,,Y,Documented,High
A0111,Case Oats,Last Missouri Exit,2025,LP,Merge Records,L1,Core,C3 New alt-country and honky-tonk bands,,Alt-country,Chicago and the Midwest,"Chicago, IL",,pedal steel; fiddle; storytelling; drawl; small-town,Bitter Root Lake; Buick Door; Seventeen,Recommended,,,Inferred,High
A0112,Fust,Big Ugly,2025,LP,Dear Life Records,L1,Core,C3 New alt-country and honky-tonk bands,,Alt-country,The Carolinas,"Durham, NC",,drawl; storytelling; small-town; Southern gothic; funny-sad,Spangled; Mountain Language; Sister,Essential,,Y,Documented,High
A0113,Grace Rogers,Mad Dogs,2025,LP,Sophomore Lounge,L1,Core,C3 New alt-country and honky-tonk bands,,Alt-country,The South,"Louisville, KY",,drawl; storytelling; small-town; jangle; funny-sad,Tranquility; Mad Dogs; Downstream,Recommended,,Y,Both,High
A0114,Joshua Hedley,All Hat,2025,LP,New West Records,L1,Core,C3 New alt-country and honky-tonk bands,,Classic country,The South,"Nashville, TN",,pedal steel; fiddle; Telecaster twang; baritone; drawl,All Hat,Deep cut,,,Documented,High
A0115,Ken Pomeroy,Cruel Joke,2025,LP,Rounder Records,L1,Core,C3 New alt-country and honky-tonk bands,,Country folk,Texas and Oklahoma,"Tulsa, OK",,fingerpicked acoustic; storytelling; drawl; close harmonies; small-town,Wrango; Flannel Cowboy; Cicadas,Essential,,Y,Inferred,High
A0116,S.G. Goodman,Planting by the Signs,2025,LP,Slough Water Records,L1,Core,C3 New alt-country and honky-tonk bands,,Country folk,The South,"Hickman, KY",,drawl; storytelling; spiritual or gospel; small-town; Southern gothic,Planting by the Signs,Recommended,,,Both,High
A0117,Tobacco City,Horses,2025,LP,Scissor Tail Records,L1,Core,C3 New alt-country and honky-tonk bands,,Cosmic country,Chicago and the Midwest,"Chicago, IL",,pedal steel; drawl; duets; small-town; breezy,Autumn; Mr Wine; Bougainvillea,Essential,,Y,Both,High
A0118,Brennan Wedl,Brennan Wedl,2026,LP,Anti-,L1,Core,C3 New alt-country and honky-tonk bands,,Country rock,The South,"Nashville, TN",,pedal steel; drawl; anthemic; road songs; heartbreak,Fake Cowboy (album version); Two Dollar Pistol (album version); Scorpio (album version),Recommended,,,Inferred,High
A0119,Buck Meek,The Mirror,2026,LP,4AD,L1,Core,C3 New alt-country and honky-tonk bands,,Alt-country,The Northeast,"Brooklyn, NY",,Telecaster twang; synths; drawl; storytelling; breezy,Ring of Fire,Recommended,,Y,Documented,High
A0120,Emily Nenni,Movin' Shoes,2026,LP,New West Records,L1,Core,C3 New alt-country and honky-tonk bands,,Honky-tonk,The South,"Nashville, TN",,pedal steel; horns; drawl; heartbreak; drinking songs,Movin' Shoes; Honky Tonkin'; Home With My Dog,Recommended,,,Both,Medium
A0121,Kiely Connell,Calumet Queen,2026,LP,Self-released,L1,Core,C3 New alt-country and honky-tonk bands,,Alt-country,Chicago and the Midwest,"Nashville, TN",,drawl; storytelling; small-town; deadpan; hushed,Calumet Queen; Nobody's Business But Mine,Deep cut,,,Inferred,Medium
A0122,National Photo Committee,Red Hot Photo Committee,2026,LP,Ever/Never Records,L1,Core,C3 New alt-country and honky-tonk bands,,Alt-country,Chicago and the Midwest,"Chicago, IL",,pedal steel; rowdy; drawl; storytelling; anthemic,Foam The Field; Before The Feeling's Gone; Adelaide,Recommended,,Y,Inferred,High
A0123,Red PK,Horse Like Me,2026,LP,Self-released,L1,Core,C3 New alt-country and honky-tonk bands,,Alt-country,Chicago and the Midwest,"Chicago, IL",,pedal steel; banjo; drawl; storytelling; lo-fi,Get Down; Brother; Horse Like Me,Deep cut,,Y,Inferred,Medium
A0124,Tommy Goodroad,Goddammit,2026,LP,Self-released,L1,Core,C3 New alt-country and honky-tonk bands,,Honky-tonk,Chicago and the Midwest,"Chicago, IL",,pedal steel; fiddle; rowdy; drawl; road songs,Goddammit; Supermoto; Wisconsin,Recommended,,,Documented,High
A0125,Wednesday,How Do You Let Love Into the Heart That Isn't Split Wide Open,2018,EP,Sub-Fi,L1,Core,C4 Countrygaze and loud twang,,Lo-fi,The Carolinas,"Asheville, NC",Asheville,lo-fi; hushed; drawl; bleak; fingerpicked acoustic,How Do You Let Love Into the Heart That Isn't Split Wide Open,Deep cut,,Y,Documented,High
A0126,Wednesday,yep definitely,2018,LP,Self-released,L1,Core,C4 Countrygaze and loud twang,,Lo-fi,The Carolinas,"Asheville, NC",Asheville,lo-fi; noise wall; hushed; drawl; bleak,Dollywood; Winn-Dixie,Deep cut,,Y,Documented,High
A0127,Wednesday,Wednesday,2019,EP,Manic Static,L1,Core,C4 Countrygaze and loud twang,,Lo-fi,The Carolinas,"Asheville, NC",Asheville,lo-fi; noise wall; drawl; hushed; bleak,Photobooth; Poison Ivy,Deep cut,,Y,Documented,High
A0128,Wednesday,I Was Trying to Describe You to Someone,2020,LP,Orindal Records,L1,Core,C4 Countrygaze and loud twang,,Crossover,The Carolinas,"Asheville, NC",Asheville,noise wall; pedal steel; drawl; Southern gothic; feedback,Billboard; Fate Is...,Recommended,,Y,Documented,High
A0129,Big Vic,"Girl, Buried",2021,LP,Acrobat Unstable Records,L1,Core,C4 Countrygaze and loud twang,C1,Crossover,The Northeast,"Ann Arbor, MI",,noise wall; drawl; heartbreak; lo-fi; small-town,Kerrytown; Broken Car; Gun Girl,Deep cut,,,Inferred,Medium
A0130,Dutch Interior,Kindergarten,2021,LP,Self-released,L1,Core,C4 Countrygaze and loud twang,,Crossover,The West,"Los Angeles, CA",,noise wall; lo-fi; feedback; drawl; Crazy Horse fuzz,"Double Gloucester; Jesus in Black Jeans; Three Trips to the Store, One Drunk Yukon",Deep cut,,Y,Inferred,High
A0131,Hotline TNT,Nineteen in Love,2021,LP,Self-released,L1,Core,C4 Countrygaze and loud twang,C7,Shoegaze,The Northeast,"Brooklyn, NY (via Minneapolis)",,noise wall; feedback; jangle; breezy; cracked or yelping,Stampede; Slider,Recommended,,Y,Documented,High
A0132,Wednesday,Guttering,2021,EP,Super Enema,L1,Core,C4 Countrygaze and loud twang,C1,Lo-fi,The Carolinas,"Asheville, NC",Asheville,lo-fi; drawl; hushed; bleak; fingerpicked acoustic,Big Money; Terminex,Deep cut,,Y,Inferred,High
A0133,Wednesday,Twin Plagues,2021,LP,Orindal Records,L1,Core,C4 Countrygaze and loud twang,,Crossover,The Carolinas,"Asheville, NC",Asheville,noise wall; pedal steel; feedback; drawl; Southern gothic,Cliff; Handsome Man,Essential,,Y,Inferred,High
A0134,Wednesday,Wednesday on Audiotree Live,2021,Live,Audiotree,L1,Core,C4 Countrygaze and loud twang,,Crossover,The Carolinas,"Asheville, NC",Asheville,noise wall; live in the room; feedback; drawl; pedal steel,Cliff,Deep cut,,Y,Documented,Medium
A0135,Grave Saddles,2022 Tour Tape,2022,EP,Self-released,L1,Core,C4 Countrygaze and loud twang,,Crossover,The West,"Hemet, CA",,noise wall; Telecaster twang; drawl; road songs; lo-fi,Pell Mell; Myopia; Minnesota,Deep cut,,,Both,High
A0136,Wednesday,Mowing the Leaves Instead of Piling 'em Up,2022,Compilation,Orindal Records,L1,Core,C4 Countrygaze and loud twang,,Crossover,The Carolinas,"Asheville, NC",Asheville,noise wall; drawl; feedback; live in the room; jangle,I Am the Cosmos; Women Without Whiskey,Recommended,,Y,Documented,High
A0137,Dutch Interior,Blinded by Fame,2023,LP,Self-released,L1,Core,C4 Countrygaze and loud twang,,Crossover,The West,"Los Angeles, CA",,noise wall; lo-fi; feedback; drawl; storytelling,Be Intense; In Dodge; My Eyes Hurt Really Bad,Recommended,,Y,Both,High
A0138,Grave Saddles,There You Ain't,2023,EP,Really Rad Records,L1,Core,C4 Countrygaze and loud twang,,Crossover,The West,"Hemet, CA",,noise wall; Telecaster twang; drawl; funny-sad; small-town,Edible Arrangements; Pony Up; Willie Nelson Golfing Dream #3,Deep cut,,,Both,Medium
A0139,Noah Kesey,Guitar Music,2023,LP,Self-released,L1,Core,C4 Countrygaze and loud twang,C1,Shoegaze,Chicago and the Midwest,"Chicago, IL",,noise wall; feedback; drawl; synths; cosmic,Happy Son; Brightest Thing; Elephant,Deep cut,,,Inferred,Medium
A0140,Shallowater,There Is A Well,2023,LP,Rite Field Records,L1,Core,C4 Countrygaze and loud twang,,Crossover,Texas and Oklahoma,"Houston, TX (West Texas roots)",,noise wall; Telecaster twang; drawl; small-town; feedback,Birdshot; Laredo; There Is A Well,Recommended,,Y,Inferred,Medium
A0141,Wednesday,Rat Saw God,2023,LP,Dead Oceans,L1,Core,C4 Countrygaze and loud twang,,Crossover,The Carolinas,"Asheville, NC",Asheville,noise wall; pedal steel; Southern gothic; storytelling; feedback,Bull Believer; Chosen To Deserve; Turkey Vultures,Essential,Y,Y,Inferred,High
A0142,Dutch Interior,Moneyball,2025,LP,Fat Possum,L1,Core,C4 Countrygaze and loud twang,,Crossover,The West,"Los Angeles, CA",,noise wall; Crazy Horse fuzz; drawl; storytelling; small-town,Canada; Sandcastle Molds; Wood Knot,Essential,Y,Y,Both,High
A0143,Shallowater,God's Gonna Give You A Million Dollars,2025,LP,Sans Soleil Records,L1,Core,C4 Countrygaze and loud twang,,Crossover,Texas and Oklahoma,"Houston, TX (West Texas roots)",,noise wall; Telecaster twang; drawl; long songs (7+ minutes); bleak,Sadie; (Untitled) Cowboy; Ativan,Essential,,Y,Both,High
A0144,Wednesday,Bleeds,2025,LP,Dead Oceans,L1,Core,C4 Countrygaze and loud twang,,Crossover,The Carolinas,"Asheville, NC",Asheville,noise wall; pedal steel; Southern gothic; feedback; anthemic,Elderberry Wine; Pick Up That Knife,Essential,,Y,Documented,High
A0145,Squirrel Flower,Say a Prayer to the Gods of Getting Going,2026,LP,Polyvinyl,L1,Core,C4 Countrygaze and loud twang,,Shoegaze,Chicago and the Midwest,"Chicago, IL / Iowa",,noise wall; drawl; feedback; anthemic; storytelling,Cleveland; Wheels; Not Me,Deep cut,,,Inferred,Medium
A0146,Adrianne Lenker,Stages of the Sun,2006,LP,LucidTunes,L2,Core,C5 Twangy indie folk,,Indie folk,The Northeast,"Minneapolis, MN",,fingerpicked acoustic; hushed; heartbreak; lullaby; cracked or yelping,Stages of the Sun,Deep cut,,,Inferred,High
A0147,Adrianne Lenker,Hours Were the Birds,2014,LP,Self-released,L1,Core,C5 Twangy indie folk,,Indie folk,The Northeast,,,fingerpicked acoustic; hushed; heartbreak; cracked or yelping; storytelling,Lighthouse; Indiana,Recommended,,,Documented,High
A0148,Adrianne Lenker & Buck Meek,a-sides,2014,EP,Saddle Creek,L1,Core,C5 Twangy indie folk,C3,Country folk,The Northeast,,,fingerpicked acoustic; duets; close harmonies; hushed; heartbreak,Jonathan; Money,Deep cut,,,Documented,High
A0149,Adrianne Lenker & Buck Meek,b-sides,2014,EP,Saddle Creek,L1,Core,C5 Twangy indie folk,C3,Country folk,The Northeast,,,fingerpicked acoustic; duets; close harmonies; hushed; heartbreak,Carolina; New York City,Deep cut,,,Documented,High
A0150,Jess Williamson,Native State,2014,LP,Brutal Honest,L1,Core,C5 Twangy indie folk,C6,Indie folk,Texas and Oklahoma,"Austin, TX",,fingerpicked acoustic; drawl; hushed; storytelling; spiritual or gospel,Seventh Song,Deep cut,,Y,Documented,High
A0151,Joan Shelley,Electric Ursa,2014,LP,No Quarter,L1,Core,C5 Twangy indie folk,,Country folk,The South,"Louisville, KY",,fingerpicked acoustic; hushed; close harmonies; storytelling; spiritual or gospel,Electric Ursa,Deep cut,,,Documented,High
A0152,Saintseneca,Dark Arc,2014,LP,ANTI-,L1,Core,C5 Twangy indie folk,,Indie folk,Chicago and the Midwest,"Columbus, OH",Columbus,mandolin; banjo; storytelling; drawl,Uppercutter; Only the Good Stuff,Recommended,,,Documented,High
A0153,Erin Rae,Soon Enough,2015,LP,Self-released,L1,Core,C5 Twangy indie folk,,Country folk,The South,"Nashville, TN",,fingerpicked acoustic; drawl; storytelling; hushed; close harmonies,Seventh Song,Deep cut,,,Documented,High
A0154,Jessica Pratt,On Your Own Love Again,2015,LP,Drag City,L1,Core,C5 Twangy indie folk,,Indie folk,The West,"Los Angeles, CA",,hushed; fingerpicked acoustic; cracked or yelping; lo-fi; cosmic,"Back, Baby; Strange Melody",Recommended,,,Documented,High
A0155,Joan Shelley,Over and Even,2015,LP,No Quarter,L1,Core,C5 Twangy indie folk,,Country folk,The South,"Louisville, KY",,fingerpicked acoustic; hushed; close harmonies; storytelling; spiritual or gospel,Over and Even,Deep cut,,,Documented,High
A0156,Saintseneca,Such Things,2015,LP,ANTI-,L1,Core,C5 Twangy indie folk,,Indie folk,Chicago and the Midwest,"Columbus, OH",Columbus,mandolin; banjo; storytelling; drawl,Happy Alone; Blood Aura,Recommended,,,Documented,High
A0157,The Weather Station,Loyalty,2015,LP,Outside Music,L1,Core,C5 Twangy indie folk,,Indie folk,"The UK, Ireland and Canada","Toronto, Canada",,fingerpicked acoustic; storytelling; hushed; jangle; piano,"Way It Is, Way It Could Be; Floodplain",Recommended,,,Documented,High
A0158,Big Thief,Masterpiece,2016,LP,Saddle Creek,L1,Core,C5 Twangy indie folk,,Indie folk,The Northeast,"Brooklyn, NY",,fingerpicked acoustic; cracked or yelping; storytelling; hushed; heartbreak,Masterpiece; Real Love,Essential,,Y,Inferred,High
A0159,Billie Marten,Writing of Blues and Yellows,2016,LP,RCA,L1,Core,C5 Twangy indie folk,,Indie folk,"The UK, Ireland and Canada","Ripon, North Yorkshire, UK",,hushed; fingerpicked acoustic; close harmonies; lullaby; breezy,Bird; La Lune; Milk & Honey,Deep cut,,Y,Documented,High
A0160,Charlotte Cornfield,Future Snowbird,2016,LP,Consonant Records,L1,Core,C5 Twangy indie folk,,Indie folk,"The UK, Ireland and Canada",Canada,,storytelling; hushed; fingerpicked acoustic; drawl; breezy,Future Snowbird,Deep cut,,Y,Inferred,High
A0161,Julia Jacklin,Don't Let the Kids Win,2016,LP,Transgressive / Liberation / Polyvinyl,L1,Core,C5 Twangy indie folk,,Indie folk,Australia and New Zealand,"Melbourne, Australia",,storytelling; heartbreak; drawl; breezy; hushed,"Pool Party; Coming of Age; Same Airport, Different Man",Recommended,,Y,Inferred,High
A0162,Big Thief,Capacity,2017,LP,Saddle Creek,L1,Core,C5 Twangy indie folk,,Indie folk,The Northeast,"Brooklyn, NY",,fingerpicked acoustic; hushed; storytelling; heartbreak; cracked or yelping,Mythological Beauty; Shark Smile,Essential,,Y,Documented,High
A0163,Joan Shelley,Joan Shelley,2017,LP,No Quarter,L1,Core,C5 Twangy indie folk,,Country folk,The South,"Louisville, KY",,fingerpicked acoustic; hushed; close harmonies; storytelling; breezy,We'd Be Home; Wild Indifference,Recommended,,,Documented,High
A0164,Julia Lucille,Chthonic,2017,LP,Keeled Scales,L1,Core,C5 Twangy indie folk,,Indie folk,Texas and Oklahoma,"Austin, TX",,fingerpicked acoustic; hushed; lullaby; bleak; fingerpicked acoustic,Eternally; Darkening; Beneath the Spring,Deep cut,,,Inferred,High
A0165,Rachel Baiman,Shame,2017,LP,Free Dirt Records,L1,Core,C5 Twangy indie folk,,Country folk,The South,"Nashville, TN",,fiddle; banjo; drawl; political,Shame,Recommended,,,Both,High
A0166,Shannon Lay,Living Water,2017,LP,Mare Records,L1,Core,C5 Twangy indie folk,,Indie folk,The West,"Los Angeles, CA",,fingerpicked acoustic; hushed; lullaby; storytelling,Home,Recommended,,,Both,High
A0167,The Weather Station,The Weather Station,2017,LP,Outside Music,L1,Core,C5 Twangy indie folk,,Indie folk,"The UK, Ireland and Canada","Toronto, Canada",,fingerpicked acoustic; storytelling; hushed; jangle; piano,Thirty; Kept It All to Myself,Recommended,,,Documented,High
A0168,Will Stratton,Rosewood Almanac,2017,LP,Bella Union,L1,Core,C5 Twangy indie folk,,Indie folk,The Northeast,Upstate New York,,fingerpicked acoustic; hushed; strings; pedal steel; storytelling,Junco; Mountain Lion,Recommended,,Y,Inferred,High
A0169,Adrianne Lenker,abysskiss,2018,LP,Saddle Creek,L1,Core,C5 Twangy indie folk,,Indie folk,The Northeast,,,fingerpicked acoustic; hushed; lullaby; heartbreak; spiritual or gospel,symbol; cradle,Essential,,,Documented,High
A0170,Erin Rae,Putting On Airs,2018,LP,Single Lock Records,L1,Core,C5 Twangy indie folk,,Country folk,The South,"Nashville, TN",,fingerpicked acoustic; drawl; storytelling; close harmonies; spiritual or gospel,Bad Mind; Grand Scheme,Essential,,,Both,High
A0171,Haley Heynderickx,I Need to Start a Garden,2018,LP,Mama Bird Recording Co.,L1,Core,C5 Twangy indie folk,,Indie folk,The West,"Portland, OR",,fingerpicked acoustic; storytelling; hushed; small-town; spiritual or gospel,The Bug Collector; Oom Sha La La; Show You a Body,Essential,,,Both,High
A0172,Jessica Risker,I See You Among the Stars,2018,LP,Western Vinyl,L1,Core,C5 Twangy indie folk,,Indie folk,Chicago and the Midwest,"Chicago, IL",,fingerpicked acoustic; hushed; bleak; lo-fi; drawl,I See You Among the Stars; Zero Summer Mind; A Cooling Sun,Deep cut,,,Inferred,High
A0173,Joan Shelley,Rivers & Vessels,2018,LP,Self-released,L1,Core,C5 Twangy indie folk,,Country folk,The South,"Louisville, KY",,fingerpicked acoustic; hushed; storytelling; close harmonies; spiritual or gospel,Rivers & Vessels,Deep cut,,,Inferred,High
A0174,Saintseneca,Pillar of Na,2018,LP,ANTI-,L1,Core,C5 Twangy indie folk,,Indie folk,Chicago and the Midwest,"Columbus, OH",Columbus,mandolin; banjo; storytelling; drawl,Frostbiter; Ladder to the Sun,Recommended,,,Documented,High
A0175,Big Thief,Two Hands,2019,LP,4AD,L1,Core,C5 Twangy indie folk,,Folk rock,The Northeast,"Brooklyn, NY",,fingerpicked acoustic; live in the room; storytelling; heartbreak; drawl,Not; Forgotten Eyes,Essential,,Y,Documented,High
A0176,Big Thief,U.F.O.F.,2019,LP,4AD,L1,Core,C5 Twangy indie folk,,Indie folk,The Northeast,"Brooklyn, NY",,hushed; fingerpicked acoustic; cosmic; glacial; lullaby,UFOF; Cattails,Essential,,Y,Documented,High
A0177,Billie Marten,Feeding Seahorses by Hand,2019,LP,RCA,L1,Core,C5 Twangy indie folk,,Indie folk,"The UK, Ireland and Canada","Ripon, North Yorkshire, UK",,hushed; fingerpicked acoustic; close harmonies; breezy; lullaby,Betsy; Cartography,Deep cut,,Y,Documented,High
A0178,Charlotte Cornfield,The Shape of Your Name,2019,LP,Next Door Records,L1,Core,C5 Twangy indie folk,,Indie folk,"The UK, Ireland and Canada",Canada,,storytelling; hushed; fingerpicked acoustic; breezy; heartbreak,The Shape of Your Name,Deep cut,,Y,Documented,High
A0179,Erin Durant,Islands,2019,LP,Keeled Scales,L1,Core,C5 Twangy indie folk,,Indie folk,The South,"New Orleans, LA",,fingerpicked acoustic; piano; hushed; drawl; breezy,Rising Sun; Sand Dunes; Islands,Deep cut,,,Inferred,High
A0180,Jessica Pratt,Quiet Signs,2019,LP,Mexican Summer / City Slang,L1,Core,C5 Twangy indie folk,,Indie folk,The West,"Los Angeles, CA",,hushed; fingerpicked acoustic; piano; cosmic; breezy,Fare Thee Well; This Time Around,Recommended,,,Documented,High
A0181,Joan Shelley,Like the River Loves the Sea,2019,LP,No Quarter,L1,Core,C5 Twangy indie folk,,Country folk,The South,"Louisville, KY",,fingerpicked acoustic; hushed; close harmonies; storytelling; breezy,Like the River Loves the Sea,Recommended,,,Documented,High
A0182,Julia Jacklin,Crushing,2019,LP,Transgressive / Liberation / Polyvinyl,L1,Core,C5 Twangy indie folk,,Indie folk,Australia and New Zealand,"Melbourne, Australia",,storytelling; heartbreak; hushed; breezy; drawl,Body; Head Alone; Pressure to Party,Essential,,Y,Inferred,High
A0183,Ohtis,Curve of Earth,2019,LP,Full Time Hobby,L1,Core,C5 Twangy indie folk,C2,Country folk,Chicago and the Midwest,"Normal, IL",,drawl; storytelling; spiritual or gospel; pedal steel,Black Blood; Rehab; Runnin,Recommended,,,Inferred,High
A0184,Shannon Lay,August,2019,LP,Sub Pop,L1,Core,C5 Twangy indie folk,,Indie folk,The West,"Los Angeles, CA",,fingerpicked acoustic; hushed; strings; spiritual or gospel,Death Up Close; November,Recommended,,,Documented,High
A0185,Stella Donnelly,Beware of the Dogs,2019,LP,Secretly Canadian,L1,Core,C5 Twangy indie folk,,Indie folk,Australia and New Zealand,"Perth, Australia",,funny-sad; deadpan; jangle; storytelling,Old Man; Season's Greetings,Essential,,,Both,High
A0186,Tiny Ruins,Olympic Girls,2019,LP,Ba Da Bing!,L1,Core,C5 Twangy indie folk,,Indie folk,Australia and New Zealand,"Auckland, NZ",,fingerpicked acoustic; hushed; storytelling; jangle; close harmonies,Olympic Girls; How Much,Recommended,,Y,Both,High
A0187,Adrianne Lenker,instrumentals,2020,LP,4AD,L1,Core,C5 Twangy indie folk,,Indie folk,The Northeast,,,fingerpicked acoustic; hushed; glacial; lullaby; cosmic,music for indigo,Deep cut,,,Documented,High
A0188,Adrianne Lenker,songs,2020,LP,4AD,L1,Core,C5 Twangy indie folk,,Indie folk,The Northeast,,,fingerpicked acoustic; hushed; lullaby; heartbreak; bleak,anything; half return,Essential,,,Documented,High
A0189,Allegra Krieger,The Joys of Forgetting,2020,LP,Northern Spy Records,L1,Core,C5 Twangy indie folk,,Indie folk,The Northeast,"New York, NY",,hushed; fingerpicked acoustic; storytelling; bleak; drawl,The Joys of Forgetting,Deep cut,,,Documented,Medium
A0190,Bonny Light Horseman,Bonny Light Horseman,2020,LP,37d03d,L1,Core,C5 Twangy indie folk,,Country folk,The Northeast,"New York, NY",,close harmonies; fingerpicked acoustic; storytelling; spiritual or gospel; duets,Bonny Light Horseman; Deep in Love; The Roving,Essential,,,Documented,High
A0191,Courtney Marie Andrews,Old Flowers,2020,LP,Fat Possum,L1,Core,C5 Twangy indie folk,C6,Country folk,The West,"Phoenix, AZ",,pedal steel; heartbreak; close harmonies; hushed; storytelling,Guilty; Ships in the Night,Essential,,,Inferred,Medium
A0192,Natalie Jane Hill,Azalea,2020,LP,Dear Life Records,L1,Core,C5 Twangy indie folk,,Indie folk,The Carolinas,Western NC (via Texas),,fingerpicked acoustic; hushed; small-town; storytelling,Goldenrod; River Light,Recommended,,Y,Inferred,High
A0193,Rae Fitzgerald,Lonely Listener,2020,EP,Tell 'Em Tapes,L1,Core,C5 Twangy indie folk,,Indie folk,Texas and Oklahoma,"Austin, TX",,fingerpicked acoustic; hushed; lo-fi; drawl; lullaby,Lonely Listener; Sunset Moonrise; Smileland,Deep cut,,,Inferred,High
A0194,Adeline Hotel,Good Timing,2021,LP,Ruination Record Co.,L1,Core,C5 Twangy indie folk,,Indie folk,The Northeast,"Brooklyn, NY",,fingerpicked acoustic; hushed; breezy; lo-fi; funny-sad,Photographic Memory; Good Timing; Blueberry Fingers,Deep cut,,,Inferred,High
A0195,Billie Marten,Flora Fauna,2021,LP,Fiction,L1,Core,C5 Twangy indie folk,,Indie folk,"The UK, Ireland and Canada","Ripon, North Yorkshire, UK",,fingerpicked acoustic; close harmonies; breezy; hushed; anthemic,Garden of Eden; Human Replacement; Creature of Mine,Recommended,,Y,Documented,High
A0196,Charlotte Cornfield,Highs in the Minuses,2021,LP,Polyvinyl Record Company / Double Double Whammy,L1,Core,C5 Twangy indie folk,,Indie folk,"The UK, Ireland and Canada",Canada,,storytelling; hushed; fingerpicked acoustic; breezy; small-town,Highs in the Minuses,Deep cut,,Y,Inferred,High
A0197,Hand Habits,Fun House,2021,LP,Saddle Creek,L1,Core,C5 Twangy indie folk,,Indie folk,The West,"Los Angeles, CA",,fingerpicked acoustic; hushed; close harmonies; storytelling; synths,Aquamarine; Clean Air; More Than Love,Recommended,,Y,Documented,High
A0198,Karima Walker,Waking the Dreaming Body,2021,LP,Keeled Scales / Orindal Records,L1,Core,C5 Twangy indie folk,C8,Indie folk,The West,"Tucson, AZ",,synths; fingerpicked acoustic; hushed; drawl; cosmic,Reconstellated; Waking the Dreaming Body; Window I,Deep cut,,,Documented,High
A0199,Katy Kirby,Cool Dry Place,2021,LP,Keeled Scales,L1,Core,C5 Twangy indie folk,,Indie folk,Texas and Oklahoma,"Nashville, TN (via Austin)",,fingerpicked acoustic; close harmonies; storytelling; hushed; breezy,Cubic Zirconia; Peppermint; Traffic!,Essential,,,Documented,High
A0200,Le Ren,Leftovers,2021,LP,Secretly Canadian,L1,Core,C5 Twangy indie folk,,Indie folk,"The UK, Ireland and Canada","Montreal, Canada",,hushed; fingerpicked acoustic; storytelling; close harmonies,Dyan; Willow,Recommended,,,Inferred,High
A0201,Macie Stewart,Mouth Full of Glass,2021,LP,Orindal Records,L1,Core,C5 Twangy indie folk,,Indie folk,Chicago and the Midwest,"Chicago, IL",,piano; fingerpicked acoustic; hushed; strings; bleak,Finally; Garter Snake; Where We Live,Deep cut,,,Inferred,High
A0202,Maple Glider,To Enjoy Is the Only Thing,2021,LP,Partisan Records,L1,Core,C5 Twangy indie folk,,Indie folk,Australia and New Zealand,"Melbourne, Australia",,hushed; fingerpicked acoustic; storytelling; close harmonies,Swimming; Good Thing,Recommended,,,Documented,High
A0203,Mega Bog,"Life, and Another",2021,LP,Paradise of Bachelors,L1,Core,C5 Twangy indie folk,C8,Indie folk,The West,"Seattle, WA",,synths; hushed; cosmic; fingerpicked acoustic; storytelling,Flower; Station to Station; Maybe You Died,Deep cut,,,Documented,High
A0204,Natalie Jane Hill,Solely,2021,LP,Dear Life Records,L1,Core,C5 Twangy indie folk,,Indie folk,The Carolinas,Western NC (via Texas),,fingerpicked acoustic; hushed; storytelling; pedal steel,Euphoria; Little Teeth,Recommended,,Y,Inferred,High
A0205,Rachel Baiman,Cycles,2021,LP,Signature Sounds Recordings,L1,Core,C5 Twangy indie folk,,Country folk,The South,"Nashville, TN",,fiddle; storytelling; banjo; political,Cycles,Recommended,,,Documented,High
A0206,Renée Reed,Renée Reed,2021,LP,Keeled Scales,L1,Core,C5 Twangy indie folk,,Indie folk,The South,"Lafayette, LA",,fingerpicked acoustic; hushed; lullaby; drawl; fingerpicked acoustic,Out Loud; Until Tomorrow; Où est la fée,Deep cut,,,Both,High
A0207,villagerrr,Come Down,2021,LP,Self-released,L1,Core,C5 Twangy indie folk,,Lo-fi,Chicago and the Midwest,"Columbus, OH",Columbus,lo-fi; hushed; small-town; fingerpicked acoustic; drawl,stickss; river,Deep cut,,Y,Documented,Medium
A0208,The Weather Station,Ignorance,2021,LP,Fat Possum,L1,Core,C5 Twangy indie folk,,Indie folk,"The UK, Ireland and Canada","Toronto, Canada",,fingerpicked acoustic; storytelling; hushed; jangle; piano,Robber; Tried to Tell You,Essential,,,Documented,High
A0209,Will Stratton,The Changing Wilderness,2021,LP,Bella Union,L1,Core,C5 Twangy indie folk,,Indie folk,The Northeast,Upstate New York,,fingerpicked acoustic; strings; hushed; storytelling; spiritual or gospel,The Changing Wilderness,Recommended,,Y,Inferred,High
A0210,Big Thief,Dragon New Warm Mountain I Believe in You,2022,LP,4AD,L1,Core,C5 Twangy indie folk,,Indie folk,The Northeast,"Brooklyn, NY",,fingerpicked acoustic; banjo; storytelling; breezy; cosmic,Change; Little Things; Certainty,Essential,Y,Y,Inferred,High
A0211,Bonny Light Horseman,Rolling Golden Holy,2022,LP,37d03d,L1,Core,C5 Twangy indie folk,,Country folk,The Northeast,"New York, NY",,close harmonies; fingerpicked acoustic; storytelling; spiritual or gospel; duets,Someone to Weep for Me; Gone by Fall,Recommended,,,Documented,Medium
A0212,Charlie Reed,Eddy,2022,LP,Earth Libraries,L1,Core,C5 Twangy indie folk,,Indie folk,Chicago and the Midwest,"Chicago, IL",,pedal steel; strings; hushed; drawl; bleak,Your Hair Is Nice; Don't Drop Me; Helpless,Deep cut,,,Documented,High
A0213,Field Medic,grow your hair long if you're wanting to see something that you can change,2022,LP,Run For Cover Records,L1,Core,C5 Twangy indie folk,,Lo-fi,The West,"Los Angeles, CA (via San Francisco)",,pedal steel; lo-fi; drum machine; hushed; storytelling,i had a dream that you died; always emptiness; stained glass,Recommended,,,Documented,High
A0214,Georgia Harmer,Stay in Touch,2022,LP,Arts & Crafts,L1,Core,C5 Twangy indie folk,,Country folk,"The UK, Ireland and Canada","Toronto, Ontario",,fingerpicked acoustic; drawl; storytelling; breezy; small-town,Austin; Homes; Strongest Person,Recommended,,,Documented,High
A0215,Jo Schornikow,ALTAR,2022,LP,Keeled Scales,L1,Core,C5 Twangy indie folk,C8,Indie folk,The West,"Los Angeles, CA",,piano; hushed; cracked or yelping; bleak; anthemic,Lose Yr Love; Spiders; Altar,Deep cut,,,Inferred,High
A0216,Joan Shelley,The Spur,2022,LP,No Quarter,L1,Core,C5 Twangy indie folk,,Country folk,The South,"Louisville, KY",,fingerpicked acoustic; hushed; close harmonies; storytelling; duets,The Spur,Recommended,,,Documented,High
A0217,Julia Jacklin,Pre Pleasure,2022,LP,Transgressive / Liberation / Polyvinyl,L1,Core,C5 Twangy indie folk,,Indie folk,Australia and New Zealand,"Melbourne, Australia",,storytelling; hushed; breezy; Telecaster twang; heartbreak,Lydia Wears a Cross; Be Careful with Yourself; Ignore Tenderness,Essential,,Y,Inferred,High
A0218,Marina Allen,Centrifics,2022,LP,Fire Records,L1,Core,C5 Twangy indie folk,,Indie folk,The West,"Los Angeles, CA",,hushed; storytelling; strings; spiritual or gospel,Celadon; Superreality,Recommended,,,Inferred,High
A0219,Renata Zeiguer,Picnic in the Dark,2022,LP,Northern Spy,L1,Core,C5 Twangy indie folk,,Indie folk,The Northeast,"Brooklyn, NY",,hushed; strings; synths; storytelling,Sunset Boulevard; Mark the Date,Deep cut,,,Inferred,High
A0220,Sadurn,Radiator,2022,LP,Run For Cover Records,L1,Core,C5 Twangy indie folk,,Indie folk,Philadelphia,"Philadelphia, PA",Philadelphia DIY,fingerpicked acoustic; close harmonies; hushed; storytelling,snake; golden arm; special power,Recommended,,,Both,High
A0221,Stella Donnelly,Flood,2022,LP,Metropolitan Groove Merchants,L1,Core,C5 Twangy indie folk,,Indie folk,Australia and New Zealand,"Perth, Australia",,jangle; funny-sad; hushed; storytelling,Lungs; How Was Your Day?,Recommended,,,Documented,High
A0222,Tenci,"A Swollen River, A Well Overflowing",2022,LP,Keeled Scales,L1,Core,C5 Twangy indie folk,,Indie folk,Chicago and the Midwest,"Chicago, IL",Chicago twang and DIY,fingerpicked acoustic; cracked or yelping; hushed; storytelling; bleak,A Swollen River; Casper,Recommended,,,Documented,High
A0223,TOLEDO,How It Ends,2022,LP,Grand Jury Music,L1,Core,C5 Twangy indie folk,C1,Indie folk,The Northeast,"Brooklyn, NY",,close harmonies; jangle; hushed; storytelling,Soda Can; How It Ends,Recommended,,,Inferred,High
A0224,villagerrr,brain pain,2022,LP,Self-released,L1,Core,C5 Twangy indie folk,,Lo-fi,Chicago and the Midwest,"Columbus, OH",Columbus,lo-fi; hushed; small-town; fingerpicked acoustic; drawl,brain pain; Amarillo,Deep cut,,Y,Documented,High
A0225,villagerrr,Like Leaves,2022,LP,Self-released,L1,Core,C5 Twangy indie folk,,Indie folk,Chicago and the Midwest,"Columbus, OH",Columbus,small-town; fingerpicked acoustic; drawl; hushed; breezy,Alone; Like Leaves; Honky Tonk Romance,Recommended,,Y,Documented,High
A0226,villagerrr,OHIOAN,2022,LP,Self-released,L1,Core,C5 Twangy indie folk,,Indie folk,Chicago and the Midwest,"Columbus, OH",Columbus,small-town; Midwestern; drawl; fingerpicked acoustic; lo-fi,OHIOAN; Field Day,Recommended,,Y,Documented,High
A0227,villagerrr,Something or Somewhere Else,2022,EP,Self-released,L1,Core,C5 Twangy indie folk,,Lo-fi,Chicago and the Midwest,"Columbus, OH",Columbus,lo-fi; hushed; small-town; fingerpicked acoustic; drawl,Smoke; Anna,Deep cut,,Y,Documented,High
A0228,The Weather Station,How Is It That I Should Look at the Stars,2022,LP,Next Door Records,L1,Core,C5 Twangy indie folk,,Indie folk,"The UK, Ireland and Canada","Toronto, Canada",,fingerpicked acoustic; storytelling; hushed; jangle; piano,Endless Time; To Talk About,Recommended,,,Documented,High
A0229,Abbey Blackwell,My Maze,2023,LP,Self-released,L1,Core,C5 Twangy indie folk,,Indie folk,The West,"Seattle, WA",,fingerpicked acoustic; hushed; storytelling; close harmonies; breezy,The Thief; My Maze; Fire,Deep cut,,Y,Inferred,Medium
A0230,Allegra Krieger,I Keep My Feet on the Fragile Plane,2023,LP,Double Double Whammy,L1,Core,C5 Twangy indie folk,,Indie folk,The Northeast,"New York, NY",,hushed; fingerpicked acoustic; pedal steel; storytelling; bleak,I Keep My Feet on the Fragile Plane,Essential,,,Inferred,High
A0231,Billie Marten,Drop Cherries,2023,LP,Fiction,L1,Core,C5 Twangy indie folk,,Indie folk,"The UK, Ireland and Canada","Ripon, North Yorkshire, UK",,fingerpicked acoustic; close harmonies; breezy; hushed; lullaby,Willow; God Above,Recommended,,Y,Inferred,High
A0232,Charlie Hill,Chuck Pond,2023,LP,Self-released,L1,Core,C5 Twangy indie folk,C6,Country folk,The South,"Nashville, TN",,pedal steel; drawl; road songs; heartbreak; breezy,Dive In; L.A. Fever; Richmond V.A.,Recommended,,,Inferred,High
A0233,Charlotte Cornfield,Could Have Done Anything,2023,LP,Next Door Records,L1,Core,C5 Twangy indie folk,,Indie folk,"The UK, Ireland and Canada",Canada,,storytelling; hushed; fingerpicked acoustic; breezy; heartbreak,You and Me,Recommended,,Y,Inferred,High
A0234,Dean Johnson,"Nothing for Me, Please",2023,LP,Mama Bird Recording Co.,L1,Core,C5 Twangy indie folk,C3,Country folk,The West,"Seattle, WA",,pedal steel; baritone; storytelling; drinking songs; hushed,Annabelle Goodbye,Recommended,,,Inferred,Medium
A0235,Field Medic,light is gone 2,2023,LP,Run For Cover Records,L1,Core,C5 Twangy indie folk,,Lo-fi,The West,"Los Angeles, CA (via San Francisco)",,lo-fi; drum machine; synths; storytelling; deadpan,they all seem so happy; TSION; mass market paperback,Recommended,,,Documented,High
A0236,Fran,Leaving,2023,LP,Fire Talk Records,L1,Core,C5 Twangy indie folk,,Indie folk,Chicago and the Midwest,"Chicago, IL",Chicago twang and DIY,fingerpicked acoustic; hushed; storytelling; breezy; spiritual or gospel,Limousine; Winter; How Did I,Recommended,,,Inferred,High
A0237,Free Range,Practice,2023,LP,Self-released,L1,Core,C5 Twangy indie folk,,Indie folk,Chicago and the Midwest,"Chicago, IL",Chicago twang and DIY,fingerpicked acoustic; hushed; storytelling; small-town; breezy,Want To Know; On Occasion; Traveling Show,Recommended,,,Inferred,High
A0238,Greg Mendez,Greg Mendez,2023,LP,Self-released,L1,Core,C5 Twangy indie folk,,Lo-fi,Philadelphia,"Philadelphia, PA",Philadelphia DIY,lo-fi; hushed; fingerpicked acoustic; bleak; drawl,Maria; Shark's Mouth; Best Behavior,Recommended,,,Documented,High
A0239,Hazel City,Old Friend,2023,LP,Self-released,L1,Core,C5 Twangy indie folk,,Indie folk,Chicago and the Midwest,"Gary, Indiana",,fingerpicked acoustic; hushed; close harmonies; small-town; lo-fi,Rain; Sailor; Becca,Deep cut,,Y,Inferred,Medium
A0240,Helena Deland,Goodnight Summerland,2023,LP,Luminelle Recordings,L1,Core,C5 Twangy indie folk,,Indie folk,"The UK, Ireland and Canada","Montreal, Quebec",,fingerpicked acoustic; hushed; storytelling; breezy; cracked or yelping,Sirens; Someone New,Deep cut,,,Inferred,Medium
A0241,Jana Horn,The Window Is The Dream,2023,LP,No Quarter,L1,Core,C5 Twangy indie folk,,Indie folk,Texas and Oklahoma,"Austin, Texas",,fingerpicked acoustic; hushed; storytelling; duets; breezy,The Dream; Days Go By; Leaving Him,Recommended,,Y,Both,High
A0242,Kara Jackson,Why Does the Earth Give Us People to Love?,2023,LP,September,L1,Core,C5 Twangy indie folk,,Indie folk,Chicago and the Midwest,"Oak Park, IL",Chicago twang and DIY,fingerpicked acoustic; storytelling; long songs (7+ minutes); hushed; funny-sad,therapy; brain; why does the earth give us people to love?,Essential,,,Documented,High
A0243,Kassi Valazza,Kassi Valazza Knows Nothing,2023,LP,Fluff and Gravy Records,L1,Core,C5 Twangy indie folk,,Country folk,The West,"Portland, OR",,pedal steel; drawl; storytelling; hushed; cosmic,Watching Planes Go By; Room In The City,Recommended,,,Inferred,High
A0244,Mali Velasquez,I'm Green,2023,LP,Acrophase Records,L1,Core,C5 Twangy indie folk,,Indie folk,The Northeast,"New York, NY",,hushed; fingerpicked acoustic; heartbreak; drawl; breezy,Bobby; Decider; Clovers,Recommended,,,Inferred,High
A0245,Maple Glider,I Get into Trouble,2023,LP,Partisan Records,L1,Core,C5 Twangy indie folk,,Indie folk,Australia and New Zealand,"Melbourne, Australia",,hushed; storytelling; close harmonies; heartbreak,Don't Kiss Me; Dinah,Recommended,,,Documented,High
A0246,Rachel Baiman,Common Nation of Sorrow,2023,LP,Signature Sounds Recordings,L1,Core,C5 Twangy indie folk,,Country folk,The South,"Nashville, TN",,fiddle; political; drawl; storytelling,Common Nation of Sorrow,Recommended,,,Documented,High
A0247,Sunny War,Anarchist Gospel,2023,LP,New West Records,L1,Core,C5 Twangy indie folk,,Country folk,The West,"Los Angeles, CA",,fingerpicked acoustic; drawl; spiritual or gospel; pedal steel; deadpan,Swear to Gawd; His Love; Whole,Essential,,,Both,High
A0248,Tiny Ruins,Ceremony,2023,LP,Milk! Records,L1,Core,C5 Twangy indie folk,,Indie folk,Australia and New Zealand,"Auckland, NZ",,fingerpicked acoustic; hushed; storytelling; strings; pedal steel,Dorothy Bay; Dogs Dreaming,Recommended,,Y,Documented,High
A0249,Abbey Blackwell,Big Big Motion,2024,LP,Self-released,L1,Core,C5 Twangy indie folk,,Indie folk,The West,"Seattle, WA",,fingerpicked acoustic; hushed; storytelling; breezy; close harmonies,Wind Watching; Big Motion; River or a Road,Deep cut,,Y,Inferred,Medium
A0250,Adrianne Lenker,Bright Future,2024,LP,4AD,L1,Core,C5 Twangy indie folk,,Indie folk,The Northeast,,,fingerpicked acoustic; hushed; close harmonies; fiddle; spiritual or gospel,Vampire Empire; Sadness as a Gift; Real House,Essential,,,Inferred,High
A0251,Adrianne Lenker,i won't let go of your hand,2024,EP,Self-released,L1,Core,C5 Twangy indie folk,,Indie folk,The Northeast,,,fingerpicked acoustic; hushed; political; spiritual or gospel; heartbreak,i won't let go of your hand; feel it all,Deep cut,,,Inferred,High
A0252,Annie Williams,Visitor,2024,LP,YK Records,L1,Core,C5 Twangy indie folk,C2,Country folk,The South,"Nashville, TN",,fingerpicked acoustic; deadpan; funny-sad; storytelling; hushed,Getting Old; Lover Like You,Deep cut,,,Inferred,High
A0253,Ben Seretan,Allora,2024,LP,Tiny Engines,L1,Core,C5 Twangy indie folk,,Indie folk,The Northeast,"New York, NY",,harmonized guitars; long solos; shouted; cosmic; spiritual or gospel,Bend; New Air,Deep cut,,,Inferred,Medium
A0254,Blue Ranger,Close Your Eyes,2024,LP,Ruination Record Co.,L1,Core,C5 Twangy indie folk,,Indie folk,The Northeast,"New York, NY",,strings; hushed; fingerpicked acoustic; breezy; bleak,Close Your Eyes; Step Line; Holy Roof,Deep cut,,,Inferred,High
A0255,Bonny Light Horseman,Keep Me on Your Mind/See You Free,2024,LP,37d03d,L1,Core,C5 Twangy indie folk,,Country folk,The Northeast,"New York, NY",,close harmonies; fingerpicked acoustic; storytelling; duets; spiritual or gospel,Keep Me on Your Mind; See You Free,Essential,,,Documented,Medium
A0256,Haley Heynderickx,Seed of a Seed,2024,LP,Mama Bird Recording Co.,L1,Core,C5 Twangy indie folk,,Indie folk,The West,"Portland, OR",,fingerpicked acoustic; storytelling; hushed; small-town; spiritual or gospel,Gemstone; Foxglove; Sorry Fahey,Recommended,,,Documented,Medium
A0257,Hannah Frances,Keeper of the Shepherd,2024,LP,Ruination Record Co.,L1,Core,C5 Twangy indie folk,,Indie folk,Chicago and the Midwest,"Chicago, IL",Chicago twang and DIY,fingerpicked acoustic; storytelling; strings; horns; long songs (7+ minutes),Bronwyn; Floodplain; Vacant Intimacies,Essential,,,Inferred,High
A0258,Itasca,Imitation of War,2024,LP,Paradise of Bachelors,L1,Core,C5 Twangy indie folk,V8,Indie folk,The West,"Los Angeles, CA",,fingerpicked acoustic; hushed; drawl; cosmic; breezy,Imitation of War,Recommended,,,Inferred,High
A0259,Jackie West,Close To The Mystery,2024,LP,Ruination Record Co.,L1,Core,C5 Twangy indie folk,,Indie folk,The Northeast,"Brooklyn, NY",,fingerpicked acoustic; hushed; strings; breezy; storytelling,End of the World; Dreamscape; Snow Amplified,Deep cut,,,Documented,High
A0260,Jess Cornelius,CARE/TAKING,2024,LP,Tender Loving Empire,L1,Core,C5 Twangy indie folk,,Indie folk,The West,"Los Angeles, CA",,fingerpicked acoustic; hushed; storytelling; breezy; heartbreak,Back to the Mainland; People Move On; Desire,Deep cut,,,Both,High
A0261,Jessica Pratt,Here in the Pitch,2024,LP,Mexican Summer,L1,Core,C5 Twangy indie folk,,Indie folk,The West,"Los Angeles, CA",,hushed; fingerpicked acoustic; cosmic; breezy; storytelling,Life Is; World on a String,Essential,,,Documented,High
A0262,Katy Kirby,Blue Raspberry,2024,LP,ANTI-,L1,Core,C5 Twangy indie folk,,Indie folk,Texas and Oklahoma,"Nashville, TN (via Austin)",,fingerpicked acoustic; close harmonies; storytelling; hushed; heartbreak,Blue Raspberry; Wanting Radiates the Glow,Recommended,,,Documented,Medium
A0263,Lamplight,Lamplight,2024,LP,Western Vinyl,L1,Core,C5 Twangy indie folk,,Indie folk,The Northeast,"Brooklyn, NY",,fingerpicked acoustic; breezy; funny-sad; storytelling; hushed,Play; Call Your Mom; Honey,Recommended,,,Inferred,High
A0264,Lily Seabird,Alas,2024,LP,Lame-O Records,L1,Core,C5 Twangy indie folk,C4,Indie folk,"Burlington, Vermont",Burlington,"Burlington, Vermont",cracked or yelping; hushed; fingerpicked acoustic; storytelling,Take it; Grace; The end of the beginning,Essential,,Y,Documented,High
A0265,Lindsay Reamer,Natural Science,2024,LP,Dear Life Records,L1,Core,C5 Twangy indie folk,,Indie folk,Philadelphia,"Philadelphia, PA",Philadelphia DIY,fingerpicked acoustic; storytelling; small-town; funny-sad; breezy,Spring Song; Sugar; Figs and Peaches,Recommended,,,Inferred,High
A0266,Luke Temple,Certain Limitations,2024,LP,Western Vinyl,L1,Core,C5 Twangy indie folk,,Indie folk,The West,"Los Angeles, CA",,hushed; fingerpicked acoustic; storytelling; piano,Certain Limitations,Deep cut,,,Documented,High
A0267,Lutalo,The Academy,2024,LP,Winspear,L1,Core,C5 Twangy indie folk,C4,Indie folk,"Burlington, Vermont","Burlington, VT","Burlington, Vermont",fingerpicked acoustic; hushed; storytelling; drum machine,Summit Hill; Big Brother,Recommended,,,Inferred,High
A0268,Margaux,Inside the Marble,2024,LP,Massif Records,L1,Core,C5 Twangy indie folk,C1,Indie folk,The Northeast,"Brooklyn, NY",,hushed; storytelling; cosmic; breezy,DNA; Ships,Recommended,,,Inferred,High
A0269,Sheepskin,Pirate Ship Playground,2024,LP,We Be Friends Records,L1,Core,C5 Twangy indie folk,,Indie folk,"Burlington, Vermont","Burlington, VT","Burlington, Vermont",close harmonies; duets; fingerpicked acoustic; hushed; breezy,River Song; Saint Catherine; Lighthouse,Deep cut,,,Inferred,High
A0270,Sima Cunningham,High Roller,2024,LP,Ruination Record Co.,L1,Core,C5 Twangy indie folk,,Indie folk,Chicago and the Midwest,"Chicago, IL",Chicago twang and DIY,piano; hushed; storytelling; heartbreak; strings,High Roller; Your Bones; Adonai,Deep cut,,,Documented,High
A0271,Tara Jane O'Neil,The Cool Cloud of Okayness,2024,LP,Orindal Records,L1,Core,C5 Twangy indie folk,,Indie folk,The West,"Los Angeles, CA",,fingerpicked acoustic; hushed; drawl; lo-fi,The Cool Cloud of Okayness,Deep cut,,,Documented,High
A0272,villagerrr,Tear Your Heart Out,2024,LP,Darling Recordings,L1,Core,C5 Twangy indie folk,,Indie folk,Chicago and the Midwest,"Columbus, OH",Columbus,small-town; Midwestern; close harmonies; fingerpicked acoustic; breezy,Neverrr Everrr; Tear Your Heart Out; Barn Burnerrr,Essential,Y,Y,Both,High
A0273,Wildflower,Green World,2024,LP,Antiquated Future Records,L1,Core,C5 Twangy indie folk,,Indie folk,The Northeast,"Portland, ME",,pedal steel; fingerpicked acoustic; breezy; road songs; cosmic,Seabirds; Green World; Walking Weather,Recommended,,,Inferred,High
A0274,Aïda Mekonnen Caby,Mais Uma,2025,LP,Mtn Laurel Recording Co.,L1,Core,C5 Twangy indie folk,,Indie folk,Elsewhere,"Brittany, France",,synths; hushed; breezy; close harmonies; cosmic,The Glow; Grace,Deep cut,,,Inferred,Medium
A0275,Big Thief,Double Infinity,2025,LP,4AD,L1,Core,C5 Twangy indie folk,,Indie folk,The Northeast,"Brooklyn, NY",,synths; cosmic; breezy; hushed; spiritual or gospel,Los Angeles; Grandmother,Recommended,,Y,Documented,High
A0276,Billie Marten,Dog Eared,2025,LP,Fiction,L1,Core,C5 Twangy indie folk,,Indie folk,"The UK, Ireland and Canada","Ripon, North Yorkshire, UK",,Telecaster twang; close harmonies; fingerpicked acoustic; anthemic; breezy,Dog Eared,Essential,,Y,Inferred,High
A0277,Carmen Perry,Eyes Like a Mirror,2025,LP,Mtn Laurel Recording Co.,L1,Core,C5 Twangy indie folk,,Indie folk,Philadelphia,"Philadelphia, PA",Philadelphia DIY,fingerpicked acoustic; hushed; storytelling; drawl; heartbreak,Glimmer; Benjamin; Heart Hurts a Bit,Recommended,,,Documented,High
A0278,Daughter of Swords,Alex,2025,LP,Psychic Hotline,L1,Core,C5 Twangy indie folk,C7,Indie folk,The Carolinas,"Durham, NC",,fingerpicked acoustic; hushed; funny-sad; breezy; storytelling,Money Hits; Strange,Recommended,,,Both,High
A0279,Dead Gowns,"It's Summer, I Love You, and I'm Surrounded by Snow",2025,LP,Mtn Laurel Recording Co.,L1,Core,C5 Twangy indie folk,,Indie folk,The Northeast,"Portland, Maine",,cracked or yelping; hushed; storytelling; fingerpicked acoustic; heartbreak,Wet Dog; Brother; Bad Habit,Recommended,,Y,Both,High
A0280,Emily Hines,These Days,2025,LP,Keeled Scales,L1,Core,C5 Twangy indie folk,,Indie folk,Texas and Oklahoma,"Austin, TX",Austin,fingerpicked acoustic; drawl; hushed; storytelling; small-town,Cowgirl Suit; Cold Case; Cedar on the River,Recommended,,,Documented,High
A0281,Erin Durant,Firetrail,2025,LP,Ruination Record Co.,L1,Core,C5 Twangy indie folk,,Indie folk,The South,"New Orleans, LA",,fingerpicked acoustic; piano; heartbreak; breezy; hushed,Greening; Castle Rock; Firetrail,Deep cut,,,Documented,High
A0282,Field Medic,surrender instead,2025,LP,Run For Cover Records,L1,Core,C5 Twangy indie folk,,Lo-fi,The West,"Los Angeles, CA (via San Francisco)",,lo-fi; drum machine; storytelling; deadpan; bleak,tricks & illusions; castle peaks; coffee in the morning,Recommended,,,Documented,High
A0283,Folk Bitch Trio,Now Would Be A Good Time,2025,LP,Jagjaguwar,L1,Core,C5 Twangy indie folk,,Indie folk,Australia and New Zealand,"Melbourne, Australia",,close harmonies; storytelling; funny-sad; hushed; fingerpicked acoustic,Cathode Ray; The Actor; Hotel TV,Essential,,Y,Both,High
A0284,Free Range,Lost & Found,2025,LP,Self-released,L1,Core,C5 Twangy indie folk,,Indie folk,Chicago and the Midwest,"Chicago, IL",Chicago twang and DIY,fingerpicked acoustic; hushed; storytelling; breezy; small-town,Lost & Found; Big Star; Tilt,Recommended,,,Inferred,High
A0285,Haley Heynderickx & Max García Conover,What of Our Nature,2025,Collab,Fat Possum Records,L1,Core,C5 Twangy indie folk,,Country folk,The West,"Portland, OR / New York",,fingerpicked acoustic; storytelling; spiritual or gospel; political; hushed,Among Horses III,Deep cut,,Y,Documented,High
A0286,Hand Habits,Blue Reminder,2025,LP,Fat Possum Records,L1,Core,C5 Twangy indie folk,,Indie folk,The West,"Los Angeles, CA",,fingerpicked acoustic; harmonized guitars; hushed; storytelling; breezy,Blue Reminder; Bluebird of Happiness; Nubble,Recommended,,Y,Inferred,High
A0287,Hannah Frances,Nested in Tangles,2025,LP,Fire Talk,L1,Core,C5 Twangy indie folk,,Indie folk,Chicago and the Midwest,"Chicago, IL",Chicago twang and DIY,fingerpicked acoustic; storytelling; strings; horns; long songs (7+ minutes),Nested in Tangles; Life's Work; The Space Between,Essential,,,Documented,High
A0288,Jessica Risker,Calendar Year,2025,LP,Island House Recordings,L1,Core,C5 Twangy indie folk,,Indie folk,Chicago and the Midwest,"Chicago, IL",,fingerpicked acoustic; hushed; storytelling; cosmic; breezy,Camera Obscura; City Hours; Diamonds in the Snow,Recommended,,,Inferred,High
A0289,Joan Shelley,Real Warmth,2025,LP,No Quarter,L1,Core,C5 Twangy indie folk,,Country folk,The South,"Louisville, KY",,fingerpicked acoustic; hushed; close harmonies; storytelling; spiritual or gospel,Real Warmth,Recommended,,,Documented,High
A0290,Kassi Valazza,From Newman Street,2025,LP,Fluff and Gravy Records,L1,Core,C5 Twangy indie folk,,Country folk,The West,"Portland, OR",,pedal steel; drawl; storytelling; hushed; cosmic,Better Highways; Birds Fly; From Newman Street,Essential,,,Inferred,High
A0291,klark sound,This Is Music,2025,LP,Self-released,L1,Core,C5 Twangy indie folk,,Indie folk,The Northeast,"New York, NY",,fingerpicked acoustic; hushed; storytelling; breezy; funny-sad,Three of Fates; In The Body; Heavy,Deep cut,,,Inferred,High
A0292,Lily Seabird,Trash Mountain,2025,LP,Lame-O Records,L1,Core,C5 Twangy indie folk,C4,Indie folk,"Burlington, Vermont",Burlington,"Burlington, Vermont",cracked or yelping; storytelling; fingerpicked acoustic; anthemic,Trash Mountain (1pm); Albany,Recommended,,Y,Documented,High
A0293,Lucky Cloud,Foreground,2025,LP,Ruination Record Co.,L1,Core,C5 Twangy indie folk,C7,Indie folk,Chicago and the Midwest,"Chicago, IL",,pedal steel; piano; hushed; breezy; jangle,Undertow; The Birds,Deep cut,,,Both,Medium
A0294,Mae Powell,Making Room for the Light,2025,LP,Colemine Records,L1,Core,C5 Twangy indie folk,,Indie folk,The West,Bay Area,,close harmonies; piano; hushed; strings,Making Room for the Light,Recommended,,Y,Inferred,High
A0295,Saintseneca,Highwalllow & Supermoon Songs,2025,LP,Lame-O Records,L1,Core,C5 Twangy indie folk,,Indie folk,Chicago and the Midwest,"Columbus, OH",Columbus,mandolin; banjo; storytelling; drawl,Infinity Leaf Clover,Essential,,,Documented,High
A0296,Sam Moss,Swimming,2025,LP,Self-released,L1,Core,C5 Twangy indie folk,,Indie folk,The South,Virginia (formerly New England),,fingerpicked acoustic; drawl; hushed; storytelling,Swimming; Moonbeams,Deep cut,,,Inferred,High
A0297,Shoulderbird,Neighbors,2025,LP,Public House Records,L1,Core,C5 Twangy indie folk,,Indie folk,Chicago and the Midwest,"Chicago, IL",,fingerpicked acoustic; hushed; small-town; storytelling; drawl,Rocket; Pitch; Tall Grass,Deep cut,,,Inferred,High
A0298,Sleeper's Bell,Clover,2025,LP,Self-released,L1,Core,C5 Twangy indie folk,,Indie folk,Chicago and the Midwest,Chicago,,fingerpicked acoustic; hushed; jangle; small-town,Clover; Road Song,Deep cut,,Y,Inferred,Medium
A0299,Stella Donnelly,Love and Fortune,2025,LP,Dot Dash Recordings,L1,Core,C5 Twangy indie folk,,Indie folk,Australia and New Zealand,"Perth, Australia",,hushed; funny-sad; storytelling; jangle,Feel It Change; Year of Trouble,Recommended,,,Documented,High
A0300,Sunny War,Armageddon in a Summer Dress,2025,LP,New West Records,L1,Core,C5 Twangy indie folk,,Country folk,The West,"Los Angeles, CA",,drawl; fingerpicked acoustic; slide guitar; spiritual or gospel; road songs,One Way Train; Ghosts,Recommended,,,Documented,High
A0301,Uwade,Florilegium,2025,LP,Thirty Tigers,L1,Core,C5 Twangy indie folk,,Indie folk,The Carolinas,North Carolina,,close harmonies; hushed; storytelling; piano,The Place In The Sky; Harmattan,Recommended,,Y,Both,High
A0302,The Weather Station,Humanhood,2025,LP,Fat Possum,L1,Core,C5 Twangy indie folk,,Indie folk,"The UK, Ireland and Canada","Toronto, Canada",,fingerpicked acoustic; storytelling; hushed; jangle; piano,Neon Signs; Body Moves,Essential,,,Documented,High
A0303,Weirs,Diamond Grove,2025,LP,Dear Life Records,L1,Core,C5 Twangy indie folk,V8,Country folk,The Carolinas,"Durham/Brunswick County, VA area, NC",,fiddle; banjo; drawl; lo-fi; storytelling,Lord Bateman; I Want to Die Easy; Edward,Deep cut,,,Both,High
A0304,Will Lawrence,Rooftops in the Centerfold,2025,LP,Triangle House / Sophomore Lounge,L1,Core,C5 Twangy indie folk,,Indie folk,The Northeast,"Philmont, NY",,fingerpicked acoustic; hushed; storytelling; drawl; small-town,Yellow Moon; Rooftops in the Centerfold; True Love Don't Disappear,Deep cut,,,Inferred,High
A0305,Will Stratton,Points of Origin,2025,LP,Bella Union,L1,Core,C5 Twangy indie folk,,Indie folk,The Northeast,Upstate New York,,fingerpicked acoustic; strings; hushed; storytelling; banjo,I Found You,Recommended,,Y,Inferred,High
A0306,Abbey Blackwell,Dream a Day,2026,LP,Self-released,L1,Core,C5 Twangy indie folk,,Indie folk,The West,"Seattle, WA",,fingerpicked acoustic; hushed; storytelling; close harmonies; breezy,Light in the Day; Salish Sea; Echo,Recommended,,Y,Inferred,High
A0307,Dagmar Zuniga,in filth your mystery is kingdom / far smile peasant in yellow music,2026,LP,Self-released (originally uploaded Jan 2026 via People's Coalition of Tandy; reissued 2026 by AD 93),L1,Core,C5 Twangy indie folk,,Lo-fi,Elsewhere,"Mexico City, Mexico",,lo-fi; hushed; synths; drawl; lullaby,In Filth Your Mystery Is Kingdom; Even God Gets Stuck In Devotion; To Live Happily,Deep cut,,,Inferred,High
A0308,Ellie O'Neill,Time of Fallow,2026,LP,St. Itch,L1,Core,C5 Twangy indie folk,,Indie folk,"The UK, Ireland and Canada","Meath, Ireland",,fingerpicked acoustic; hushed; close harmonies; storytelling; spiritual or gospel,Half Immune; Bohemia,Deep cut,,,Inferred,Medium
A0309,Gawshock,Leaves to the Sun,2026,LP,Patchwork Label,L1,Core,C5 Twangy indie folk,,Indie folk,The South,"Huntsville, AL",,fingerpicked acoustic; hushed; drawl; small-town; breezy,Brighter Hue; Leaves to the Sun,Deep cut,,,Inferred,High
A0310,Hazel City,goblynmarkytt,2026,LP,Self-released,L1,Core,C5 Twangy indie folk,,Indie folk,Chicago and the Midwest,"Gary, Indiana",,fingerpicked acoustic; close harmonies; hushed; small-town; lullaby,Bat; Fifteen; Snow II,Recommended,,Y,Inferred,High
A0311,Jana Horn,Jana Horn,2026,LP,No Quarter,L1,Core,C5 Twangy indie folk,,Indie folk,Texas and Oklahoma,"Austin, Texas",,fingerpicked acoustic; hushed; storytelling; breezy; lullaby,"Go on, move your body; Don't think; Love",Recommended,,Y,Inferred,High
A0312,Lily Seabird,Lightspheres on Their Way,2026,LP,Lame-O Records,L1,Core,C5 Twangy indie folk,C4,Indie folk,"Burlington, Vermont",Burlington,"Burlington, Vermont",cracked or yelping; long solos; hushed; storytelling,The Pulley; Bindlestiff,Recommended,,Y,Documented,High
A0313,Natalie Jane Hill,Hopeful Woman,2026,LP,Dear Life Records,L1,Core,C5 Twangy indie folk,,Cosmic country,The Carolinas,Western NC (via Texas),,pedal steel; fiddle; fingerpicked acoustic; hushed; storytelling,Never Left Me; Blue is the Color of My Sun,Essential,,Y,Inferred,High
A0314,Nixon Boyd,Every Time We Turn A Corner,2026,LP,Royal Mountain Records,L1,Core,C5 Twangy indie folk,,Indie folk,Elsewhere,,,slide guitar; hushed; fingerpicked acoustic; storytelling,Every Time We Turn A Corner; Blindfolded,Deep cut,,,Both,High
A0315,Pearla,Song Room,2026,LP,Self-released,L1,Core,C5 Twangy indie folk,,Indie folk,Philadelphia,"Philadelphia, PA",,hushed; piano; storytelling; breezy,Good Dog; Sky Is White,Deep cut,,,Inferred,High
A0316,Ruby of Thanks,Before You Turn Into a Dog,2026,LP,Self-released,L1,Core,C5 Twangy indie folk,C7,Lo-fi,The Northeast,"Kingston, NY",Woodsist and Brooklyn,fingerpicked acoustic; lo-fi; live in the room; small-town; hushed,Chapstick; Spicebush Grove,Deep cut,,,Inferred,Medium
A0317,Shannon Lay,Past the Veil,2026,LP,All the Best,L1,Core,C5 Twangy indie folk,,Indie folk,The West,"Los Angeles, CA",,pedal steel; piano; synths; fingerpicked acoustic,Past the Veil,Recommended,,,Inferred,High
A0318,Spencer Hoffman,Cherry Picker,2026,LP,Anxiety Blanket Records,L1,Core,C5 Twangy indie folk,,Indie folk,The West,"Los Angeles, CA",,hushed; piano; breezy; storytelling,Cherry Picker,Deep cut,,,Inferred,Medium
A0319,Star Moles,Highway to Hell,2026,LP,Self-released,L1,Core,C5 Twangy indie folk,,Indie folk,Philadelphia,Philadelphia (via New Hampshire),,lo-fi; fingerpicked acoustic; funny-sad; drawl,The End; Real Magic,Deep cut,,Y,Inferred,Medium
A0320,Trinity Ace,Learning to Be a Cowboy on the Horse That Broke My Arm,2026,EP,Community Music,L1,Core,C5 Twangy indie folk,,Indie folk,The West,Bay Area,,fingerpicked acoustic; drawl; storytelling; hushed,Pierce; Martyr,Deep cut,,Y,Inferred,Medium
A0321,villagerrr,Carousel,2026,LP,Self-released,L1,Core,C5 Twangy indie folk,,Indie folk,Chicago and the Midwest,"Columbus, OH",Columbus,Midwestern; close harmonies; banjo; cosmic; breezy,Virginia; Locket; Roadstar,Recommended,,Y,Inferred,High
A0322,Howlin Rain,Howlin Rain,2006,LP,Birdman Records,L2,Core,C6 Cosmic country and the '70s revival,,Southern rock,The West,"Oakland, CA",,Crazy Horse fuzz; long solos; shouted; rowdy; cosmic,Death Prayer in Heaven's Orchard; Calling Lightning with a Scythe,Recommended,,,Both,High
A0323,Woods,At Rear House,2007,LP,Woodsist,L2,Core,C6 Cosmic country and the '70s revival,V11,Lo-fi,The Northeast,"Brooklyn, NY",Woodsist and Brooklyn,lo-fi; fingerpicked acoustic; drawl; short songs (under 2 minutes); hushed,Bone Sick,Deep cut,,,Documented,Medium
A0324,Howlin Rain,Magnificent Fiend,2008,LP,American Recordings,L2,Core,C6 Cosmic country and the '70s revival,,Cosmic country,The West,"Oakland, CA",,long solos; Crazy Horse fuzz; harmonized guitars; cosmic; anthemic,Dancers at the End of Time; Riverboat,Recommended,,,Both,Medium
A0325,The War on Drugs,Wagonwheel Blues,2008,LP,Secretly Canadian,L2,Core,C6 Cosmic country and the '70s revival,,Cosmic country,Philadelphia,"Philadelphia, PA",,Telecaster twang; hushed; long songs (7+ minutes); cosmic; breezy,Buenos Aires Beach; Arms Like Boulders,Recommended,,Y,Both,Medium
A0326,Woods,Woods Family Creeps,2008,LP,Woodsist,L2,Core,C6 Cosmic country and the '70s revival,V11,Lo-fi,The Northeast,"Brooklyn, NY",Woodsist and Brooklyn,lo-fi; fingerpicked acoustic; noise wall; drawl; short songs (under 2 minutes),Rain On,Deep cut,,,Documented,Medium
A0327,Farmer Dave Scher,Flash Forward to the Good Times,2009,LP,Kemado Records,L2,Core,C6 Cosmic country and the '70s revival,V4,Cosmic country,The West,"Ventura, CA",,pedal steel; harmonized guitars; breezy; cosmic; fingerpicked acoustic,Flash Forward to the Good Times,Deep cut,,,Documented,Medium
A0328,Woods,Songs of Shame,2009,LP,Woodsist,L2,Core,C6 Cosmic country and the '70s revival,,Cosmic country,The Northeast,"Brooklyn, NY",Woodsist and Brooklyn,fingerpicked acoustic; lo-fi; cracked or yelping; breezy; harmonized guitars,To Clean; Rain On,Essential,,,Both,High
A0329,Woods,At Echo Lake,2010,LP,Woodsist,L2,Core,C6 Cosmic country and the '70s revival,,Cosmic country,The Northeast,"Brooklyn, NY",Woodsist and Brooklyn,fingerpicked acoustic; lo-fi; breezy; harmonized guitars; cosmic,Suffering Season; From the Horn,Recommended,,,Inferred,High
A0330,Cass McCombs,Humor Risk,2011,LP,Domino,L2,Core,C6 Cosmic country and the '70s revival,V4,Cosmic country,The West,"Bay Area, CA / itinerant",,deadpan; drawl; storytelling; funny-sad; breezy,The Living Word; To Every Man His Chimera,Deep cut,,,Both,Medium
A0331,Jonathan Wilson,Gentle Spirit,2011,LP,Bella Union,L2,Core,C6 Cosmic country and the '70s revival,,Cosmic country,The West,"Los Angeles, CA",Laurel Canyon,pedal steel; harmonized guitars; long solos; cosmic; breezy,Desert Raven; Can We Really Party Today?,Essential,,,Inferred,Medium
A0332,The War on Drugs,Slave Ambient,2011,LP,Secretly Canadian,L2,Core,C6 Cosmic country and the '70s revival,,Cosmic country,Philadelphia,"Philadelphia, PA",,synths; drum machine; long songs (7+ minutes); cosmic; hushed,Baby Missiles; Come to the City,Recommended,,Y,Inferred,Medium
A0333,Woods,Sun and Shade,2011,LP,Woodsist,L2,Core,C6 Cosmic country and the '70s revival,,Cosmic country,The Northeast,"Brooklyn, NY",Woodsist and Brooklyn,long solos; harmonized guitars; breezy; cosmic; fingerpicked acoustic,Pushing Onlys; Out of the Eye,Recommended,,,Documented,High
A0334,Beachwood Sparks,The Tarnished Gold,2012,LP,Sub Pop,L2,Core,C6 Cosmic country and the '70s revival,V4,Cosmic country,The West,"Los Angeles, CA",,pedal steel; harmonized guitars; cosmic; breezy; drawl,Forget the Song; Tarnished Gold,Recommended,,,Both,Medium
A0335,Chris Cohen,Overgrown Path,2012,LP,Captured Tracks,L2,Core,C6 Cosmic country and the '70s revival,,Cosmic country,The West,"Los Angeles, CA",,hushed; fingerpicked acoustic; cosmic; breezy; deadpan,Heart Beats; Rollercoaster Rider,Recommended,,,Inferred,High
A0336,Howlin Rain,The Russian Wilds,2012,LP,American Recordings,L2,Core,C6 Cosmic country and the '70s revival,,Cosmic country,The West,"Oakland, CA",,long solos; Crazy Horse fuzz; harmonized guitars; cosmic; anthemic,Self Made Man; Phantom in the Valley,Deep cut,,,Inferred,Medium
A0337,Woods,Bend Beyond,2012,LP,Woodsist,L2,Core,C6 Cosmic country and the '70s revival,,Cosmic country,The Northeast,"Brooklyn, NY",Woodsist and Brooklyn,harmonized guitars; long solos; cosmic; breezy; anthemic,Bend Beyond; Cali in a Cup,Essential,,,Documented,High
A0338,Cass McCombs,Big Wheel and Others,2013,LP,Domino,L2,Core,C6 Cosmic country and the '70s revival,V4,Cosmic country,The West,"Bay Area, CA / itinerant",,storytelling; drawl; breezy; road songs; long solos,Big Wheel; Brighter!,Recommended,,,Documented,Medium
A0339,Chris Forsyth & the Solar Motel Band,Solar Motel,2013,LP,Paradise of Bachelors,L2,Core,C6 Cosmic country and the '70s revival,V8,Cosmic country,Philadelphia,"Philadelphia, PA",,long solos; harmonized guitars; long songs (7+ minutes); cosmic; feedback,Solar Motel Pt. 1,Recommended,,,Documented,Medium
A0340,Jonathan Wilson,Fanfare,2013,LP,Bella Union,L2,Core,C6 Cosmic country and the '70s revival,,Cosmic country,The West,"Los Angeles, CA",Laurel Canyon,pedal steel; long solos; harmonized guitars; cosmic; strings,Dear Friend; Fazon,Recommended,,,Inferred,Medium
A0341,Kevin Morby,Harlem River,2013,LP,Woodsist,L2,Core,C6 Cosmic country and the '70s revival,V4,Cosmic country,Chicago and the Midwest,"Kansas City, MO",,drawl; fingerpicked acoustic; long songs (7+ minutes); hushed; cosmic,"Harlem River; Miles, Miles, Miles",Recommended,,Y,Both,High
A0342,Steve Gunn,Time Off,2013,LP,Paradise of Bachelors,L2,Core,C6 Cosmic country and the '70s revival,V8,Cosmic country,Philadelphia,"Philadelphia, PA / Brooklyn, NY",,fingerpicked acoustic; long solos; drawl; hushed; road songs,Water Wheel; Lurker,Recommended,,,Documented,Medium
A0343,Amen Dunes,Love,2014,LP,Sacred Bones,L1,Core,C6 Cosmic country and the '70s revival,,Cosmic country,The Northeast,"New York, NY",,hushed; cosmic; breezy; fingerpicked acoustic; drawl,Lonely Richard; Splits Are Parted,Recommended,,,Inferred,High
A0344,Chris Forsyth & the Solar Motel Band,Intensity Ghost,2014,LP,No Quarter,L1,Core,C6 Cosmic country and the '70s revival,,Cosmic country,Philadelphia,"Philadelphia, PA",,long solos; harmonized guitars; long songs (7+ minutes); cosmic; feedback,The Ballad of Freer Hollow; Yellow Square,Recommended,,,Both,High
A0345,Hiss Golden Messenger,Lateness of Dancers,2014,LP,Merge,L1,Core,C6 Cosmic country and the '70s revival,V4,Cosmic country,The Carolinas,"Durham, NC",Durham and Chapel Hill,pedal steel; drawl; spiritual or gospel; breezy; fingerpicked acoustic,"Lord, Help The Poor and Needy; Southern Grammar",Essential,Y,Y,Both,High
A0346,Kevin Morby,Still Life,2014,LP,Woodsist,L1,Core,C6 Cosmic country and the '70s revival,,Cosmic country,Chicago and the Midwest,"Kansas City, MO",,Telecaster twang; drawl; storytelling; breezy; road songs,All of My Life; Amen,Recommended,,Y,Documented,High
A0347,Steve Gunn,Way Out Weather,2014,LP,Paradise of Bachelors,L1,Core,C6 Cosmic country and the '70s revival,,Cosmic country,Philadelphia,"Philadelphia, PA / Brooklyn, NY",,Telecaster twang; long solos; drawl; breezy; road songs,Way Out Weather; Milly's Garden,Essential,,,Documented,Medium
A0348,The War on Drugs,Lost in the Dream,2014,LP,Secretly Canadian,L1,Core,C6 Cosmic country and the '70s revival,,Cosmic country,Philadelphia,"Philadelphia, PA",,synths; Telecaster twang; long songs (7+ minutes); cosmic; anthemic,Red Eyes; Under the Pressure,Essential,Y,Y,Inferred,Medium
A0349,Woods,With Light and With Love,2014,LP,Woodsist,L1,Core,C6 Cosmic country and the '70s revival,,Cosmic country,The Northeast,"Brooklyn, NY",Woodsist and Brooklyn,long solos; Crazy Horse fuzz; harmonized guitars; breezy; cosmic,With Light and With Love; Shepherd,Recommended,,,Documented,Medium
A0350,Howlin Rain,Mansion Songs,2015,LP,Silver Current Records,L1,Core,C6 Cosmic country and the '70s revival,,Cosmic country,The West,"Oakland, CA",,long solos; harmonized guitars; cosmic; breezy; anthemic,Meet Me in the Wind; Wild Bush Congregation,Deep cut,,,Inferred,Medium
A0351,Promised Land Sound,For Use and Delight,2015,LP,Paradise of Bachelors,L1,Core,C6 Cosmic country and the '70s revival,,Cosmic country,The South,"Nashville, TN",,long solos; harmonized guitars; cosmic; drawl; Telecaster twang,Push and Pull (All the Time); Golden Child; Otherworldly Pleasures,Deep cut,,,Both,High
A0352,Ryley Walker,Primrose Green,2015,LP,Dead Oceans,L1,Core,C6 Cosmic country and the '70s revival,V5,Cosmic country,Chicago and the Midwest,"Chicago, IL",Chicago twang and DIY,fingerpicked acoustic; long solos; cosmic; harmonized guitars; breezy,Primrose Green; Griffiths Bucks Blues,Essential,,,Inferred,Medium
A0353,Arbor Labor Union,I Hear You,2016,LP,Sub Pop,L1,Core,C6 Cosmic country and the '70s revival,X14,Cosmic country,The South,"Athens, GA",,Crazy Horse fuzz; long solos; shouted; noise wall; rowdy,Coming Down,Recommended,,Y,Inferred,Medium
A0354,Cass McCombs,Mangy Love,2016,LP,ANTI-,L1,Core,C6 Cosmic country and the '70s revival,,Cosmic country,The West,California (itinerant),,breezy; harmonized guitars; deadpan; hushed; long solos,Bum Bum Bum; Cry,Recommended,,,Both,High
A0355,Chris Cohen,As If Apart,2016,LP,Captured Tracks,L1,Core,C6 Cosmic country and the '70s revival,,Cosmic country,The West,"Los Angeles, CA",,hushed; cosmic; breezy; fingerpicked acoustic; drawl,As If Apart; Torrey Pine,Deep cut,,,Inferred,High
A0356,Cory Hanson,The Unborn Capitalist from Limbo,2016,LP,Drag City,L1,Core,C6 Cosmic country and the '70s revival,,Cosmic country,The West,"Los Angeles, CA",,pedal steel; fingerpicked acoustic; cosmic; hushed; strings,The Unborn Capitalist from Limbo; Replica; Ordinary People,Deep cut,,,Inferred,High
A0357,Hiss Golden Messenger,Heart Like a Levee,2016,LP,Merge,L1,Core,C6 Cosmic country and the '70s revival,,Cosmic country,The Carolinas,"Durham, NC",Durham and Chapel Hill,pedal steel; drawl; storytelling; breezy; close harmonies,Biloxi; Like a Mirror Loves a Hammer,Essential,,Y,Inferred,High
A0358,Jess Williamson,Heart Song,2016,LP,Brutal Honest,L1,Core,C6 Cosmic country and the '70s revival,C5,Cosmic country,Texas and Oklahoma,"Austin, TX",,fingerpicked acoustic; drawl; hushed; heartbreak; spiritual or gospel,Heart Song; White Bed,Deep cut,,Y,Documented,High
A0359,Kevin Morby,Singing Saw,2016,LP,Dead Oceans,L1,Core,C6 Cosmic country and the '70s revival,,Cosmic country,Chicago and the Midwest,"Kansas City, MO",,pedal steel; strings; storytelling; breezy; cosmic,Singing Saw; I Have Been to the Mountain,Essential,,Y,Both,High
A0360,Ryley Walker,Golden Sings That Have Been Sung,2016,LP,Dead Oceans,L1,Core,C6 Cosmic country and the '70s revival,V5,Cosmic country,Chicago and the Midwest,"Chicago, IL",Chicago twang and DIY,fingerpicked acoustic; harmonized guitars; cosmic; breezy; hushed,The Halfwit in Me; Roundabout,Recommended,,,Documented,Medium
A0361,Sam Evian,Premium,2016,LP,Saddle Creek,L1,Core,C6 Cosmic country and the '70s revival,C5,Indie folk,The Northeast,"Brooklyn, NY / Catskills, NY",,fingerpicked acoustic; hushed; breezy; lo-fi; heartbreak,Sleep Easy; Carolina,Deep cut,,,Documented,High
A0362,Steve Gunn,Eyes on the Lines,2016,LP,Matador,L1,Core,C6 Cosmic country and the '70s revival,,Cosmic country,Philadelphia,"Philadelphia, PA / Brooklyn, NY",,Telecaster twang; long solos; road songs; storytelling; breezy,Ancient Jules; Conditions Wild,Recommended,,,Documented,Medium
A0363,Whitney,Light Upon the Lake,2016,LP,Secretly Canadian,L1,Core,C6 Cosmic country and the '70s revival,C7,Country rock,Chicago and the Midwest,"Chicago, IL",,horns; fingerpicked acoustic; breezy; close harmonies; drawl,No Woman; Golden Days,Essential,,,Documented,High
A0364,Woods,City Sun Eater in the River of Light,2016,LP,Woodsist,L1,Core,C6 Cosmic country and the '70s revival,,Cosmic country,The Northeast,"Brooklyn, NY",Woodsist and Brooklyn,horns; long solos; breezy; cosmic; harmonized guitars,Sun City Creeps; Politics of Free,Recommended,,,Documented,Medium
A0365,Bonny Doon,Bonny Doon,2017,LP,Salinas Records,L1,Core,C6 Cosmic country and the '70s revival,C7,Country folk,Chicago and the Midwest,"Detroit, MI",,hushed; fingerpicked acoustic; drawl; close harmonies; breezy,Hospital Bed; Falling Out,Deep cut,,Y,Documented,High
A0366,Hiss Golden Messenger,Hallelujah Anyhow,2017,LP,Merge,L1,Core,C6 Cosmic country and the '70s revival,,Cosmic country,The Carolinas,"Durham, NC",Durham and Chapel Hill,pedal steel; spiritual or gospel; breezy; harmonized guitars; drawl,Jenny of the Roses; When the Wall Comes Down,Recommended,,Y,Inferred,High
A0367,Kacy & Clayton,The Siren's Song,2017,LP,New West Records,L1,Core,C6 Cosmic country and the '70s revival,V6,Country folk,"The UK, Ireland and Canada","Glentworth, Saskatchewan",,fingerpicked acoustic; close harmonies; drawl; storytelling; fiddle,The Light of Day; Rio Grande,Recommended,,,Both,Medium
A0368,Kevin Morby,City Music,2017,LP,Dead Oceans,L1,Core,C6 Cosmic country and the '70s revival,,Cosmic country,Chicago and the Midwest,"Kansas City, MO",,Telecaster twang; storytelling; small-town; road songs; breezy,City Music; Come to Me Now,Recommended,,Y,Both,High
A0369,Mapache,Mapache,2017,LP,Spiritual Pajamas,L1,Core,C6 Cosmic country and the '70s revival,,Cosmic country,The West,"Los Angeles, CA",,fingerpicked acoustic; close harmonies; breezy; harmonized guitars; cosmic,Mountain Song; In the Morning Light,Essential,,,Inferred,High
A0370,twain,Rare Feeling,2017,LP,Keeled Scales,L1,Core,C6 Cosmic country and the '70s revival,C5,Cosmic country,The South,"Asheville, NC",,fingerpicked acoustic; cosmic; drawl; hushed; breezy,Solar Pilgrim; Black Chair; Good Old Friend (for Charlie),Recommended,,,Inferred,High
A0371,The War on Drugs,A Deeper Understanding,2017,LP,Atlantic,L1,Core,C6 Cosmic country and the '70s revival,,Cosmic country,Philadelphia,"Philadelphia, PA",,synths; polished; long songs (7+ minutes); anthemic; cosmic,Pain; Thinking of a Place,Recommended,,Y,Documented,Medium
A0372,Wild Pink,Wild Pink,2017,LP,Tiny Engines,L1,Core,C6 Cosmic country and the '70s revival,C1,Crossover,The Northeast,"New York, NY",,Telecaster twang; synths; breezy; storytelling; small-town,Great Apes; Lake Erie,Deep cut,,,Documented,Medium
A0373,Woods,Love Is Love,2017,LP,Woodsist,L1,Core,C6 Cosmic country and the '70s revival,,Cosmic country,The Northeast,"Brooklyn, NY",Woodsist and Brooklyn,political; hushed; breezy; fingerpicked acoustic; drawl,Love Is Love; I See in the Dark,Deep cut,,,Documented,Medium
A0374,Amen Dunes,Freedom,2018,LP,Sacred Bones,L1,Core,C6 Cosmic country and the '70s revival,,Cosmic country,The Northeast,"New York, NY",,cosmic; breezy; hushed; synths; drawl,Miki Dora; Believe,Recommended,,,Inferred,High
A0375,Cut Worms,Hollow Ground,2018,LP,Jagjaguwar,L1,Core,C6 Cosmic country and the '70s revival,,Country folk,The Northeast,"Brooklyn, NY",,fingerpicked acoustic; harmonized guitars; drawl; breezy; jangle,Cash for Gold; All Away,Recommended,,Y,Inferred,High
A0376,The Dead Tongues,Unsung Passage,2018,LP,Psychic Hotline,L1,Core,C6 Cosmic country and the '70s revival,V1,Cosmic country,The Carolinas,"Asheville, NC",Asheville,banjo; harmonica; storytelling; breezy; hushed,Won't Be Long; Ebb and Flow,Recommended,,,Documented,Medium
A0377,Howlin Rain,The Alligator Bride,2018,LP,Silver Current Records,L1,Core,C6 Cosmic country and the '70s revival,,Cosmic country,The West,"Oakland, CA",,long solos; harmonized guitars; cosmic; anthemic; Crazy Horse fuzz,Rainbow Trout; The Wild Boys,Deep cut,,,Inferred,Medium
A0378,Jess Williamson,Cosmic Wink,2018,LP,Mexican Summer,L1,Core,C6 Cosmic country and the '70s revival,,Cosmic country,Texas and Oklahoma,"Austin, TX",,pedal steel; drawl; fingerpicked acoustic; breezy; hushed,White Bird; Wild Rain,Recommended,,Y,Both,High
A0379,Jonathan Wilson,Rare Birds,2018,LP,Bella Union,L1,Core,C6 Cosmic country and the '70s revival,,Cosmic country,The West,"Los Angeles, CA",Laurel Canyon,synths; long solos; cosmic; harmonized guitars; polished,Rare Birds; Sunset Blvd,Deep cut,,,Inferred,Medium
A0380,Rosali,Trouble Anyway,2018,LP,Scissor Tail / Spinster,L1,Core,C6 Cosmic country and the '70s revival,V2,Cosmic country,The South,"Philadelphia, PA / North Carolina",,Telecaster twang; drawl; hushed; breezy; fingerpicked acoustic,Trouble Anyway,Deep cut,,,Documented,Medium
A0381,Ryley Walker,Deafman Glance,2018,LP,Dead Oceans,L1,Core,C6 Cosmic country and the '70s revival,V8,Cosmic country,Chicago and the Midwest,"Chicago, IL",,synths; long solos; cracked or yelping; noise wall; breezy,In Castle Dome; Telluride Speed,Recommended,,,Documented,High
A0382,Sean Thompson's Weird Ears,Weird Ears Part 1,2018,EP,Self-released,L1,Core,C6 Cosmic country and the '70s revival,,Cosmic country,The South,"Nashville, TN",Nashville,Telecaster twang; drawl; breezy; fingerpicked acoustic; road songs,"Breitbart Blues; Lookout, Kid",Deep cut,,Y,Inferred,Medium
A0383,Wild Pink,Yolk in the Fur,2018,LP,Tiny Engines,L1,Core,C6 Cosmic country and the '70s revival,C1,Crossover,The Northeast,"New York, NY",,synths; Telecaster twang; breezy; storytelling; small-town,Lake Erie; All Some Frenchman's Joke,Recommended,,,Inferred,Medium
A0384,Cass McCombs,Tip of the Sphere,2019,LP,ANTI-,L1,Core,C6 Cosmic country and the '70s revival,,Cosmic country,The West,California (itinerant),,long solos; cosmic; breezy; harmonized guitars; deadpan,Sleeping Volcanoes; American Canyon Sutra,Essential,,,Inferred,High
A0385,Chris Cohen,Chris Cohen,2019,LP,Captured Tracks,L1,Core,C6 Cosmic country and the '70s revival,,Cosmic country,The West,"Los Angeles, CA",,hushed; cosmic; breezy; synths; deadpan,Green Eyes; Physical Address,Recommended,,,Inferred,High
A0386,Garcia Peoples,Cosmic Cash,2019,LP,Self-released,L1,Core,C6 Cosmic country and the '70s revival,,Cosmic country,The Northeast,"Ridgewood, NJ",,long solos; harmonized guitars; cosmic; Crazy Horse fuzz; anthemic,Cosmic Cash; Wichita Buttermilk,Recommended,,,Inferred,Medium
A0387,GospelbeacH,Pacific Surf Line,2019,LP,Alive Naturalsound Records,L1,Core,C6 Cosmic country and the '70s revival,,Cosmic country,The West,"Los Angeles, CA",,harmonized guitars; breezy; jangle; cosmic; long solos,California Steamer; Sunshine Skayway; Southern Girl,Recommended,,,Documented,High
A0388,Hiss Golden Messenger,Terms of Surrender,2019,LP,Merge,L1,Core,C6 Cosmic country and the '70s revival,,Cosmic country,The Carolinas,"Durham, NC",Durham and Chapel Hill,pedal steel; drawl; breezy; storytelling; harmonized guitars,Cracked Windshield; My Wing,Recommended,,Y,Inferred,High
A0389,Kacy & Clayton,Carrying On,2019,LP,New West Records,L1,Core,C6 Cosmic country and the '70s revival,V6,Country folk,"The UK, Ireland and Canada","Glentworth, Saskatchewan",,fingerpicked acoustic; close harmonies; drawl; storytelling; harmonized guitars,Devil's Guns; Run Away,Deep cut,,,Inferred,Medium
A0390,Kevin Morby,Oh My God,2019,LP,Dead Oceans,L1,Core,C6 Cosmic country and the '70s revival,,Cosmic country,Chicago and the Midwest,"Kansas City, MO",,piano; horns; spiritual or gospel; storytelling; anthemic,No Halo; Oh My God,Recommended,,Y,Inferred,Medium
A0391,RF Shannon,Rain On Dust,2019,LP,Keeled Scales,L1,Core,C6 Cosmic country and the '70s revival,,Cosmic country,Texas and Oklahoma,"Austin, TX",,pedal steel; cosmic; hushed; drawl; breezy,Buzzards on the Breeze; Angeline; Snake Oil,Recommended,,,Inferred,High
A0392,Rose City Band,Rose City Band,2019,LP,Thrill Jockey,L1,Core,C6 Cosmic country and the '70s revival,,Cosmic country,The West,"Portland, OR",,pedal steel; harmonized guitars; breezy; cosmic; fingerpicked acoustic,Rip City; Wandering Feeling,Essential,,Y,Both,Medium
A0393,Steve Gunn,The Unseen in Between,2019,LP,Matador,L1,Core,C6 Cosmic country and the '70s revival,,Cosmic country,Philadelphia,"Philadelphia, PA / Brooklyn, NY",,strings; fingerpicked acoustic; hushed; storytelling; breezy,New Familiar; Vagabond,Recommended,,,Documented,Medium
A0394,Teddy and the Rough Riders,The Congress of Teddy and The Rough Riders,2019,LP,Self-released,L1,Core,C6 Cosmic country and the '70s revival,,Cosmic country,The South,"Nashville, TN",Nashville,pedal steel; harmonized guitars; road songs; rowdy; breezy,Vampire; Hurricane Teddy,Recommended,,,Inferred,Medium
A0395,twain,Adventure,2019,LP,Keeled Scales,L1,Core,C6 Cosmic country and the '70s revival,C5,Cosmic country,The South,"Asheville, NC",,fingerpicked acoustic; cosmic; drawl; breezy; hushed,Inner Beauty; Royal Road; Star Mate,Deep cut,,,Inferred,High
A0396,Arbor Labor Union,New Petal Instants,2020,LP,Arrowhawk Records,L1,Core,C6 Cosmic country and the '70s revival,,Cosmic country,The South,"Athens, GA",,Crazy Horse fuzz; harmonized guitars; breezy; rowdy; cosmic,Lasso; Flowerhead,Recommended,,Y,Inferred,High
A0397,Circles Around the Sun,Circles Around the Sun,2020,LP,Rhino Entertainment,L1,Core,C6 Cosmic country and the '70s revival,,Cosmic country,The West,"Los Angeles, CA",,long solos; synths; cosmic; long songs (7+ minutes); breezy,Philosopher's Stoned,Deep cut,,,Documented,Medium
A0398,Cut Worms,Nobody Lives Here Anymore,2020,LP,Jagjaguwar,L1,Core,C6 Cosmic country and the '70s revival,,Country folk,The Northeast,"Brooklyn, NY",,fingerpicked acoustic; harmonized guitars; breezy; drawl; close harmonies,Sold My Soul; Every Front I've Known,Recommended,,Y,Inferred,High
A0399,The Dead Tongues,Transmigration Blues (Deluxe Edition),2020,LP,Psychic Hotline,L1,Core,C6 Cosmic country and the '70s revival,V1,Cosmic country,The Carolinas,"Asheville, NC",Asheville,harmonica; synths; storytelling; breezy; cosmic,Transmigration Blues; Deja Vu,Essential,,,Inferred,Medium
A0400,Garcia Peoples,Nightcap at Wits' End,2020,LP,Self-released,L1,Core,C6 Cosmic country and the '70s revival,,Cosmic country,The Northeast,"Ridgewood, NJ",,long solos; harmonized guitars; cosmic; Crazy Horse fuzz; breezy,Yes Yes Y'All; Wanderer's Lament,Deep cut,,,Both,High
A0401,Jess Williamson,Sorceress,2020,LP,Mexican Summer,L1,Core,C6 Cosmic country and the '70s revival,,Cosmic country,Texas and Oklahoma,"Austin, TX",,pedal steel; drawl; breezy; hushed; fingerpicked acoustic,Smoke; Infinite Scroll,Recommended,,Y,Both,High
A0402,Jonathan Wilson,Dixie Blur,2020,LP,BMG,L1,Core,C6 Cosmic country and the '70s revival,,Cosmic country,The West,"Los Angeles, CA",Laurel Canyon,fiddle; pedal steel; breezy; fingerpicked acoustic; harmonized guitars,Just for Love; El Camino Real,Recommended,,,Inferred,Medium
A0403,Kevin Morby,Sundowner,2020,LP,Dead Oceans,L1,Core,C6 Cosmic country and the '70s revival,,Cosmic country,The West,"Kansas City, MO",,fingerpicked acoustic; drawl; hushed; breezy; storytelling,Campfire; Wander,Recommended,,Y,Documented,High
A0404,Mapache,From Liberty Street,2020,LP,Yep Roc Records,L1,Core,C6 Cosmic country and the '70s revival,,Cosmic country,The West,"Los Angeles, CA",,fingerpicked acoustic; close harmonies; breezy; harmonized guitars; cosmic,Karina's Song; Chapel Road,Recommended,,,Inferred,Medium
A0405,Rose City Band,Summerlong,2020,LP,Thrill Jockey,L1,Core,C6 Cosmic country and the '70s revival,,Cosmic country,The West,"Portland, OR",,pedal steel; breezy; cosmic; harmonized guitars; anthemic,Only Lonely; Morning Rain,Recommended,,Y,Inferred,Medium
A0406,Sam Burton,I Can Go With You,2020,LP,Tompkins Square,L1,Core,C6 Cosmic country and the '70s revival,,Cosmic country,The West,"Los Angeles, CA (via Salt Lake City)",,drawl; hushed; fingerpicked acoustic; breezy; cracked or yelping,Nothing Touches Me; I Can Go With You,Recommended,,Y,Inferred,High
A0407,Spencer Cullum's Coin Collection,Spencer Cullum's Coin Collection,2020,LP,Human Error Music,L1,Core,C6 Cosmic country and the '70s revival,,Cosmic country,The South,"Nashville, TN",,pedal steel; close harmonies; fingerpicked acoustic; breezy; cosmic,Jack of Fools; The Tree,Recommended,,Y,Documented,Medium
A0408,The War on Drugs,Live Drugs,2020,Live,Atlantic,L1,Core,C6 Cosmic country and the '70s revival,,Cosmic country,Philadelphia,"Philadelphia, PA",,Crazy Horse fuzz; long songs (7+ minutes); anthemic; breezy; cosmic,Under the Pressure (live); Thinking of a Place (live),Recommended,,Y,Inferred,Medium
A0409,Woods,Strange to Explain,2020,LP,Woodsist,L1,Core,C6 Cosmic country and the '70s revival,,Cosmic country,The Northeast,"Brooklyn, NY",Woodsist and Brooklyn,synths; drum machine; breezy; cosmic; harmonized guitars,Weekend Wind; Can't Get Out,Deep cut,,,Inferred,Medium
A0410,Cory Hanson,Pale Horse Rider,2021,LP,Drag City,L1,Core,C6 Cosmic country and the '70s revival,,Cosmic country,The West,"Los Angeles, CA",,pedal steel; long solos; cosmic; breezy; harmonized guitars,Pale Horse Rider; Necklace,Recommended,,,Inferred,High
A0411,Hiss Golden Messenger,Quietly Blowing It,2021,LP,Merge,L1,Core,C6 Cosmic country and the '70s revival,,Cosmic country,The Carolinas,"Durham, NC",Durham and Chapel Hill,pedal steel; drawl; breezy; synths; storytelling,Way Back in the Way Back; If It Comes in the Morning,Recommended,,Y,Inferred,High
A0412,John Andrews & the Yawns,Cookbook,2021,LP,Woodsist,L1,Core,C6 Cosmic country and the '70s revival,,Country folk,The Northeast,"Hudson Valley, NY",,fingerpicked acoustic; harmonized guitars; breezy; jangle; drawl,New California Blue; River of Doubt,Deep cut,,Y,Inferred,High
A0413,Liam Kazar,Due North,2021,LP,Mare Records,L1,Core,C6 Cosmic country and the '70s revival,,Cosmic country,Chicago and the Midwest,"Chicago, IL",,pedal steel; close harmonies; breezy; anthemic; fingerpicked acoustic,Frank Bacon; Shoes Too Tight,Recommended,,Y,Both,Medium
A0414,Mapache,3,2021,LP,Innovative Leisure / Calico Discos,L1,Core,C6 Cosmic country and the '70s revival,,Cosmic country,The West,"Los Angeles, CA",,fingerpicked acoustic; close harmonies; breezy; harmonized guitars; cosmic,Peaceful Mind,Recommended,,,Inferred,Medium
A0415,Rosali,No Medium,2021,LP,Spinster Records,L1,Core,C6 Cosmic country and the '70s revival,V2,Cosmic country,The South,"Philadelphia, PA / North Carolina",,Telecaster twang; drawl; harmonized guitars; hushed; breezy,Rewind; Bad Cop,Essential,,,Documented,Medium
A0416,Rose City Band,Earth Trip,2021,LP,Thrill Jockey,L1,Core,C6 Cosmic country and the '70s revival,,Cosmic country,The West,"Portland, OR",,pedal steel; long solos; cosmic; breezy; harmonized guitars,Silver Roses; Overjoyed,Recommended,,Y,Documented,Medium
A0417,Silver Synthetic,Silver Synthetic,2021,LP,Self-released,L1,Core,C6 Cosmic country and the '70s revival,,Cosmic country,The South,"New Orleans, LA",,harmonized guitars; Telecaster twang; breezy; cosmic; anthemic,In the Beginning; Chasm Killer,Recommended,,Y,Inferred,Medium
A0418,Steve Gunn,Other You,2021,LP,Matador,L1,Core,C6 Cosmic country and the '70s revival,,Cosmic country,Philadelphia,"Philadelphia, PA / Brooklyn, NY",,synths; harmonized guitars; breezy; cosmic; road songs,Fulton; Fickle Freedom,Recommended,,,Documented,Medium
A0419,Sylvie,Sylvie,2021,EP,Terrible Records,L1,Core,C6 Cosmic country and the '70s revival,,Country folk,The West,"Los Angeles, CA",,close harmonies; fingerpicked acoustic; hushed; breezy; duets,Sylvie; Falls on Me,Deep cut,,,Documented,Medium
A0420,The War on Drugs,I Don't Live Here Anymore,2021,LP,Atlantic,L1,Core,C6 Cosmic country and the '70s revival,,Cosmic country,Philadelphia,"Philadelphia, PA",,synths; anthemic; hushed; polished; cosmic,I Don't Live Here Anymore; Change,Recommended,,Y,Documented,Medium
A0421,Wild Pink,A Billion Little Lights,2021,LP,Royal Mountain Records,L1,Core,C6 Cosmic country and the '70s revival,C1,Crossover,The Northeast,"New York, NY",,pedal steel; synths; breezy; storytelling; anthemic,The Shining but Tropical; A Billion Little Lights; Glow,Essential,,,Inferred,High
A0422,Cass McCombs,Heartmind,2022,LP,ANTI-,L1,Core,C6 Cosmic country and the '70s revival,,Cosmic country,The West,California (itinerant),,breezy; harmonized guitars; hushed; deadpan; storytelling,Krakatau; New Earth,Recommended,,,Both,High
A0423,Courtney Marie Andrews,Loose Future,2022,LP,Fat Possum,L1,Core,C6 Cosmic country and the '70s revival,C5,Cosmic country,The West,"Phoenix, AZ",,pedal steel; close harmonies; breezy; cosmic; storytelling,These Are the Good Old Days; Change My Mind,Recommended,,,Inferred,Medium
A0424,Erin Rae,Lighten Up,2022,LP,Single Lock Records,L1,Core,C6 Cosmic country and the '70s revival,,Country folk,The South,"Nashville, TN",Nashville,pedal steel; close harmonies; breezy; hushed; storytelling,Lighten Up; Modern Woman,Recommended,,,Inferred,High
A0425,Garcia Peoples,100 Years of Solid Dudes,2022,LP,Self-released,L1,Core,C6 Cosmic country and the '70s revival,,Cosmic country,The Northeast,New Jersey,,long solos; harmonized guitars; long songs (7+ minutes); cosmic; noise wall,100 Years of Solid Dudes,Deep cut,,,Both,Medium
A0426,Kevin Morby,This Is a Photograph,2022,LP,Dead Oceans,L1,Core,C6 Cosmic country and the '70s revival,,Cosmic country,The West,"Kansas City, MO",,pedal steel; fingerpicked acoustic; breezy; storytelling; harmonized guitars,This Is a Photograph; Rock Bottom,Essential,,Y,Inferred,High
A0427,Lou Turner,Microcosmos,2022,LP,SPINSTER,L1,Core,C6 Cosmic country and the '70s revival,C2,Cosmic country,The South,"Nashville, TN",,fingerpicked acoustic; deadpan; funny-sad; cosmic; breezy,Microcosmos; Empty Tame and Ugly; Green and Growing,Recommended,,,Inferred,High
A0428,Mapache,Roscoe's Dream,2022,LP,Innovative Leisure / Calico Discos,L1,Core,C6 Cosmic country and the '70s revival,,Cosmic country,The West,"Los Angeles, CA",,fingerpicked acoustic; close harmonies; breezy; harmonized guitars; cosmic,Love Can't Hold Me; Roscoe's Dream,Recommended,,,Inferred,Medium
A0429,Whitney,SPARK,2022,LP,Secretly Canadian,L1,Core,C6 Cosmic country and the '70s revival,,Country rock,Chicago and the Midwest,"Chicago, IL",,synths; horns; breezy; close harmonies; anthemic,REAL LOVE; BACK THEN,Recommended,,,Documented,High
A0430,Wild Pink,ILYSM,2022,LP,Royal Mountain Records,L1,Core,C6 Cosmic country and the '70s revival,C1,Crossover,The Northeast,"New York, NY",,synths; pedal steel; hushed; heartbreak; breezy,I'm Set Free; Pacific Ocean; Hurt,Recommended,,,Documented,High
A0431,Wilder Maker,Male Models,2022,LP,Self-released,L1,Core,C6 Cosmic country and the '70s revival,C5,Cosmic country,The Northeast,"New York, NY",,long solos; harmonized guitars; storytelling; breezy; anthemic,Letter of Apology; 5 Train,Recommended,,,Inferred,Medium
A0432,Anna St. Louis,In the Air,2023,LP,Woodsist / Mare,L1,Core,C6 Cosmic country and the '70s revival,C5,Indie folk,The West,"Los Angeles, CA",,fingerpicked acoustic; strings; hushed; breezy; piano,Trace; Rest,Recommended,,,Both,High
A0433,Arbor Labor Union,Yonder,2023,LP,Sophomore Lounge,L1,Core,C6 Cosmic country and the '70s revival,,Cosmic country,The South,"Athens, GA",,harmonized guitars; cosmic; hushed; breezy; long solos,Always Wear Your Shadow Hat; Hovering Stone,Recommended,,Y,Inferred,High
A0434,Cory Hanson,Western Cum,2023,LP,Drag City,L1,Core,C6 Cosmic country and the '70s revival,,Cosmic country,The West,"Los Angeles, CA",,long solos; pedal steel; cosmic; harmonized guitars; breezy,Motorcycle; Persuasion Architecture,Recommended,,,Inferred,High
A0435,Cut Worms,Cut Worms,2023,LP,Jagjaguwar,L1,Core,C6 Cosmic country and the '70s revival,,Country folk,The Northeast,"Brooklyn, NY",,fingerpicked acoustic; harmonized guitars; drawl; breezy; close harmonies,Don't Fade Out; Ballad of the Texas King,Recommended,,Y,Inferred,High
A0436,Glyders,Maria's Hunt,2023,LP,Self-released,L1,Core,C6 Cosmic country and the '70s revival,,Cosmic country,Chicago and the Midwest,"Chicago, IL",,harmonized guitars; breezy; cosmic; fingerpicked acoustic; drawl,Maria's Hunt,Deep cut,,,Inferred,Medium
A0437,Hiss Golden Messenger,Jump for Joy,2023,LP,Merge,L1,Core,C6 Cosmic country and the '70s revival,,Cosmic country,The Carolinas,"Durham, NC",Durham and Chapel Hill,pedal steel; breezy; close harmonies; drawl; storytelling,Nu-Grape; My Sundown Sky,Recommended,,Y,Inferred,High
A0438,Jeffrey Silverstein,Western Sky Music,2023,LP,Arrowhawk Records,L1,Core,C6 Cosmic country and the '70s revival,V8,Cosmic country,The West,"Portland, OR",,pedal steel; fingerpicked acoustic; hushed; cosmic; breezy,Cowboy Grass; No Rain,Deep cut,,,Inferred,Medium
A0439,Jess Williamson,Time Ain't Accidental,2023,LP,Mexican Summer,L1,Core,C6 Cosmic country and the '70s revival,,Cosmic country,Texas and Oklahoma,"Austin / Marfa, TX",,pedal steel; drawl; breezy; storytelling; close harmonies,Hunter; God in Everything,Essential,,Y,Both,High
A0440,Kacey Johansing,Year Away,2023,LP,Night Bloom Records,L1,Core,C6 Cosmic country and the '70s revival,C5,Indie folk,The West,"San Francisco, CA",,hushed; fingerpicked acoustic; breezy; close harmonies; lullaby,Year Away; Old Friend,Deep cut,,,Inferred,Medium
A0441,Mapache,Swinging Stars,2023,LP,Innovative Leisure / Calico Discos,L1,Core,C6 Cosmic country and the '70s revival,,Cosmic country,The West,"Los Angeles, CA",,fingerpicked acoustic; close harmonies; breezy; harmonized guitars; cosmic,French Kiss; Hot Burrito No. 2,Recommended,,,Inferred,Medium
A0442,Mikaela Davis,And Southern Star,2023,LP,Kill Rock Stars,L1,Core,C6 Cosmic country and the '70s revival,,Cosmic country,The Northeast,"Catskill, NY (formerly Rochester)",,harmonized guitars; close harmonies; breezy; cosmic; anthemic,Cinderella; Far From You,Recommended,,,Inferred,Medium
A0443,Rose City Band,Garden Party,2023,LP,Thrill Jockey,L1,Core,C6 Cosmic country and the '70s revival,,Cosmic country,The West,"Portland, OR",,pedal steel; breezy; harmonized guitars; cosmic; anthemic,Mariposa,Recommended,,Y,Inferred,Medium
A0444,Sam Blasucci,Off My Stars,2023,LP,Self-released,L1,Core,C6 Cosmic country and the '70s revival,,Cosmic country,The West,"Los Angeles, CA (Ojai)",,piano; close harmonies; breezy; hushed; road songs,Sha La La; Turn Yourself Around,Deep cut,,,Documented,Medium
A0445,Sam Burton,Dear Departed,2023,LP,Partisan Records,L1,Core,C6 Cosmic country and the '70s revival,C5,Country folk,The West,"Los Angeles, CA",,pedal steel; fingerpicked acoustic; baritone; hushed; heartbreak,Dear Departed; Nothing At All,Recommended,,Y,Both,High
A0446,Skyway Man,Flight of the Long Distance Healer,2023,LP,Mama Bird Recording Co.,L1,Core,C6 Cosmic country and the '70s revival,,Cosmic country,The West,"Oakland, CA",,piano; strings; cosmic; spiritual or gospel; anthemic,Moonlight Thunder; Backwards in Time,Recommended,,,Inferred,Medium
A0447,Spencer Cullum's Coin Collection,Spencer Cullum's Coin Collection 2,2023,LP,Full Time Hobby,L1,Core,C6 Cosmic country and the '70s revival,,Cosmic country,The South,"Nashville, TN",,pedal steel; synths; close harmonies; breezy; cosmic,What a Waste of an Echo; Cold Damp Valley,Recommended,,Y,Documented,Medium
A0448,Woods,Perennial,2023,LP,Woodsist,L1,Core,C6 Cosmic country and the '70s revival,,Cosmic country,The Northeast,"Brooklyn, NY",Woodsist and Brooklyn,harmonized guitars; breezy; cosmic; fingerpicked acoustic; long solos,Between the Past; Where Do You Go When You Dream,Recommended,,,Both,Medium
A0449,Beachwood Sparks,Across the River of Stars,2024,LP,Curation,L1,Core,C6 Cosmic country and the '70s revival,,Cosmic country,The West,"Los Angeles, CA",,pedal steel; harmonized guitars; cosmic; breezy; long solos,Across The River Of Stars,Recommended,,,Inferred,High
A0450,Chris Cohen,Paint a Room,2024,LP,Hardly Art,L1,Core,C6 Cosmic country and the '70s revival,,Cosmic country,The West,"Los Angeles, CA",,hushed; cosmic; breezy; horns; deadpan,Paint a Room; Never Change,Recommended,,,Documented,High
A0451,Color Green,Fool's Parade,2024,LP,New West Records,L1,Core,C6 Cosmic country and the '70s revival,,Cosmic country,The West,"Los Angeles, CA",,long solos; harmonized guitars; breezy; cosmic; close harmonies,Kick the Bucket; Four Leaf Clover,Recommended,,,Inferred,Medium
A0452,Gabriel Birnbaum,Patron Saint of Tireless Losers,2024,LP,Western Vinyl,L1,Core,C6 Cosmic country and the '70s revival,C2,Country folk,The Northeast,"Brooklyn, NY",,fingerpicked acoustic; storytelling; funny-sad; hushed; drawl,"Laughing Backwards; Alison, Alone Again",Deep cut,,,Documented,Medium
A0453,House Band,Aventurine,2024,LP,House Band (self-released),L1,Core,C6 Cosmic country and the '70s revival,,Cosmic country,The West,"Los Angeles, CA",,long solos; synths; cosmic; long songs (7+ minutes); breezy,He's Not Here; Panthers,Deep cut,,,Inferred,High
A0454,Kate Bollinger,Songs From A Thousand Frames Of Mind,2024,LP,Ghostly International,L1,Core,C6 Cosmic country and the '70s revival,C7,Country folk,The South,"Charlottesville, VA / Los Angeles, CA",,jangle; harmonized guitars; breezy; hushed; pop-culture references,Any Day Now; To Your Own Devices; Postcard From A Cloud,Recommended,,,Inferred,High
A0455,Lee Baggett,Waves for a Begull,2024,LP,Perpetual Doom,L1,Core,C6 Cosmic country and the '70s revival,,Cosmic country,The West,"West Coast, CA",,Crazy Horse fuzz; long solos; piano; breezy; cosmic,Waves for a Begull; Sea Turtle,Deep cut,,,Inferred,Medium
A0456,Minor Moon,The Light Up Waltz,2024,LP,Self-released,L1,Core,C6 Cosmic country and the '70s revival,,Cosmic country,Chicago and the Midwest,"Chicago, IL",Chicago twang and DIY,pedal steel; harmonized guitars; cosmic; breezy; storytelling,The Light Up Waltz; Miriam Underwater,Recommended,,,Inferred,Medium
A0457,Rosali,Bite Down,2024,LP,Merge Records,L1,Core,C6 Cosmic country and the '70s revival,V2,Cosmic country,The South,"Philadelphia, PA / North Carolina",,Telecaster twang; harmonized guitars; drawl; long solos; breezy,Bite Down; On Tonight,Essential,,,Documented,Medium
A0458,Sam Evian,Plunge,2024,LP,Flying Cloud Recordings,L1,Core,C6 Cosmic country and the '70s revival,,Cosmic country,The Northeast,"Catskills, NY",,harmonized guitars; strings; breezy; cosmic; long solos,Wild Days; Jacket; Rollin' In,Recommended,,,Inferred,High
A0459,Te Huhu,Deelishis Herbs,2024,LP,Self-released,L1,Core,C6 Cosmic country and the '70s revival,,Cosmic country,Australia and New Zealand,"Auckland, New Zealand",,long solos; harmonized guitars; cosmic; rowdy; hushed,Skipping Stones; Turangawaewae,Deep cut,,,Inferred,Medium
A0460,Teddy and the Rough Riders,Down Home,2024,LP,Appalachia Record Co. / Cleft Music,L1,Core,C6 Cosmic country and the '70s revival,C3,Cosmic country,The South,"Nashville, TN",,pedal steel; close harmonies; cosmic; breezy; duets,Catfish Summer; Bullet,Recommended,,,Inferred,Medium
A0461,The War on Drugs,"Live Drugs, Again",2024,Live,Super High Quality Records,L1,Core,C6 Cosmic country and the '70s revival,,Cosmic country,Philadelphia,"Philadelphia, PA",,Crazy Horse fuzz; long songs (7+ minutes); anthemic; cosmic; breezy,Burning (live),Recommended,,Y,Inferred,High
A0462,Way Dynamic,Duck,2024,LP,Spoilsport Records / Earth Libraries,L1,Core,C6 Cosmic country and the '70s revival,C1,Cosmic country,Australia and New Zealand,"Melbourne, Australia",,strings; close harmonies; breezy; hushed; cosmic,Candlelight; Doctor Doctor,Recommended,,,Both,Medium
A0463,Wild Pink,Dulling the Horns,2024,LP,Fire Talk,L1,Core,C6 Cosmic country and the '70s revival,C1,Crossover,The Northeast,"New York, NY",,Crazy Horse fuzz; anthemic; rowdy; storytelling; breezy,Dulling the Horns,Essential,,,Documented,High
A0464,Ada Lea,when i paint my masterpiece,2025,LP,Saddle Creek,L1,Core,C6 Cosmic country and the '70s revival,C5,Country folk,"The UK, Ireland and Canada","Montreal, Quebec",,breezy; harmonized guitars; pop-culture references; funny-sad; cosmic,When I Paint My Masterpiece; Hurt; Damn,Deep cut,,,Inferred,High
A0465,Arbor Labor Union,Out to Pasture,2025,EP,Sophomore Lounge,L1,Core,C6 Cosmic country and the '70s revival,,Cosmic country,The South,"Athens, GA",,harmonized guitars; cosmic; breezy; long solos; rowdy,Patch of Violet; Out To Pasture,Deep cut,,Y,Inferred,High
A0466,Cass McCombs,Interior Live Oak,2025,LP,Domino,L1,Core,C6 Cosmic country and the '70s revival,,Cosmic country,The West,"Bay Area, CA / itinerant",,deadpan; drawl; storytelling; funny-sad; hushed,Priestess; Home At Last,Recommended,,,Documented,High
A0467,Cory Hanson,I Love People,2025,LP,Drag City,L1,Core,C6 Cosmic country and the '70s revival,,Cosmic country,The West,"Los Angeles, CA",,pedal steel; piano; breezy; harmonized guitars; funny-sad,I Love People,Recommended,,,Inferred,High
A0468,Credit Electric,Salvation,2025,LP,Self-released,L1,Core,C6 Cosmic country and the '70s revival,,Cosmic country,The West,"Los Angeles, CA",,harmonized guitars; breezy; cosmic; drawl; long solos,Salvation,Deep cut,,Y,Inferred,Medium
A0469,Echolalia,Echolalia,2025,LP,Full Time Hobby,L1,Core,C6 Cosmic country and the '70s revival,,Cosmic country,The South,"Nashville, TN",Nashville,synths; cosmic; breezy; pedal steel; hushed,Echolalia,Deep cut,,Y,Inferred,Medium
A0470,Glyders,Forever,2025,LP,Self-released,L1,Core,C6 Cosmic country and the '70s revival,,Cosmic country,Chicago and the Midwest,"Chicago, IL",,harmonized guitars; breezy; cosmic; drawl; anthemic,Forever,Deep cut,,,Inferred,Medium
A0471,Hannah Cohen,Earthstar Mountain,2025,LP,Congrats Records,L1,Core,C6 Cosmic country and the '70s revival,C5,Indie folk,The Northeast,"Catskills, NY",,hushed; fingerpicked acoustic; breezy; lullaby; cosmic,Earthstar; Dusty,Deep cut,,,Documented,Medium
A0472,Liam Kazar,Pilot Light,2025,LP,Congrats Records,L1,Core,C6 Cosmic country and the '70s revival,,Cosmic country,Chicago and the Midwest,"Chicago, IL",,pedal steel; fiddle; close harmonies; breezy; hushed,Pilot Light; Day Off,Recommended,,Y,Inferred,Medium
A0473,Rose City Band,Sol Y Sombra,2025,LP,Thrill Jockey,L1,Core,C6 Cosmic country and the '70s revival,,Cosmic country,The West,"Portland, OR",,pedal steel; cosmic; breezy; long solos; harmonized guitars,Lights on the Way; Evergreen,Essential,,Y,Documented,High
A0474,Sam Blasucci,ALL BLUE,2025,LP,Self-released,L1,Core,C6 Cosmic country and the '70s revival,,Cosmic country,The West,"Los Angeles, CA (Ojai)",,piano; close harmonies; hushed; breezy; cosmic,Crying; Underworld,Deep cut,,,Documented,Medium
A0475,Sean Thompson's Weird Ears,Head In The Sand,2025,LP,Self-released,L1,Core,C6 Cosmic country and the '70s revival,,Cosmic country,The South,"Nashville, TN",Nashville,Telecaster twang; road songs; breezy; cosmic; drawl,Head In The Sand; Riding In The Van,Recommended,,Y,Documented,Medium
A0476,Shrunken Elvis,Shrunken Elvis,2025,LP,Self-released,L1,Core,C6 Cosmic country and the '70s revival,,Cosmic country,The South,"Nashville, TN",Nashville,pedal steel; synths; long songs (7+ minutes); cosmic; hushed,Marina Pt. 2; An Old Outlet,Recommended,,Y,Inferred,Medium
A0477,Silver Synthetic,Rosalie,2025,LP,Curation Records,L1,Core,C6 Cosmic country and the '70s revival,,Cosmic country,The South,"New Orleans, LA",,pedal steel; harmonized guitars; cosmic; breezy; anthemic,Rosalie; Yr Gonna Be Happy,Recommended,,Y,Both,Medium
A0478,Whitney,Small Talk,2025,LP,Secretly Canadian,L1,Core,C6 Cosmic country and the '70s revival,,Country rock,Chicago and the Midwest,"Chicago, IL",,horns; close harmonies; breezy; anthemic; drawl,Small Talk,Recommended,,,Documented,High
A0479,Age of Peace,Ode to Life,2026,LP,Self-released,L1,Core,C6 Cosmic country and the '70s revival,,Cosmic country,The West,"Los Angeles, CA",,fingerpicked acoustic; hushed; spiritual or gospel; lullaby; cosmic,For I Am Life Now; Northern Trees,Deep cut,,,Inferred,Medium
A0480,Angela Autumn,Believer,2026,LP,Gar Hole Records,L1,Core,C6 Cosmic country and the '70s revival,C3,Cosmic country,The South,"Nashville, TN",,banjo; fiddle; cosmic; drawl; anthemic,Electric Lizard; Heavy Tobacco,Recommended,,,Inferred,Medium
A0481,Courtney Marie Andrews,Valentine,2026,LP,Loose Future Records,L1,Core,C6 Cosmic country and the '70s revival,,Cosmic country,The West,"Phoenix, AZ",,pedal steel; close harmonies; breezy; cosmic; storytelling,Cons and Clowns; Keeper,Recommended,,,Inferred,High
A0482,Haylie Davis,Wandering Star,2026,LP,Fire Records,L1,Core,C6 Cosmic country and the '70s revival,X13,Country rock,The West,"Los Angeles, CA",,close harmonies; strings; breezy; cosmic; storytelling,Country Boy; Golden Age,Deep cut,,,Inferred,Medium
A0483,Johanna Samuels,"Sorry, Kid",2026,LP,Jealous Butcher Records,L1,Core,C6 Cosmic country and the '70s revival,C2,Country folk,The West,"Los Angeles, CA",,deadpan; drawl; funny-sad; storytelling; hushed,"White Limousine; Grade Eleven (Sorry, Kid)",Deep cut,,,Inferred,Medium
A0484,John Andrews & the Yawns,Streetsweeper,2026,LP,Earth Libraries,L1,Core,C6 Cosmic country and the '70s revival,,Cosmic country,The Northeast,"Brooklyn, NY",,fingerpicked acoustic; piano; hushed; drawl; breezy,Goodbye Dirty Snow; Friends in Misery,Deep cut,,Y,Inferred,High
A0485,Kevin Morby,Little Wide Open,2026,LP,Dead Oceans,L1,Core,C6 Cosmic country and the '70s revival,,Cosmic country,The West,"Kansas City, MO",,pedal steel; breezy; storytelling; spiritual or gospel; harmonized guitars,Little Wide Open,Recommended,,Y,Inferred,High
A0486,Mikaela Davis,Graceland Way,2026,LP,Kill Rock Stars,L1,Core,C6 Cosmic country and the '70s revival,,Cosmic country,The Northeast,"Catskill, NY (formerly Rochester)",,harmonized guitars; breezy; cosmic; anthemic; road songs,(Looking Through) Rose Colored Glasses; Starlite Tonite,Recommended,,,Inferred,Medium
A0487,Minor Moon,Live at Thawed Out,2026,Live,Truth Zone Records,L1,Core,C6 Cosmic country and the '70s revival,,Cosmic country,Chicago and the Midwest,"Chicago, IL",,Telecaster twang; long solos; breezy; drawl; live in the room,I Could See It Coming (Live at Thawed Out),Deep cut,,,Inferred,Medium
A0488,Ora Cogan,Hard Hearted Woman,2026,LP,Sacred Bones Records,L1,Core,C6 Cosmic country and the '70s revival,,Cosmic country,"The UK, Ireland and Canada","Nanaimo, British Columbia",,pedal steel; mandolin; drawl; hushed; cosmic,Honey; Division,Recommended,,Y,Inferred,Medium
A0489,Spencer Cullum's Coin Collection,Spencer Cullum's Coin Collection 3,2026,LP,Full Time Hobby,L1,Core,C6 Cosmic country and the '70s revival,,Cosmic country,The South,"Nashville, TN (via London)",Nashville,pedal steel; fingerpicked acoustic; hushed; breezy; cosmic,Rowan Tree; Music on the Hill,Recommended,,Y,Inferred,Medium
A0490,Tyler Ballgame,"For The First Time, Again",2026,LP,Rough Trade Records,L1,Core,C6 Cosmic country and the '70s revival,X13,Country rock,The West,"Los Angeles, CA (Rhode Island native)",,strings; close harmonies; anthemic; breezy; storytelling,You're Not My Baby Tonight,Deep cut,,,Inferred,Medium
A0491,Way Dynamic,Massive Shoe,2026,LP,Self-released,L1,Core,C6 Cosmic country and the '70s revival,C1,Cosmic country,Australia and New Zealand,"Melbourne, Australia",,strings; close harmonies; breezy; hushed; cosmic,Miffed It; Ibiza,Recommended,,,Documented,Medium
A0492,Kurt Vile,Constant Hitmaker,2008,LP,Gulcher Records,L2,Core,"C7 Slacker, jangle, and power-pop revival",,Slacker,Philadelphia,"Philadelphia, PA",,lo-fi; drawl; hushed; fingerpicked acoustic; breezy,Freeway; Space Forklift,Deep cut,,Y,Both,Medium
A0493,Kurt Vile,Childish Prodigy,2009,LP,Matador Records,L2,Core,"C7 Slacker, jangle, and power-pop revival",,Slacker,Philadelphia,"Philadelphia, PA",,Crazy Horse fuzz; drawl; feedback; breezy; long solos,Hunchback; Dead Alive,Recommended,,Y,Both,Medium
A0494,Kurt Vile,God Is Saying This to You...,2009,Compilation,Mexican Summer,L2,Core,"C7 Slacker, jangle, and power-pop revival",,Slacker,Philadelphia,"Philadelphia, PA",,lo-fi; drawl; fingerpicked acoustic; breezy; hushed,Beach on the Moon; Dead Alive,Deep cut,,Y,Documented,Medium
A0495,Real Estate,Real Estate,2009,LP,Woodsist,L2,Core,"C7 Slacker, jangle, and power-pop revival",,Jangle,The Northeast,"Ridgewood, NJ",,jangle; breezy; hushed; fingerpicked acoustic; small-town,Beach Comber; Fake Blues,Essential,,,Inferred,High
A0496,Alex G,Race,2011,LP,Self-released,L2,Core,"C7 Slacker, jangle, and power-pop revival",C8,Lo-fi,Philadelphia,"Philadelphia, PA",,lo-fi; cracked or yelping; hushed; bleak; drum machine,Fanta; Race,Deep cut,,Y,Documented,Medium
A0497,Alex G,Winner,2011,LP,Self-released,L2,Core,"C7 Slacker, jangle, and power-pop revival",C8,Lo-fi,Philadelphia,"Philadelphia, PA",,lo-fi; cracked or yelping; drum machine; hushed; bleak,Salt; Icehead,Deep cut,,Y,Documented,Medium
A0498,Dick Diver,New Start Again,2011,LP,Chapter Music,L2,Core,"C7 Slacker, jangle, and power-pop revival",,Jangle,Australia and New Zealand,"Melbourne, Australia",Melbourne,jangle; deadpan; drawl; small-town,New Start Again; Hammock Days; Seagulls,Essential,,,Inferred,Medium
A0499,Kurt Vile,Smoke Ring for My Halo,2011,LP,Matador Records,L2,Core,"C7 Slacker, jangle, and power-pop revival",,Slacker,Philadelphia,"Philadelphia, PA",,drawl; fingerpicked acoustic; hushed; breezy; deadpan,Baby's Arms; Jesus Fever,Essential,,Y,Documented,Medium
A0500,Parquet Courts,American Specialties,2011,LP,Play Pinball!,L2,Core,"C7 Slacker, jangle, and power-pop revival",,Slacker,The Northeast,"New York, NY (via Denton, TX)",,lo-fi; deadpan; drawl; short songs (under 2 minutes); pop-culture references,American Specialties,Deep cut,,,Inferred,High
A0501,Real Estate,Days,2011,LP,Domino,L2,Core,"C7 Slacker, jangle, and power-pop revival",,Jangle,The Northeast,"Ridgewood, NJ",,jangle; breezy; harmonized guitars; hushed; small-town,Easy; It's Real; Green Aisles,Essential,,,Inferred,High
A0502,Twerps,Twerps,2011,LP,Chapter Music,L2,Core,"C7 Slacker, jangle, and power-pop revival",,Jangle,Australia and New Zealand,Melbourne,,jangle; breezy; deadpan; hushed; drawl,Dreamin'; Blossom,Recommended,,,Inferred,High
A0503,Alex G,Rules,2012,LP,Self-released,L2,Core,"C7 Slacker, jangle, and power-pop revival",C8,Lo-fi,Philadelphia,"Philadelphia, PA",,lo-fi; cracked or yelping; hushed; bleak; short songs (under 2 minutes),Sixteen; For Robin,Deep cut,,Y,Documented,Medium
A0504,Alex G,Trick,2012,LP,Self-released,L2,Core,"C7 Slacker, jangle, and power-pop revival",C8,Lo-fi,Philadelphia,"Philadelphia, PA",,lo-fi; cracked or yelping; hushed; drum machine; bleak,Memory; Icicles,Deep cut,,Y,Documented,Medium
A0505,Mac DeMarco,2,2012,LP,Captured Tracks,L2,Core,"C7 Slacker, jangle, and power-pop revival",,Slacker,"The UK, Ireland and Canada",Edmonton / Montreal,,deadpan; breezy; lo-fi; drawl; funny-sad,Ode to Viceroy; Robson Girl,Essential,,Y,Both,High
A0506,Parquet Courts,Light Up Gold,2012,LP,What's Your Rupture?,L2,Core,"C7 Slacker, jangle, and power-pop revival",,Slacker,The Northeast,"New York, NY (via Denton, TX)",,deadpan; drawl; short songs (under 2 minutes); pop-culture references; shouted,Master of My Craft; Stoned and Starving; Borrowed Time,Essential,,,Inferred,High
A0507,Swearin',Swearin',2012,LP,Salinas Records,L2,Core,"C7 Slacker, jangle, and power-pop revival",,Punk,Philadelphia,"Philadelphia, PA",Philadelphia DIY,Crazy Horse fuzz; deadpan; short songs (under 2 minutes); cracked or yelping; drawl,Watered Down; Loud Thoughts,Recommended,,,Both,High
A0508,Waxahatchee,American Weekend,2012,LP,Don Giovanni,L2,Core,"C7 Slacker, jangle, and power-pop revival",C3,Lo-fi,The South,"Birmingham, AL",,lo-fi; hushed; deadpan; fingerpicked acoustic; heartbreak,Be Good; Catfish,Essential,,Y,Both,Medium
A0509,Courtney Barnett,The Double EP: A Sea of Split Peas,2013,Compilation,Marathon Artists,L2,Core,"C7 Slacker, jangle, and power-pop revival",C2,Slacker,Australia and New Zealand,"Melbourne, Australia",,deadpan; drawl; storytelling; funny-sad; breezy,Avant Gardener; History Eraser,Essential,,Y,Documented,Medium
A0510,Dick Diver,Calendar Days,2013,LP,Chapter Music,L2,Core,"C7 Slacker, jangle, and power-pop revival",,Jangle,Australia and New Zealand,"Melbourne, Australia",,jangle; drawl; breezy; deadpan; hushed,Water Damage; Alice,Essential,,,Both,High
A0511,Kurt Vile,Wakin on a Pretty Daze,2013,LP,Matador Records,L2,Core,"C7 Slacker, jangle, and power-pop revival",,Slacker,Philadelphia,"Philadelphia, PA",Philadelphia DIY,drawl; fingerpicked acoustic; hushed; deadpan; long songs (7+ minutes),Wakin On A Pretty Day; KV Crimes; Never Run Away,Essential,,Y,Both,High
A0512,Radiator Hospital,Something Wild,2013,LP,Salinas Records,L2,Core,"C7 Slacker, jangle, and power-pop revival",,Punk,Philadelphia,"Philadelphia, PA",Philadelphia DIY,lo-fi; short songs (under 2 minutes); deadpan; drawl; Crazy Horse fuzz,Do You Remember?; Your Boyfriend; Something Wild,Recommended,,,Both,High
A0513,Speedy Ortiz,Major Arcana,2013,LP,Carpark,L2,Core,"C7 Slacker, jangle, and power-pop revival",,Slacker,The Northeast,"Northampton, MA",,noise wall; deadpan; cracked or yelping; long solos; drawl,Tiger Tank; No Below,Essential,,,Inferred,High
A0514,Swearin',Surfing Strange,2013,LP,Salinas Records,L2,Core,"C7 Slacker, jangle, and power-pop revival",,Punk,Philadelphia,"Philadelphia, PA",Philadelphia DIY,Crazy Horse fuzz; noise wall; cracked or yelping; short songs (under 2 minutes); deadpan,Dust in the Gold Sack; Surfing Strange,Recommended,,,Both,High
A0515,Twin Peaks,Sunken,2013,LP,Autumn Tone,L2,Core,"C7 Slacker, jangle, and power-pop revival",,Jangle,Chicago and the Midwest,"Chicago, IL",Chicago twang and DIY,Crazy Horse fuzz; short songs (under 2 minutes); drawl; rowdy; jangle,Baby Blue; Fast Eddie,Deep cut,,,Both,High
A0516,Waxahatchee,Cerulean Salt,2013,LP,Don Giovanni,L2,Core,"C7 Slacker, jangle, and power-pop revival",C3,Lo-fi,The South,"Birmingham, AL",,lo-fi; drawl; deadpan; heartbreak; small-town,Coast to Coast; Swan Dive; Lively,Essential,,Y,Documented,High
A0517,Alex G,DSU,2014,LP,Orchid Tapes,L1,Core,"C7 Slacker, jangle, and power-pop revival",C8,Lo-fi,Philadelphia,"Philadelphia, PA",,lo-fi; cracked or yelping; fingerpicked acoustic; hushed; breezy,Harvey; After Ur Gone,Essential,,Y,Documented,Medium
A0518,Mac DeMarco,Salad Days,2014,LP,Captured Tracks,L1,Core,"C7 Slacker, jangle, and power-pop revival",,Slacker,"The UK, Ireland and Canada",Edmonton / Montreal,,breezy; deadpan; jangle; funny-sad; hushed,Salad Days; Passing Out Pieces; Brother,Essential,,Y,Documented,High
A0519,Nap Eyes,Whine of the Mystic,2014,LP,You've Changed Records,L1,Core,"C7 Slacker, jangle, and power-pop revival",,Jangle,"The UK, Ireland and Canada",Halifax,,jangle; deadpan; storytelling; drawl; funny-sad,Trust Their Feet; Dark Creedence,Recommended,,Y,Inferred,High
A0520,NE-HI,NE-HI,2014,LP,Manic Static,L1,Core,"C7 Slacker, jangle, and power-pop revival",,Jangle,Chicago and the Midwest,"Chicago, IL",Chicago twang and DIY,jangle; Crazy Horse fuzz; harmonized guitars; anthemic; drawl,Haunted Summer; The Times I'm Not There,Recommended,,,Both,High
A0521,Radiator Hospital,Torch Song,2014,LP,Salinas Records,L1,Core,"C7 Slacker, jangle, and power-pop revival",,Punk,Philadelphia,"Philadelphia, PA",Philadelphia DIY,lo-fi; short songs (under 2 minutes); deadpan; drawl; hushed,Leather & Lace; Blue Gown; Sleeping House,Recommended,,,Both,High
A0522,Remember Sports,Sunchokes,2014,LP,Self-released,L1,Core,"C7 Slacker, jangle, and power-pop revival",,Punk,Philadelphia,"Philadelphia, PA",Philadelphia DIY,short songs (under 2 minutes); shouted; deadpan; Crazy Horse fuzz; drawl,Sunchokes,Deep cut,,,Inferred,High
A0523,Say Sue Me,We've Sobered Up,2014,LP,Electric Muse,L1,Core,"C7 Slacker, jangle, and power-pop revival",,Jangle,Elsewhere,"Busan, South Korea",,jangle; breezy; drawl; harmonized guitars,To Be Wise; Sorry That I'm Drunk; Bad Feeling,Recommended,,,Inferred,High
A0524,Twin Peaks,Wild Onion,2014,LP,Grand Jury Music,L1,Core,"C7 Slacker, jangle, and power-pop revival",,Jangle,Chicago and the Midwest,"Chicago, IL",Chicago twang and DIY,Crazy Horse fuzz; rowdy; anthemic; harmonized guitars; short songs (under 2 minutes),Flavor; Making Breakfast,Recommended,,,Inferred,High
A0525,Warehouse,Tesseract,2014,LP,Self-released,L1,Core,"C7 Slacker, jangle, and power-pop revival",,Jangle,The South,"Atlanta, GA",,jangle; harmonized guitars; shouted; noise wall; anthemic,Simultaneous Contrasts; Reservoir; Long Exposure,Recommended,,,Inferred,Medium
A0526,Alex G,Beach Music,2015,LP,Domino Recording Co.,L1,Core,"C7 Slacker, jangle, and power-pop revival",,Lo-fi,Philadelphia,"Philadelphia, PA",,lo-fi; cracked or yelping; drum machine; synths; bleak,Bug; Salt,Recommended,,Y,Documented,Medium
A0527,Car Seat Headrest,Teens of Style,2015,LP,Matador Records,L1,Core,"C7 Slacker, jangle, and power-pop revival",,Lo-fi,The Northeast,"Seattle, WA (formerly Leesburg, VA)",,lo-fi; drawl; deadpan; noise wall; funny-sad,"Sunburned Shirts; Bad Role Models, Good I Am",Recommended,,Y,Documented,High
A0528,Chook Race,About Time,2015,LP,Self-released,L1,Core,"C7 Slacker, jangle, and power-pop revival",,Jangle,Australia and New Zealand,"Melbourne, Australia",Melbourne,jangle; deadpan; short songs (under 2 minutes),Dentists; Time; Clever,Deep cut,,,Inferred,Medium
A0529,Courtney Barnett,"Sometimes I Sit and Think, and Sometimes I Just Sit",2015,LP,Milk! Records,L1,Core,"C7 Slacker, jangle, and power-pop revival",,Slacker,Australia and New Zealand,"Melbourne, Australia",Melbourne,deadpan; drawl; storytelling; small-town; funny-sad,Pedestrian At Best; Depreston; Elevator Operator,Essential,Y,Y,Inferred,High
A0530,Kurt Vile,b'lieve i'm goin down...,2015,LP,Matador Records,L1,Core,"C7 Slacker, jangle, and power-pop revival",C2,Slacker,Philadelphia,"Philadelphia, PA",Philadelphia DIY,drawl; deadpan; fingerpicked acoustic; hushed; funny-sad,Pretty Pimpin; Wheelhouse; I'm an Outlaw,Recommended,,Y,Inferred,High
A0531,Remember Sports,All of Something,2015,LP,Father/Daughter Records,L1,Core,"C7 Slacker, jangle, and power-pop revival",,Punk,Philadelphia,"Philadelphia, PA",Philadelphia DIY,short songs (under 2 minutes); shouted; funny-sad; jangle; breezy,Stunted; Getting On in Spite of You; Reality TV,Recommended,,,Documented,High
A0532,Speedy Ortiz,Foil Deer,2015,LP,Carpark,L1,Core,"C7 Slacker, jangle, and power-pop revival",,Slacker,The Northeast,"Northampton, MA",,noise wall; long solos; cracked or yelping; anthemic; shouted,Raising the Skate; The Graduates,Recommended,,,Inferred,High
A0533,Twerps,Range Anxiety,2015,LP,Chapter Music,L1,Core,"C7 Slacker, jangle, and power-pop revival",,Jangle,Australia and New Zealand,Melbourne,,jangle; breezy; harmonized guitars; hushed; drawl,I Don't Mind; Back to You,Deep cut,,,Inferred,High
A0534,Waxahatchee,Ivy Tripp,2015,LP,Merge,L1,Core,"C7 Slacker, jangle, and power-pop revival",C3,Slacker,The South,"Birmingham, AL",,drum machine; synths; lo-fi; deadpan; hushed,Breathless; La Loose; Air,Recommended,,Y,Documented,High
A0535,Car Seat Headrest,Teens of Denial,2016,LP,Matador Records,L1,Core,"C7 Slacker, jangle, and power-pop revival",,Slacker,The West,"Seattle, WA",Seattle,deadpan; funny-sad; anthemic; long songs (7+ minutes); drinking songs,Fill In The Blank; Drunk Drivers/Killer Whales; Destroyed By Hippie Powers,Essential,Y,Y,Both,High
A0536,Casper Skulls,Lips & Skull,2016,EP,Buzz Records,L1,Core,"C7 Slacker, jangle, and power-pop revival",,Jangle,"The UK, Ireland and Canada","Toronto, Canada",,jangle; deadpan; storytelling; harmonized guitars; breezy,Lips and Skull; Dying in Eight Verses,Deep cut,,,Documented,High
A0537,Chook Race,Around the House,2016,LP,Trouble in Mind Records,L1,Core,"C7 Slacker, jangle, and power-pop revival",,Jangle,Australia and New Zealand,"Melbourne, Australia",,jangle; lo-fi; breezy; deadpan; short songs (under 2 minutes),Hard to Clean; Eggshells,Recommended,,,Documented,Medium
A0538,Hurry,Guided Meditation,2016,LP,Lame-O Records,L1,Core,"C7 Slacker, jangle, and power-pop revival",,Power pop,Philadelphia,"Philadelphia, PA",Philadelphia DIY,jangle; short songs (under 2 minutes); funny-sad; deadpan; heartbreak,Nothing To Say; Fascination; Telepathic,Deep cut,,Y,Both,High
A0539,Mo Troper,Beloved,2016,LP,Good Cheer Records,L1,Core,"C7 Slacker, jangle, and power-pop revival",,Power pop,The West,"Portland, OR",,jangle; short songs (under 2 minutes); funny-sad; pop-culture references; lo-fi,Happy Birthday; Judy Garland; Star Wars,Recommended,,,Inferred,High
A0540,Nap Eyes,Thought Rock Fish Scale,2016,LP,Paradise of Bachelors,L1,Core,"C7 Slacker, jangle, and power-pop revival",,Jangle,"The UK, Ireland and Canada",Halifax,,jangle; deadpan; storytelling; drawl; cracked or yelping,Everytime the Feeling; Stargazer,Recommended,,Y,Inferred,High
A0541,Rolling Blackouts Coastal Fever,Talk Tight,2016,EP,Ivy League Records,L1,Core,"C7 Slacker, jangle, and power-pop revival",,Jangle,Australia and New Zealand,"Melbourne, Australia",,jangle; harmonized guitars; breezy; road songs; anthemic,Wither With You; Wide Eyes; Heard You're Moving,Recommended,,Y,Inferred,High
A0542,Terry,Terry HQ,2016,LP,Upset The Rhythm,L1,Core,"C7 Slacker, jangle, and power-pop revival",,Jangle,Australia and New Zealand,Melbourne,,jangle; deadpan; short songs (under 2 minutes); drawl; funny-sad,Moscow on Thames; Hot Heads; Uncle Greg,Deep cut,,,Both,High
A0543,Tony Molina,Confront the Truth,2016,EP,Slumberland Records,L1,Core,"C7 Slacker, jangle, and power-pop revival",,Power pop,The West,"San Francisco Bay Area, CA",,fingerpicked acoustic; hushed; funny-sad; short songs (under 2 minutes); baritone,Lisa's Song; Hung Up On The Dream; Banshee,Recommended,,,Both,Medium
A0544,Twin Peaks,Down in Heaven,2016,LP,Grand Jury Records,L1,Core,"C7 Slacker, jangle, and power-pop revival",,Jangle,Chicago and the Midwest,"Chicago, IL",Chicago twang and DIY,harmonized guitars; anthemic; rowdy; breezy; Crazy Horse fuzz,Getting Better; Walk to the One You Love,Recommended,,,Inferred,High
A0545,Warehouse,super low,2016,LP,Bayonet Records,L1,Core,"C7 Slacker, jangle, and power-pop revival",,Jangle,The South,"Atlanta, GA",,jangle; harmonized guitars; shouted; anthemic; noise wall,Oscillator; Audrey Horne; Long Exposure,Recommended,,,Documented,High
A0546,Alex G,Rocket,2017,LP,Domino Recording Co.,L1,Core,"C7 Slacker, jangle, and power-pop revival",C5,Lo-fi,Philadelphia,"Philadelphia, PA",,fiddle; fingerpicked acoustic; cracked or yelping; lo-fi; short songs (under 2 minutes),Bobby; Proud,Essential,,Y,Documented,Medium
A0547,Casper Skulls,Mercy Works,2017,LP,Buzz Records,L1,Core,"C7 Slacker, jangle, and power-pop revival",,Jangle,"The UK, Ireland and Canada","Toronto, Canada",,jangle; deadpan; storytelling; harmonized guitars; anthemic,Lingua Franca; Colour of the Outside,Recommended,,,Documented,High
A0548,Kurt Vile & Courtney Barnett,Lotta Sea Lice,2017,Collab,Matador Records,L1,Core,"C7 Slacker, jangle, and power-pop revival",C2,Slacker,Philadelphia,"Philadelphia, PA / Melbourne, Australia",,drawl; fingerpicked acoustic; duets; breezy; deadpan,Over Everything; Continental Breakfast,Recommended,,,Documented,High
A0549,Mac DeMarco,This Old Dog,2017,LP,Captured Tracks,L1,Core,"C7 Slacker, jangle, and power-pop revival",,Indie folk,"The UK, Ireland and Canada",Edmonton / Montreal,,fingerpicked acoustic; synths; hushed; drawl; funny-sad,My Old Man; On the Level,Recommended,,Y,Inferred,High
A0550,Mo Troper,Exposure & Response,2017,LP,Good Cheer Records,L1,Core,"C7 Slacker, jangle, and power-pop revival",,Power pop,The West,"Portland, OR",,jangle; short songs (under 2 minutes); funny-sad; anthemic; lo-fi,Rock And Roll Will Change The World; Old Man; Window Seat,Essential,,,Inferred,High
A0551,NE-HI,Offers,2017,LP,Grand Jury Music,L1,Core,"C7 Slacker, jangle, and power-pop revival",,Jangle,Chicago and the Midwest,"Chicago, IL",Chicago twang and DIY,jangle; Crazy Horse fuzz; anthemic; harmonized guitars; breezy,Offers; Now,Recommended,,,Documented,High
A0552,Pardoner,Uncontrollable Salvation,2017,LP,Father Daughter Records,L1,Core,"C7 Slacker, jangle, and power-pop revival",,Lo-fi,The West,"San Francisco, CA",,Crazy Horse fuzz; noise wall; deadpan; shouted; drawl,Blue Hell; Carousel of Punishment,Recommended,,,Inferred,High
A0553,Radiator Hospital,"Play ""The Songs You Like""",2017,LP,Salinas Records,L1,Core,"C7 Slacker, jangle, and power-pop revival",,Lo-fi,Philadelphia,"Philadelphia, PA",Philadelphia DIY,lo-fi; funny-sad; deadpan; heartbreak; short songs (under 2 minutes),Long Distance Dedication; The Songs You Like; Sycamore (By Martha),Recommended,,,Inferred,High
A0554,Rolling Blackouts Coastal Fever,The French Press,2017,EP,Ivy League Records / Sub Pop,L1,Core,"C7 Slacker, jangle, and power-pop revival",,Jangle,Australia and New Zealand,"Melbourne, Australia",,jangle; harmonized guitars; breezy; road songs; anthemic,French Press; Julie's Place; Colours Run,Essential,,Y,Both,High
A0555,Terry,Remember Terry,2017,LP,Upset the Rhythm / Anti Fade,L1,Core,"C7 Slacker, jangle, and power-pop revival",,Punk,Australia and New Zealand,"Melbourne, Australia",,jangle; deadpan; shouted; pop-culture references; funny-sad,Rio; Give Up The Crown; Glory,Recommended,,,Documented,High
A0556,Waxahatchee,Out in the Storm,2017,LP,Merge,L1,Core,"C7 Slacker, jangle, and power-pop revival",,Slacker,The South,"Birmingham, AL",,anthemic; shouted; heartbreak; cracked or yelping; drawl,Never Been Wrong; 8 Ball; Silver,Recommended,,Y,Documented,High
A0557,Beach Bunny,Prom Queen,2018,EP,Mom + Pop,L1,Core,"C7 Slacker, jangle, and power-pop revival",,Power pop,Chicago and the Midwest,"Chicago, IL",,jangle; breezy; short songs (under 2 minutes); anthemic; cracked or yelping,Prom Queen; Deer Head,Recommended,,,Both,High
A0558,Bonny Doon,Longwave,2018,LP,Woodsist,L1,Core,"C7 Slacker, jangle, and power-pop revival",C6,Slacker,Chicago and the Midwest,"Detroit, MI",,drawl; hushed; fingerpicked acoustic; breezy; close harmonies,I Am Nothing; A Lack of Oz,Recommended,,Y,Both,High
A0559,Car Seat Headrest,Twin Fantasy (Face to Face),2018,LP,Matador Records,L1,Core,"C7 Slacker, jangle, and power-pop revival",C2,Lo-fi,The Northeast,"Seattle, WA",,drawl; deadpan; funny-sad; long songs (7+ minutes); anthemic,Beach Life-in-Death; Bodys,Essential,,Y,Documented,High
A0560,Courtney Barnett,Tell Me How You Really Feel,2018,LP,Milk!/Mom+Pop,L1,Core,"C7 Slacker, jangle, and power-pop revival",C2,Slacker,Australia and New Zealand,"Melbourne, Australia",,deadpan; drawl; feedback; funny-sad; anthemic,"Nameless, Faceless; City Looks Pretty",Recommended,,Y,Documented,Medium
A0561,Golden Apples,Strong,2018,EP,Lame-O Records,L1,Core,"C7 Slacker, jangle, and power-pop revival",,Power pop,Philadelphia,"Philadelphia, PA",Philadelphia DIY,jangle; harmonized guitars; breezy; short songs (under 2 minutes); funny-sad,Don't Be Long; The 15th; Occasional,Deep cut,,Y,Inferred,High
A0562,Kurt Vile,Bottle It In,2018,LP,Matador Records,L1,Core,"C7 Slacker, jangle, and power-pop revival",,Slacker,Philadelphia,"Philadelphia, PA",,drawl; long songs (7+ minutes); fingerpicked acoustic; hushed; breezy,Bassackwards; Loading Zones,Recommended,,Y,Both,Medium
A0563,Nap Eyes,I'm Bad Now,2018,LP,Jagjaguwar,L1,Core,"C7 Slacker, jangle, and power-pop revival",,Jangle,"The UK, Ireland and Canada",Halifax,,jangle; deadpan; storytelling; drawl; hushed,Every Time the Feeling; Follow Me Down,Recommended,,Y,Inferred,High
A0564,Remember Sports,Slow Buzz,2018,LP,Father/Daughter,L1,Core,"C7 Slacker, jangle, and power-pop revival",,Power pop,Philadelphia,"Philadelphia, PA",Philadelphia DIY,anthemic; short songs (under 2 minutes); shouted; Crazy Horse fuzz; funny-sad,Otherwise; Doing the Right Thing,Recommended,,,Inferred,High
A0565,Rolling Blackouts Coastal Fever,Hope Downs,2018,LP,Sub Pop,L1,Core,"C7 Slacker, jangle, and power-pop revival",,Jangle,Australia and New Zealand,Melbourne,,jangle; harmonized guitars; anthemic; breezy; storytelling,An Air Conditioned Man; Talking Straight; Time in Common,Essential,,Y,Inferred,High
A0566,Say Sue Me,Where We Were Together,2018,LP,Damnably,L1,Core,"C7 Slacker, jangle, and power-pop revival",,Jangle,Elsewhere,"Busan, South Korea",,jangle; breezy; harmonized guitars; drawl,Old Town; But I Like You,Recommended,,,Inferred,High
A0567,Snail Mail,Lush,2018,LP,Matador,L1,Core,"C7 Slacker, jangle, and power-pop revival",,Slacker,The Northeast,"Baltimore, MD",,jangle; deadpan; heartbreak; short songs (under 2 minutes); drawl,Pristine; Heat Wave; Habit,Essential,,,Both,High
A0568,Soccer Mommy,Clean,2018,LP,Fat Possum Records,L1,Core,"C7 Slacker, jangle, and power-pop revival",,Slacker,The South,"Nashville, TN",,deadpan; hushed; heartbreak; jangle; lo-fi,Your Dog; Cool; Blossom (Wasting All My Time),Recommended,,,Both,High
A0569,Speedy Ortiz,Twerp Verse,2018,LP,Carpark Records,L1,Core,"C7 Slacker, jangle, and power-pop revival",,Noise,The Northeast,"Philadelphia, PA",,noise wall; feedback; shouted; political; storytelling,Villain; Lucky 88; You Hate The Title,Recommended,,,Documented,High
A0570,Swearin',Fall Into the Sun,2018,LP,Merge Records,L1,Core,"C7 Slacker, jangle, and power-pop revival",,Jangle,Philadelphia,"Philadelphia, PA",Philadelphia DIY,jangle; feedback; heartbreak; harmonized guitars; storytelling,Big Change; Margaret; Future Hell,Recommended,,,Documented,High
A0571,Terry,I'm Terry,2018,LP,Upset the Rhythm / Anti Fade,L1,Core,"C7 Slacker, jangle, and power-pop revival",,Punk,Australia and New Zealand,"Melbourne, Australia",,jangle; deadpan; shouted; funny-sad; political,Carpe Diem; Oh Helen; Ciao Goodbye,Recommended,,,Documented,High
A0572,Tony Molina,Kill the Lights,2018,LP,Slumberland Records,L1,Core,"C7 Slacker, jangle, and power-pop revival",,Power pop,The West,"San Francisco Bay Area, CA",,harmonized guitars; fingerpicked acoustic; funny-sad; short songs (under 2 minutes); baritone,Nothing I Can Say; Wrong Town; Before You Go,Essential,,,Inferred,Medium
A0573,Alex G,House of Sugar,2019,LP,Domino Recording Co.,L1,Core,"C7 Slacker, jangle, and power-pop revival",,Lo-fi,Philadelphia,"Philadelphia, PA",,cracked or yelping; synths; drum machine; bleak; hushed,Hope; Southern Sky,Essential,,Y,Documented,High
A0574,Mac DeMarco,Here Comes the Cowboy,2019,LP,Mac's Record Label,L1,Core,"C7 Slacker, jangle, and power-pop revival",,Slacker,"The UK, Ireland and Canada",Edmonton / Montreal,,lo-fi; drawl; deadpan; breezy; lullaby,Nobody; Choo Choo,Deep cut,,Y,Inferred,High
A0575,Truth Club,Not An Exit,2019,LP,Tiny Engines,L1,Core,"C7 Slacker, jangle, and power-pop revival",,Slacker,The Carolinas,"Raleigh, NC",Raleigh,deadpan; funny-sad; short songs (under 2 minutes); drawl; noise wall,I Know There Is; Student Housing; Not An Exit,Recommended,,Y,Inferred,Medium
A0576,Twin Peaks,Lookout Low,2019,LP,Self-released,L1,Core,"C7 Slacker, jangle, and power-pop revival",,Jangle,Chicago and the Midwest,"Chicago, IL",Chicago twang and DIY,breezy; anthemic; harmonized guitars; rowdy,Lookout Low; Dance Through It,Recommended,,,Documented,High
A0577,2nd Grade,Hit to Hit,2020,LP,Double Double Whammy,L1,Core,"C7 Slacker, jangle, and power-pop revival",,Power pop,Philadelphia,"Philadelphia, PA",Philadelphia DIY,jangle; short songs (under 2 minutes); pop-culture references; lo-fi; harmonized guitars,Trigger Finger; Dennis Hopper in Easy Rider; Boys In Heat,Recommended,,Y,Both,High
A0578,Car Seat Headrest,Making a Door Less Open,2020,LP,Matador Records,L1,Core,"C7 Slacker, jangle, and power-pop revival",,Lo-fi,The Northeast,"Seattle, WA",,synths; drum machine; deadpan; funny-sad; anthemic,Can't Cool Me Down; Deadlines (Hostile),Recommended,,Y,Documented,High
A0579,Jon McKiel,Bobby Joe Hope,2020,LP,You've Changed Records,L1,Core,"C7 Slacker, jangle, and power-pop revival",C6,Lo-fi,"The UK, Ireland and Canada","Baie Verte, New Brunswick, Canada",,lo-fi; fingerpicked acoustic; hushed; cosmic; drawl,Mourning Dove; Sun's Out,Recommended,,,Documented,High
A0580,Kiwi Jr.,Football Money,2020,LP,Mint Records,L1,Core,"C7 Slacker, jangle, and power-pop revival",,Jangle,"The UK, Ireland and Canada","Toronto, Canada",,jangle; deadpan; harmonized guitars; pop-culture references; breezy,Highlands Metal; Salary Man,Recommended,,Y,Documented,Medium
A0581,Lawn,Johnny,2020,LP,Self-released,L1,Core,"C7 Slacker, jangle, and power-pop revival",,Power pop,The South,"New Orleans, LA",,jangle; deadpan; breezy; short songs (under 2 minutes); funny-sad,Playing Dumb; Talk of the Town; Sunshine,Recommended,,Y,Documented,Medium
A0582,Mo Troper,Natural Beauty,2020,LP,Tender Loving Empire,L1,Core,"C7 Slacker, jangle, and power-pop revival",,Power pop,The West,"Portland, OR",,jangle; harmonized guitars; funny-sad; storytelling; breezy,Jas From Australia; I Eat; In Love With Everyone,Essential,,,Inferred,High
A0583,Nap Eyes,Snapshot of a Beginner,2020,LP,Royal Mountain Records,L1,Core,"C7 Slacker, jangle, and power-pop revival",,Jangle,"The UK, Ireland and Canada",Halifax,,jangle; deadpan; storytelling; drawl; breezy,Mark Zuckerberg; Snapshot of a Beginner,Recommended,,Y,Documented,High
A0584,Rolling Blackouts Coastal Fever,Sideways to New Italy,2020,LP,Sub Pop,L1,Core,"C7 Slacker, jangle, and power-pop revival",,Jangle,Australia and New Zealand,Melbourne,,jangle; harmonized guitars; breezy; anthemic; road songs,The Second of the First; Falling Thunder,Recommended,,Y,Inferred,High
A0585,Slow Pulp,Moveys,2020,LP,Winspear,L1,Core,"C7 Slacker, jangle, and power-pop revival",C4,Shoegaze,Chicago and the Midwest,"Madison, WI / Chicago, IL",,noise wall; jangle; breezy; hushed; polished,Idaho; Montana; Falling Apart,Recommended,,,Inferred,High
A0586,Beach Bunny,Blame Game,2021,EP,Mom + Pop,L1,Core,"C7 Slacker, jangle, and power-pop revival",,Power pop,Chicago and the Midwest,"Chicago, IL",,jangle; anthemic; breezy; cracked or yelping; short songs (under 2 minutes),Good Girls (Don't Get Used); Blame Game,Recommended,,,Documented,High
A0587,Casper Skulls,Knows No Kindness,2021,LP,Buzz Records,L1,Core,"C7 Slacker, jangle, and power-pop revival",,Jangle,"The UK, Ireland and Canada","Toronto, Canada",,jangle; deadpan; storytelling; harmonized guitars; breezy,Onward; Quality of Life,Recommended,,,Documented,High
A0588,Courtney Barnett,"Things Take Time, Take Time",2021,LP,Milk! Records,L1,Core,"C7 Slacker, jangle, and power-pop revival",,Slacker,Australia and New Zealand,"Melbourne, Australia",Melbourne,deadpan; breezy; drum machine; hushed,"Things Take Time, Take Time",Deep cut,,Y,Inferred,High
A0589,Ducks Ltd.,Modern Fiction,2021,LP,Carpark Records,L1,Core,"C7 Slacker, jangle, and power-pop revival",,Jangle,"The UK, Ireland and Canada","Toronto, Canada",,jangle; harmonized guitars; breezy; anthemic; drum machine,The Main Thing; 18 Cigarettes,Recommended,,,Both,Medium
A0590,The Goon Sax,Mirror II,2021,LP,Matador Records,L1,Core,"C7 Slacker, jangle, and power-pop revival",,Jangle,Australia and New Zealand,"Brisbane, Australia",Brisbane,jangle; close harmonies; deadpan; synths,In the Stone; Psychic; Desire,Essential,,Y,Both,High
A0591,Hovvdy,True Love,2021,LP,Grand Jury Music,L1,Core,"C7 Slacker, jangle, and power-pop revival",C5,Slacker,Texas and Oklahoma,"Austin, TX",Austin,hushed; lullaby; lo-fi; deadpan,True Love; Sometimes; Lake June,Recommended,,Y,Inferred,High
A0592,Hurry,Fake Ideas,2021,LP,Lame-O Records,L1,Core,"C7 Slacker, jangle, and power-pop revival",,Power pop,Philadelphia,"Philadelphia, PA",Philadelphia DIY,jangle; short songs (under 2 minutes); funny-sad; deadpan; heartbreak,"A Fake Idea; Doomsday; Where You Go, I Go",Recommended,,Y,Inferred,High
A0593,Kiwi Jr.,Cooler Returns,2021,LP,Sub Pop,L1,Core,"C7 Slacker, jangle, and power-pop revival",,Jangle,"The UK, Ireland and Canada","Toronto, Canada",,jangle; deadpan; storytelling; pop-culture references,Tyler; Undecided Voters; Cooler Returns,Recommended,,Y,Inferred,High
A0594,Major Murphy,Access,2021,LP,Self-released,L1,Core,"C7 Slacker, jangle, and power-pop revival",,Jangle,Chicago and the Midwest,"Grand Rapids, MI",,jangle; harmonized guitars; anthemic; breezy; hushed,Access; Attention; Unfazed,Recommended,,,Inferred,High
A0595,Pardoner,Came Down Different,2021,LP,Bar/None Records,L1,Core,"C7 Slacker, jangle, and power-pop revival",,Lo-fi,The West,"San Francisco, CA",,Crazy Horse fuzz; noise wall; shouted; deadpan; short songs (under 2 minutes),Donna Said; Tranquilizer; Came Down Different,Recommended,,,Inferred,High
A0596,Remember Sports,Like a Stone,2021,LP,Father/Daughter Records,L1,Core,"C7 Slacker, jangle, and power-pop revival",,Power pop,Philadelphia,"Philadelphia, PA",Philadelphia DIY,jangle; harmonized guitars; funny-sad; storytelling; breezy,Pinky Ring; Materialistic; Coffee Machine,Essential,,,Documented,High
A0597,Snail Mail,Valentine,2021,LP,Matador,L1,Core,"C7 Slacker, jangle, and power-pop revival",,Slacker,The Northeast,"Baltimore, MD",,synths; anthemic; heartbreak; cracked or yelping; hushed,Valentine; Ben Franklin; Light Blue,Recommended,,,Inferred,High
A0598,2nd Grade,Easy Listening,2022,LP,Double Double Whammy,L1,Core,"C7 Slacker, jangle, and power-pop revival",,Power pop,Philadelphia,"Philadelphia, PA",Philadelphia DIY,jangle; short songs (under 2 minutes); pop-culture references; harmonized guitars; breezy,Cover of Rolling Stone; Strung Out On You; Keith And Telecaster,Recommended,,Y,Both,High
A0599,Alex G,God Save the Animals,2022,LP,Domino Recording Company,L1,Core,"C7 Slacker, jangle, and power-pop revival",C8,Lo-fi,Philadelphia,"Philadelphia, PA",Philadelphia DIY,lo-fi; hushed; deadpan; cracked or yelping; spiritual or gospel,Runner; Blessing; Immunity,Essential,,Y,Inferred,High
A0600,The Beths,Expert in a Dying Field,2022,LP,Carpark Records,L1,Core,"C7 Slacker, jangle, and power-pop revival",,Power pop,Australia and New Zealand,"Auckland, New Zealand",,jangle; anthemic; harmonized guitars; heartbreak,Expert In A Dying Field; Knees Deep; Silence is Golden,Recommended,,,Inferred,High
A0601,The Bug Club,Green Dream in F#,2022,LP,Bingo Records,L1,Core,"C7 Slacker, jangle, and power-pop revival",,Punk,"The UK, Ireland and Canada","Caldicot, Wales",,deadpan; rowdy; short songs (under 2 minutes); jangle; pop-culture references,Green Dream in F#; Only In Love; Six O'Clock News,Recommended,,Y,Both,High
A0602,Dazy,OUTOFBODY,2022,LP,Lame-O Records,L1,Core,"C7 Slacker, jangle, and power-pop revival",,Power pop,The South,"Richmond, VA",,Crazy Horse fuzz; short songs (under 2 minutes); anthemic,Out Of Body; Split; Rollercoaster Ride,Recommended,,,Inferred,Medium
A0603,Graham Hunt,If You Knew Would You Believe It?,2022,LP,Smoking Room,L1,Core,"C7 Slacker, jangle, and power-pop revival",,Power pop,Chicago and the Midwest,"Madison, WI",,jangle; pop-culture references; cracked or yelping; cosmic; breezy,How Is That Different; Atwood; Turning Green,Deep cut,,,Documented,High
A0604,Horsegirl,Versions of Modern Performance,2022,LP,Matador Records,L1,Core,"C7 Slacker, jangle, and power-pop revival",C9,Slacker,Chicago and the Midwest,"Chicago, IL",Chicago twang and DIY,noise wall; feedback; deadpan; jangle; short songs (under 2 minutes),Anti-glory; Dirtbag Transformation (Still Dirty); World of Pots and Pans,Essential,,Y,Inferred,High
A0605,Joe Glass,Slither,2022,LP,Self-released,L1,Core,"C7 Slacker, jangle, and power-pop revival",,Power pop,Chicago and the Midwest,"Rockford, IL / Chicago, IL",,jangle; drawl; pop-culture references; breezy; cracked or yelping,Slither,Deep cut,,Y,Inferred,Medium
A0606,Kiwi Jr.,Chopper,2022,LP,Sub Pop,L1,Core,"C7 Slacker, jangle, and power-pop revival",,Jangle,"The UK, Ireland and Canada","Toronto, Canada",,jangle; deadpan; synths,Chopper,Deep cut,,Y,Inferred,High
A0607,Kurt Vile,Watch My Moves,2022,LP,Verve Records,L1,Core,"C7 Slacker, jangle, and power-pop revival",,Slacker,Philadelphia,"Philadelphia, PA",,synths; drawl; breezy; hushed; fingerpicked acoustic,Fair Warning; Hey Like a Child,Recommended,,Y,Documented,Medium
A0608,Lawn,Bigger Sprout,2022,LP,Born Yesterday Records,L1,Core,"C7 Slacker, jangle, and power-pop revival",,Power pop,The South,New Orleans,,short songs (under 2 minutes); anthemic; Crazy Horse fuzz; deadpan; breezy,Down; Medicine Forever; Night Life,Recommended,,Y,Inferred,High
A0609,Mo Troper,MTV,2022,LP,Lame-O Records,L1,Core,"C7 Slacker, jangle, and power-pop revival",,Power pop,The West,"Portland, OR",,short songs (under 2 minutes); anthemic; Crazy Horse fuzz; funny-sad; pop-culture references,Between You & Me; Power Pop Chat; Royal Jelly,Recommended,,,Inferred,High
A0610,Rolling Blackouts Coastal Fever,Endless Rooms,2022,LP,Sub Pop,L1,Core,"C7 Slacker, jangle, and power-pop revival",,Jangle,Australia and New Zealand,Melbourne,,jangle; harmonized guitars; long songs (7+ minutes); anthemic; storytelling,The Way It Shatters; My Echo; Coldwater,Recommended,,Y,Inferred,High
A0611,Say Sue Me,The Last Thing Left,2022,LP,Damnably,L1,Core,"C7 Slacker, jangle, and power-pop revival",,Jangle,Elsewhere,"Busan, South Korea",,jangle; breezy; hushed; harmonized guitars; lullaby,The Last Thing Left; Around You; Photo Of You,Recommended,,,Both,High
A0612,Why Bonnie,90 In November,2022,LP,Keeled Scales,L1,Core,"C7 Slacker, jangle, and power-pop revival",C1,Slacker,The Northeast,"Brooklyn, NY (via Austin, TX)",,drawl; road songs; heartbreak; storytelling; jangle,"Galveston; 90 In November; Nowhere, LA",Recommended,,,Inferred,High
A0613,Zook,Evergreen,2022,LP,Self-released,L1,Core,"C7 Slacker, jangle, and power-pop revival",,Jangle,The South,"Nashville, TN",,jangle; synths; drum machine; lo-fi; hushed,Evergreen,Deep cut,,,Inferred,Medium
A0614,Bonny Doon,Let There Be Music,2023,LP,ANTI-,L1,Core,"C7 Slacker, jangle, and power-pop revival",C2,Slacker,Chicago and the Midwest,"Detroit, MI",,hushed; breezy; deadpan; close harmonies,San Francisco; Naturally; Let There Be Music,Recommended,,Y,Inferred,High
A0615,The Bug Club,Rare Birds: Hour of Song,2023,LP,Self-released,L1,Core,"C7 Slacker, jangle, and power-pop revival",,Punk,"The UK, Ireland and Canada","Caldicot, Wales",,short songs (under 2 minutes); rowdy; funny-sad,Rare Birds,Deep cut,,Y,Inferred,Medium
A0616,Diners,DOMINO,2023,LP,Bar/None Records,L1,Core,"C7 Slacker, jangle, and power-pop revival",,Power pop,The West,"Los Angeles, CA",,jangle; breezy; harmonized guitars; pop-culture references; anthemic,Domino; Working On My Dreams,Recommended,,,Both,High
A0617,Golden Apples,Bananasugarfire,2023,LP,Lame-O Records,L1,Core,"C7 Slacker, jangle, and power-pop revival",,Power pop,Philadelphia,"Philadelphia, PA",Philadelphia DIY,jangle; Crazy Horse fuzz; funny-sad; harmonized guitars,Sugarfire,Deep cut,,Y,Inferred,High
A0618,Graham Hunt,Try Not To Laugh,2023,LP,Smoking Room,L1,Core,"C7 Slacker, jangle, and power-pop revival",,Power pop,Chicago and the Midwest,"Madison, WI",,jangle; pop-culture references; breezy; cracked or yelping; anthemic,Try Not To Laugh,Deep cut,,,Documented,High
A0619,Hotline TNT,Cartwheel,2023,LP,Third Man Records,L1,Core,"C7 Slacker, jangle, and power-pop revival",X9,Slacker,The Northeast,"New York, NY",,feedback; noise wall; jangle; drawl,Protocol; History Channel; I Know You,Recommended,,Y,Inferred,High
A0620,King Tuff,Smalltown Stardust,2023,LP,Sub Pop Records,L1,Core,"C7 Slacker, jangle, and power-pop revival",,Power pop,The Northeast,"Brattleboro, VT",,jangle; synths; breezy; cosmic; anthemic,Love Letters To Plants; Smalltown Stardust,Deep cut,,,Inferred,High
A0621,Liquid Mike,S/T,2023,LP,Self-released,L1,Core,"C7 Slacker, jangle, and power-pop revival",,Power pop,Chicago and the Midwest,"Marquette, MI",,jangle; short songs (under 2 minutes); anthemic; funny-sad; harmonized guitars,American Record; BLC; Rav4,Recommended,,,Inferred,Medium
A0622,Mac DeMarco,Five Easy Hot Dogs,2023,LP,Mac's Record Label,L1,Core,"C7 Slacker, jangle, and power-pop revival",,Lo-fi,The West,"Los Angeles, CA",,lo-fi; breezy; hushed; road songs; cosmic,Portland; Home Bug; 5 Dogs,Deep cut,,Y,Inferred,Medium
A0623,Sharp Pins,Turtle Rock,2023,LP,Hallogallo Tapes,L1,Core,"C7 Slacker, jangle, and power-pop revival",,Power pop,Chicago and the Midwest,"Chicago, IL",,lo-fi; short songs (under 2 minutes); harmonized guitars; anthemic; Crazy Horse fuzz,Bye Bye Basil; Breathing Air; Turtle Rock,Recommended,,,Inferred,High
A0624,Slow Pulp,Yard,2023,LP,ANTI-,L1,Core,"C7 Slacker, jangle, and power-pop revival",C4,Shoegaze,Chicago and the Midwest,"Chicago, IL",,noise wall; jangle; polished; breezy; hushed,Gone 2; Doubt; Fishes,Essential,,,Inferred,High
A0625,Speedy Ortiz,Rabbit Rabbit,2023,LP,Wax Nine Records,L1,Core,"C7 Slacker, jangle, and power-pop revival",,Noise,Philadelphia,"Philadelphia, PA",,noise wall; feedback; storytelling; political; long solos,You S02; Scabs; Ghostwriter,Recommended,,,Documented,High
A0626,Superviolet,Infinite Spring,2023,LP,Lame-O Records,L1,Core,"C7 Slacker, jangle, and power-pop revival",,Power pop,Chicago and the Midwest,"Columbus, OH",,jangle; harmonized guitars; anthemic; breezy; short songs (under 2 minutes),Angels On The Ground; Big Songbirds Don't Cry; Infinite Spring,Essential,,,Inferred,Medium
A0627,Terry,Call Me Terry,2023,LP,Upset the Rhythm / Anti Fade,L1,Core,"C7 Slacker, jangle, and power-pop revival",,Punk,Australia and New Zealand,"Melbourne, Australia",,jangle; deadpan; shouted; horns; political,Miracles; Gold Duck; Golden Head,Recommended,,,Documented,High
A0628,Truth Club,Running From the Chase,2023,LP,Double Double Whammy,L1,Core,"C7 Slacker, jangle, and power-pop revival",,Slacker,The Carolinas,"Raleigh, NC",Raleigh,deadpan; funny-sad; drawl; cracked or yelping; anthemic,Suffer Debt; Uh Oh; Blue Eternal,Essential,,Y,Inferred,High
A0629,The Tubs,Dead Meat,2023,LP,Trouble in Mind,L1,Core,"C7 Slacker, jangle, and power-pop revival",,Jangle,"The UK, Ireland and Canada",Wales / London,,jangle; harmonized guitars; anthemic; drawl; storytelling,Dead Meat,Recommended,,,Inferred,High
A0630,Video Age,Away From The Castle,2023,LP,Winspear,L1,Core,"C7 Slacker, jangle, and power-pop revival",,Power pop,The South,"New Orleans, LA",,breezy; harmonized guitars; funny-sad; pop-culture references,Ready To Stay; Away From The Castle; Golden Sun,Recommended,,,Inferred,High
A0631,2nd Grade,Scheduled Explosions,2024,LP,Double Double Whammy,L1,Core,"C7 Slacker, jangle, and power-pop revival",,Power pop,Philadelphia,"Philadelphia, PA",Philadelphia DIY,jangle; short songs (under 2 minutes); pop-culture references; harmonized guitars; anthemic,Uncontrollably Cool; Joan On Ice; American Rhythm,Essential,,Y,Both,High
A0632,The Bug Club,On the Intricate Inner Workings of the System,2024,LP,Sub Pop,L1,Core,"C7 Slacker, jangle, and power-pop revival",C9,Punk,"The UK, Ireland and Canada","Caldicot, Wales",,short songs (under 2 minutes); shouted; funny-sad; rowdy,War Movies; Quality Pints; Pop Single,Recommended,,Y,Inferred,High
A0633,Ducks Ltd.,Harm's Way,2024,LP,Carpark Records,L1,Core,"C7 Slacker, jangle, and power-pop revival",,Jangle,"The UK, Ireland and Canada","Toronto, Canada",,jangle; harmonized guitars; breezy; anthemic; pop-culture references,Train Full of Gasoline; Cathedral City,Essential,,,Documented,High
A0634,FOOTBALLHEAD,Overthinking Everything,2024,LP,Tiny Engines,L1,Core,"C7 Slacker, jangle, and power-pop revival",,Power pop,The South,"Unknown, US",,jangle; anthemic; short songs (under 2 minutes); breezy; funny-sad,Overthinking Everything,Deep cut,,,Inferred,Medium
A0635,Golomb,Love,2024,EP,Self-released,L1,Core,"C7 Slacker, jangle, and power-pop revival",,Punk,Chicago and the Midwest,"Columbus, OH",,rowdy; shouted; noise wall; short songs (under 2 minutes); feedback,Sixth Sense; Dare You To Cry,Deep cut,,Y,Inferred,High
A0636,Hovvdy,Hovvdy,2024,LP,Arts & Crafts,L1,Core,"C7 Slacker, jangle, and power-pop revival",,Slacker,Texas and Oklahoma,"Austin, TX",Austin,hushed; lullaby; lo-fi,Hovvdy,Deep cut,,Y,Documented,High
A0637,Jon McKiel,Hex,2024,LP,You've Changed Records,L1,Core,"C7 Slacker, jangle, and power-pop revival",C6,Lo-fi,"The UK, Ireland and Canada","Baie Verte, New Brunswick, Canada",,lo-fi; synths; hushed; cosmic; fingerpicked acoustic,Popular Music; Hex,Recommended,,,Documented,Medium
A0638,lake j,Dizzy,2024,LP,Shuga Records,L1,Core,"C7 Slacker, jangle, and power-pop revival",,Jangle,Chicago and the Midwest,"Chicago, IL",,jangle; synths; breezy; hushed; polished,Tell Me Something Good; Sparrow; My Own Mess,Recommended,,,Documented,Medium
A0639,Major Murphy,Fallout,2024,LP,Winspear,L1,Core,"C7 Slacker, jangle, and power-pop revival",C6,Power pop,Chicago and the Midwest,"Grand Rapids, MI",,harmonized guitars; strings; breezy; polished; cosmic,Time Out; First Thought (Best Thought); The Water,Recommended,,,Both,Medium
A0640,Nap Eyes,The Neon Gate,2024,LP,You've Changed Records,L1,Core,"C7 Slacker, jangle, and power-pop revival",,Jangle,"The UK, Ireland and Canada",Halifax,,jangle; deadpan; storytelling; drawl; hushed,The Neon Gate,Recommended,,Y,Inferred,High
A0641,Rui Gabriel,Compassion,2024,LP,Carpark Records,L1,Core,"C7 Slacker, jangle, and power-pop revival",,Power pop,The Carolinas,"Durham, NC",,jangle; harmonized guitars; storytelling; political; breezy,Dreamy Boys; Target; Church Of Nashville,Recommended,,,Inferred,Medium
A0642,This Is Lorelei,"Box for Buddy, Box for Star",2024,LP,Double Double Whammy,L1,Core,"C7 Slacker, jangle, and power-pop revival",,Power pop,The Northeast,"New York, NY",,synths; drum machine; funny-sad; hushed; anthemic,"Angel's Eye; Dancing in the Club; Box for Buddy, Box for Star",Essential,,,Inferred,High
A0643,Wishy,Triple Seven,2024,LP,Winspear,L1,Core,"C7 Slacker, jangle, and power-pop revival",,Power pop,Chicago and the Midwest,"Indianapolis, IN",,Crazy Horse fuzz; feedback; short songs (under 2 minutes); hushed; anthemic,Sick Sweet; Triple Seven; Love On The Outside,Recommended,,Y,Inferred,High
A0644,Alex G,Headlights,2025,LP,RCA Records,L1,Core,"C7 Slacker, jangle, and power-pop revival",,Lo-fi,Philadelphia,"Philadelphia, PA",Philadelphia DIY,hushed; deadpan; lo-fi; pop-culture references,Headlights,Recommended,,Y,Documented,Medium
A0645,Astrachan,Signs,2025,LP,Self-released,L1,Core,"C7 Slacker, jangle, and power-pop revival",,Power pop,Chicago and the Midwest,"Chicago, IL",,anthemic; cosmic; breezy; pop-culture references; funny-sad,Dana Divine; Picture of Doubt,Deep cut,,,Inferred,High
A0646,The Belair Lip Bombs,Again,2025,LP,Third Man Records,L1,Core,"C7 Slacker, jangle, and power-pop revival",,Power pop,Australia and New Zealand,"Melbourne, Australia",,jangle; harmonized guitars; anthemic; breezy; pop-culture references,Don't Let Them Tell You (It's Fair); Smiling,Recommended,,,Both,Medium
A0647,The Bug Club,Very Human Features,2025,LP,Sub Pop Records,L1,Core,"C7 Slacker, jangle, and power-pop revival",,Punk,"The UK, Ireland and Canada","Caldicot, Wales",,deadpan; rowdy; funny-sad; jangle; pop-culture references,Jealous Boy; Full Grown Man,Recommended,,Y,Documented,High
A0648,Car Seat Headrest,The Scholars,2025,LP,Matador Records,L1,Core,"C7 Slacker, jangle, and power-pop revival",,Jangle,The Northeast,"Seattle, WA",,drawl; anthemic; funny-sad; harmonized guitars; long songs (7+ minutes),Gethsemane; Lion's Share,Recommended,,Y,Documented,High
A0649,Cash Langdon,Dogs,2025,LP,Seasick Records,L1,Core,"C7 Slacker, jangle, and power-pop revival",C2,Power pop,The South,"Birmingham, AL",,Crazy Horse fuzz; Telecaster twang; storytelling; small-town,Dogs; Lilac Whiskey Nose; Dead Dogs,Recommended,,Y,Inferred,Medium
A0650,Casper Skulls,Kit-Cat,2025,LP,Next Door Records,L1,Core,"C7 Slacker, jangle, and power-pop revival",,Jangle,"The UK, Ireland and Canada","Toronto, Canada",,jangle; deadpan; storytelling; harmonized guitars; funny-sad,Spindletop; Roddy Piper,Recommended,,,Documented,Medium
A0651,The Convenience,Like Cartoon Vampires,2025,LP,Self-released,L1,Core,"C7 Slacker, jangle, and power-pop revival",,Slacker,The South,"New Orleans, LA",New Orleans,deadpan; jangle; lo-fi,I Got Exactly What I Wanted; Waiting For A Train; Rats,Deep cut,,Y,Inferred,Medium
A0652,Frog,1000 Variations On the Same Song,2025,LP,Self-released,L1,Core,"C7 Slacker, jangle, and power-pop revival",C2,Lo-fi,The Northeast,"New York, NY",,lo-fi; funny-sad; piano; banjo; pop-culture references,Stillwell Theme; Mixtape Liner Notes Var. VII,Recommended,,,Inferred,High
A0653,Golden Apples,Shooting Star,2025,LP,Self-released,L1,Core,"C7 Slacker, jangle, and power-pop revival",,Power pop,Philadelphia,"Philadelphia, PA",Philadelphia DIY,jangle; Crazy Horse fuzz; harmonized guitars; funny-sad; pop-culture references,Noonday Demon; Divine Blight; Another Grand Offering for the Swine,Recommended,,Y,Inferred,Medium
A0654,Golomb,The Beat Goes On,2025,LP,Self-released,L1,Core,"C7 Slacker, jangle, and power-pop revival",,Slacker,Chicago and the Midwest,"Columbus, OH",,jangle; deadpan; long solos,The Beat Goes On; Experience Humanness; Be Here Now,Deep cut,,Y,Inferred,Medium
A0655,Good Flying Birds,Talulah's Tape,2025,LP,Rotten Apple,L1,Core,"C7 Slacker, jangle, and power-pop revival",,Jangle,Chicago and the Midwest,"Indianapolis, IN",,jangle; lo-fi; short songs (under 2 minutes); small-town,down on me; gfb; i care for you,Deep cut,,Y,Inferred,Medium
A0656,Graham Hunt,Timeless World Forever,2025,LP,Run For Cover Records,L1,Core,"C7 Slacker, jangle, and power-pop revival",,Power pop,Chicago and the Midwest,"Madison, WI",,jangle; pop-culture references; breezy; cracked or yelping; cosmic,I Just Need Enough; East Side Screamer; Power Object,Deep cut,,,Documented,High
A0657,Horsegirl,Phonetics On and On,2025,LP,Matador Records,L1,Core,"C7 Slacker, jangle, and power-pop revival",,Slacker,Chicago and the Midwest,"Chicago, IL",Chicago twang and DIY,jangle; deadpan; short songs (under 2 minutes),Where'd You Go?,Recommended,,Y,Inferred,High
A0658,Lawn,God Made The Highway,2025,LP,Exploding In Sound Records,L1,Core,"C7 Slacker, jangle, and power-pop revival",,Power pop,The South,New Orleans,,close harmonies; anthemic; Crazy Horse fuzz; drawl; short songs (under 2 minutes),Davie; Pressure; Sports Gun,Essential,,Y,Inferred,High
A0659,Mac DeMarco,Guitar,2025,LP,Mac's Record Label,L1,Core,"C7 Slacker, jangle, and power-pop revival",,Jangle,The West,"Los Angeles, CA",,jangle; breezy; deadpan; hushed; pop-culture references,Guitar; Home; Rock and Roll Album,Recommended,,Y,Inferred,Medium
A0660,Neu Blume,Let It Win,2025,LP,Earth Libraries,L1,Core,"C7 Slacker, jangle, and power-pop revival",,Jangle,Chicago and the Midwest,Detroit (via Phoenix),,jangle; pedal steel; harmonized guitars; breezy; hushed,Cold Strange; Wood Pile; Let It Win,Recommended,,Y,Inferred,High
A0661,Sharp Pins,Balloon Balloon Balloon,2025,LP,K Records / Perennial,L1,Core,"C7 Slacker, jangle, and power-pop revival",,Power pop,Chicago and the Midwest,"Chicago, IL",,jangle; short songs (under 2 minutes); breezy; anthemic; pop-culture references,Popafangout; All The Prefabs; Takes So Long,Recommended,,,Both,Medium
A0662,Sharp Pins,Radio DDR,2025,LP,K Records / Perennial,L1,Core,"C7 Slacker, jangle, and power-pop revival",,Power pop,Chicago and the Midwest,"Chicago, IL",,jangle; short songs (under 2 minutes); breezy; anthemic; polished,Every Time I Hear; You Don't Live Here Anymore; Chasing Stars,Recommended,,,Both,High
A0663,This Is Lorelei,Holo Boy,2025,LP,Double Double Whammy,L1,Core,"C7 Slacker, jangle, and power-pop revival",,Lo-fi,The Northeast,"Brooklyn, NY",,lo-fi; jangle; breezy; funny-sad; hushed,I Can't Fall; Dreams Away; Holo Boy,Recommended,,,Documented,Medium
A0664,The Tubs,Cotton Crown,2025,LP,Trouble in Mind,L1,Core,"C7 Slacker, jangle, and power-pop revival",,Jangle,"The UK, Ireland and Canada",Wales / London,,jangle; harmonized guitars; storytelling; anthemic; breezy,Cotton Crown,Recommended,,,Inferred,High
A0665,Zook,Evaporating,2025,LP,Self-released,L1,Core,"C7 Slacker, jangle, and power-pop revival",,Jangle,The South,"Nashville, TN",,jangle; synths; drum machine; lo-fi; short songs (under 2 minutes),Evaporating,Recommended,,,Inferred,Medium
A0666,2nd Grade,Girls and Boys,2026,LP,Lame-O Records,L1,Core,"C7 Slacker, jangle, and power-pop revival",,Power pop,Philadelphia,"Philadelphia, PA",Philadelphia DIY,jangle; short songs (under 2 minutes); pop-culture references; breezy; funny-sad,Radio Girls; Cellophane Girls; 20th Century Boys,Recommended,,Y,Both,High
A0667,Bullseye,Bullseye,2026,LP,Ever/Never Records,L1,Core,"C7 Slacker, jangle, and power-pop revival",,Punk,The Northeast,"New York, NY",,rowdy; jangle; shouted; anthemic; short songs (under 2 minutes),Bullseye,Deep cut,,,Documented,Medium
A0668,Casual Technicians,Well Once There Was A King,2026,LP,Historic NJ Recordings,L1,Core,"C7 Slacker, jangle, and power-pop revival",C5,Lo-fi,The West,"Reedsport, OR",,lo-fi; jangle; storytelling; funny-sad; rowdy,The Settled Way; Notify The Lady; Well Once There Was A King,Deep cut,,,Inferred,High
A0669,Feller,Sound Colored Penny,2026,LP,Angel Tapes,L1,Core,"C7 Slacker, jangle, and power-pop revival",,Power pop,The Northeast,"New York, NY",,jangle; rowdy; anthemic; short songs (under 2 minutes); cracked or yelping,Penny Farthing; Marys Perfume,Deep cut,,,Documented,Medium
A0670,Graham Hunt,American Pyramid,2026,LP,Run For Cover Records,L1,Core,"C7 Slacker, jangle, and power-pop revival",,Power pop,Chicago and the Midwest,"Madison, WI",,jangle; pop-culture references; cosmic; anthemic; cracked or yelping,Waiting for You to Come Home; Guardian Angel's Arms,Recommended,,,Documented,High
A0671,Hiding Places,The Secret To Good Living,2026,LP,Keeled Scales,L1,Core,"C7 Slacker, jangle, and power-pop revival",C4,Punk,Philadelphia,"Brooklyn, NY (formerly North Carolina)",,rowdy; duets; storytelling; harmonized guitars; anthemic,The Secret To Good Living,Deep cut,,,Both,High
A0672,Jackie West,Silent Century,2026,LP,Ruination Record Co.,L1,Core,"C7 Slacker, jangle, and power-pop revival",,Slacker,The Northeast,"Brooklyn, NY",,jangle; drawl; synths; breezy; shouted,All Falls Down; Silent Century; Offer,Deep cut,,,Inferred,Medium
A0673,Joe Glass,Snakewards,2026,LP,Self-released,L1,Core,"C7 Slacker, jangle, and power-pop revival",,Power pop,Chicago and the Midwest,"Rockford, IL / Chicago",Chicago twang and DIY,jangle; Telecaster twang; short songs (under 2 minutes); rowdy,Freight Train Woman; Dust on Your Halo; Dandelion,Deep cut,,Y,Inferred,Medium
A0674,kitship,am i a rock?,2026,LP,Self-released,L1,Core,"C7 Slacker, jangle, and power-pop revival",C5,Slacker,Chicago and the Midwest,"Chicago, IL",,fingerpicked acoustic; lo-fi; deadpan; short songs (under 2 minutes); hushed,Song for Avi; Drift,Deep cut,,,Inferred,Medium
A0675,Liz Cooper,New Day,2026,LP,Self-released,L1,Core,"C7 Slacker, jangle, and power-pop revival",,Crossover,"Burlington, Vermont",Vermont (formerly Nashville),,synths; piano; Crazy Horse fuzz; hushed; funny-sad,New Day; Boy Toy; IDFK,Recommended,,Y,Inferred,Medium
A0676,Remember Sports,The Refrigerator,2026,LP,Get Better Records,L1,Core,"C7 Slacker, jangle, and power-pop revival",,Power pop,Philadelphia,"Philadelphia, PA",Philadelphia DIY,anthemic; hushed; funny-sad; Crazy Horse fuzz; short songs (under 2 minutes),The Refrigerator,Recommended,,,Inferred,High
A0677,Slow Pulp,Melodie,2026,LP,ANTI-,L1,Core,"C7 Slacker, jangle, and power-pop revival",C4,Shoegaze,Chicago and the Midwest,"Chicago, IL",,noise wall; polished; breezy; anthemic; hushed,Yellow and Green; These Days; Melodie,Recommended,,,Documented,Medium
A0678,Snail Mail,Ricochet,2026,LP,Matador,L1,Core,"C7 Slacker, jangle, and power-pop revival",,Jangle,The Northeast,"Baltimore, MD",,jangle; hushed; heartbreak; harmonized guitars; breezy,Tractor Beam; My Maker; Cruise,Recommended,,,Documented,High
A0679,Sunday Mourners,A-Rhythm Absolute,2026,LP,Curation Records,L1,Core,"C7 Slacker, jangle, and power-pop revival",,Jangle,The West,Los Angeles,,jangle; noise wall; anthemic; short songs (under 2 minutes); drawl,Careers In Acting; Biograph; Darling,Recommended,,Y,Inferred,High
A0680,The Tubs,Hard Life,2026,LP,Merge Records,L1,Core,"C7 Slacker, jangle, and power-pop revival",,Jangle,"The UK, Ireland and Canada","London, England",,jangle; fiddle; harmonized guitars; storytelling; anthemic,Hard Life; Who's Gonna Love You Now?; Heaven or London,Essential,,,Documented,High
A0681,Wishy,Nature's Pill,2026,LP,Self-released,L1,Core,"C7 Slacker, jangle, and power-pop revival",C4,Shoegaze,Chicago and the Midwest,"Indianapolis, IN",,jangle; noise wall; breezy; short songs (under 2 minutes); hushed,All The Rage; Covergirl; Lovesick,Recommended,,Y,Inferred,Medium
A0682,Horse Jumper of Love,Horse Jumper of Love,2016,LP,Disposable America,L1,Core,C8 Modern slowcore and hushed twang,,Slowcore,The Northeast,"Boston, MA",Boston,hushed; noise wall; long solos; bleak; drawl,Ugly Brunette; DIRT; Spaceman,Recommended,,Y,Both,High
A0683,Dead Sullivan,Imbecile,2017,LP,Self-released,L1,Core,C8 Modern slowcore and hushed twang,,Slowcore,Texas and Oklahoma,Texas,,hushed; lo-fi; bleak; cracked or yelping; drawl,Here; God; Leave,Deep cut,,,Documented,High
A0684,Friendship,Shock Out of Season,2017,LP,Orindal Records,L1,Core,C8 Modern slowcore and hushed twang,,Slowcore,Philadelphia,"Philadelphia, PA",Philadelphia DIY,pedal steel; deadpan; drawl; hushed; funny-sad,If You See My Beloved; Sal; Fuzzy,Deep cut,,Y,Inferred,High
A0685,Lomelda,Thx,2017,LP,Double Double Whammy,L1,Core,C8 Modern slowcore and hushed twang,C5,Lo-fi,Texas and Oklahoma,"Silsbee, TX",,hushed; lo-fi; fingerpicked acoustic; drawl; bleak,Interstate Vision; Thx; Nervous Driver,Recommended,,Y,Inferred,High
A0686,Widowspeak,Expect the Best,2017,LP,Captured Tracks,L1,Core,C8 Modern slowcore and hushed twang,,Alt-country,The Northeast,"New York, NY",,drawl; hushed; bleak; Telecaster twang; glacial,The Dream; Expect the Best; Dog,Recommended,,,Documented,High
A0687,Low,Double Negative,2018,LP,Sub Pop,L1,Core,C8 Modern slowcore and hushed twang,V12,Slowcore,Chicago and the Midwest,"Duluth, MN",Minneapolis,noise wall; bleak; drum machine; close harmonies; glacial,Quorum; Dancing and Blood; Disarray,Essential,,Y,Both,High
A0688,Duster,Duster,2019,LP,Numero Group,L1,Core,C8 Modern slowcore and hushed twang,V12,Slowcore,The West,"San Jose, CA",,lo-fi; hushed; glacial; noise wall; bleak,Copernicus Crisis; Ghost World; Feel No Joy,Recommended,,Y,Documented,Medium
A0689,Friendship,Dreamin',2019,LP,Orindal Records,L1,Core,C8 Modern slowcore and hushed twang,,Slowcore,Philadelphia,"Philadelphia, PA",Philadelphia DIY,pedal steel; hushed; drawl; funny-sad; small-town,Clairvoyant; Dusky; Not an Exit,Recommended,,Y,Inferred,High
A0690,Horse Jumper of Love,So Divine,2019,LP,Run for Cover Records,L1,Core,C8 Modern slowcore and hushed twang,,Slowcore,The Northeast,"Boston, MA",Boston,hushed; noise wall; drawl; bleak; long solos,Airport; Volcano; Poison,Recommended,,Y,Both,High
A0691,Lomelda,M for Empathy,2019,LP,Double Double Whammy,L1,Core,C8 Modern slowcore and hushed twang,C5,Lo-fi,Texas and Oklahoma,"Silsbee, TX",,hushed; lo-fi; fingerpicked acoustic; drawl; bleak,Talk; M for Magic; Tell,Deep cut,,Y,Inferred,High
A0692,Lomelda,Hannah,2020,LP,Double Double Whammy,L1,Core,C8 Modern slowcore and hushed twang,C5,Indie folk,Texas and Oklahoma,"Silsbee, TX",,hushed; fingerpicked acoustic; drawl; funny-sad; lullaby,Hannah Sun; Reach; Big Shot,Essential,Y,Y,Inferred,High
A0693,Squirrel Flower,I Was Born Swimming,2020,LP,Polyvinyl,L1,Core,C8 Modern slowcore and hushed twang,C1,Slowcore,The Northeast,"Boston, MA",,hushed; bleak; storytelling; close harmonies; lo-fi,I Was Born Swimming,Recommended,,,Inferred,Medium
A0694,Teethe,Teethe,2020,LP,Self-released,L1,Core,C8 Modern slowcore and hushed twang,,Slowcore,Texas and Oklahoma,Texas,,hushed; lo-fi; drawl; bleak; cracked or yelping,By Your Side; Dwell; Giant Man,Deep cut,,,Inferred,Medium
A0695,Widowspeak,Plum,2020,LP,Captured Tracks,L1,Core,C8 Modern slowcore and hushed twang,,Alt-country,The Northeast,"New York, NY",,drawl; hushed; breezy; cosmic; Telecaster twang,Plum; Money; Breadwinner,Recommended,,,Documented,High
A0696,Bnny,Everything,2021,LP,Fire Talk Recordings,L1,Core,C8 Modern slowcore and hushed twang,,Slowcore,Chicago and the Midwest,"Chicago, IL",Chicago twang and DIY,hushed; deadpan; bleak; heartbreak; drawl,Sure; August; Not Even You,Recommended,,,Documented,High
A0697,Friendship,Love the Stranger,2022,LP,Merge Records,L1,Core,C8 Modern slowcore and hushed twang,,Slowcore,Philadelphia,"Philadelphia, PA",Philadelphia DIY,pedal steel; drawl; funny-sad; hushed; storytelling,St. Bonaventure; Blue Canoe; Hank,Essential,Y,Y,Documented,High
A0698,hemlock,Talk Soon,2022,LP,Self-released,L1,Core,C8 Modern slowcore and hushed twang,,Slowcore,Chicago and the Midwest,"Chicago, IL",,hushed; lo-fi; lullaby; drawl; cracked or yelping,garbage truck; ana; talk soon,Recommended,,,Inferred,High
A0699,Horse Jumper of Love,Natural Part,2022,LP,Run for Cover Records,L1,Core,C8 Modern slowcore and hushed twang,,Slowcore,The Northeast,"Boston, MA",Boston,hushed; drawl; bleak; noise wall; lo-fi,Snakeskin; Ding Dong Ditch; Chariots,Recommended,,Y,Both,High
A0700,The Namby Pamby,Marketplace,2022,LP,Self-released,L1,Core,C8 Modern slowcore and hushed twang,,Slowcore,Chicago and the Midwest,"Fort Wayne, IN",,hushed; bleak; drawl; lo-fi; small-town,Chardonnay; Reality Tonality; Headlights,Deep cut,,,Inferred,High
A0701,Widowspeak,The Jacket,2022,LP,Captured Tracks,L1,Core,C8 Modern slowcore and hushed twang,,Alt-country,The Northeast,"New York, NY",,drawl; Telecaster twang; harmonized guitars; road songs; hushed,While You Wait; The Jacket; Salt,Recommended,,,Documented,High
A0702,Cantuckee,Sounds,2023,LP,Self-released,L1,Core,C8 Modern slowcore and hushed twang,C5,Lo-fi,Chicago and the Midwest,"Chicago, IL",,lo-fi; hushed; drawl; road songs; small-town,Kentucky; Highway; Starry Eyes,Deep cut,,,Documented,High
A0703,Fog Lake,Midnight Society,2023,LP,Self-released,L1,Core,C8 Modern slowcore and hushed twang,,Lo-fi,"The UK, Ireland and Canada","Glovertown, Newfoundland, Canada",,lo-fi; hushed; bleak; drawl; cracked or yelping,bandaid heart; play dead; getaway,Recommended,,,Both,High
A0704,Hataałii,Singing Into Darkness,2023,LP,Dangerbird Records,L1,Core,C8 Modern slowcore and hushed twang,,Slowcore,The West,"Window Rock, AZ",,baritone; hushed; drawl; spiritual or gospel; small-town,Midnight Soldier; For Liquor; Story Of Francisco,Recommended,,,Documented,High
A0705,Horse Jumper of Love,Heartbreak Rules,2023,LP,Run for Cover Records,L1,Core,C8 Modern slowcore and hushed twang,,Slowcore,The Northeast,"Boston, MA",Boston,hushed; drawl; bleak; noise wall; cracked or yelping,A Tune Drifts Out the Window; Heartbreak Rules; Snake Eyes,Deep cut,,Y,Documented,High
A0706,Meernaa,I Believe In You,2023,EP,Keeled Scales,L1,Core,C8 Modern slowcore and hushed twang,,Slowcore,The West,"San Francisco, CA",,hushed; glacial; bleak; synths; cracked or yelping,I Believe In You; On My Line; Another Dimension,Deep cut,,,Inferred,High
A0707,Sluice,Radial Gate,2023,LP,Ruination Record Co.,L1,Core,C8 Modern slowcore and hushed twang,,Lo-fi,The Carolinas,"Durham, NC",Durham and Chapel Hill,fiddle; fingerpicked acoustic; drawl; hushed; road songs,Ostern; Centurion; Pretty Saro,Recommended,,Y,Inferred,High
A0708,22º Halo,Lily of the Valley,2024,LP,Tiny Library Records,L1,Core,C8 Modern slowcore and hushed twang,C5,Indie folk,Philadelphia,"Philadelphia, PA",Philadelphia DIY,hushed; fingerpicked acoustic; breezy; heartbreak; lo-fi,Bird Sanctuary; Orioles at Dusk; Lily of the Valley,Deep cut,,,Inferred,High
A0709,Bloomsday,Heart of the Artichoke,2024,LP,Bayonet Records,L1,Core,C8 Modern slowcore and hushed twang,C5,Indie folk,The Northeast,"New York, NY",,hushed; storytelling; close harmonies; breezy; funny-sad,Dollar Slice; Artichoke; Night Swim,Recommended,,,Inferred,High
A0710,Bnny,One Million Love Songs,2024,LP,Fire Talk Records,L1,Core,C8 Modern slowcore and hushed twang,,Slowcore,Chicago and the Midwest,"Chicago, IL",Chicago twang and DIY,hushed; noise wall; drawl; heartbreak; bleak,Missing; Good Stuff; Sweet,Recommended,,,Documented,High
A0711,Fine,Rocky Top Ballads,2024,LP,Escho,L1,Core,C8 Modern slowcore and hushed twang,,Slowcore,Elsewhere,Unknown,,hushed; banjo; fiddle; lo-fi; bleak,Coasting; Losing Tennessee,Deep cut,,,Inferred,Medium
A0712,Hataałii,Waiting for a Sign,2024,LP,Dangerbird Records,L1,Core,C8 Modern slowcore and hushed twang,,Slowcore,The West,"Window Rock, AZ",,baritone; hushed; drawl; spiritual or gospel; bleak,Alex Jones; Love is Over; Near The Sea,Recommended,,,Documented,High
A0713,hemlock,444,2024,LP,Self-released,L1,Core,C8 Modern slowcore and hushed twang,,Indie folk,Chicago and the Midwest,"Chicago, IL",,drawl; hushed; storytelling; small-town; funny-sad,Day One; Drive & Drive; Lake Martin,Essential,,,Documented,High
A0714,hemlock,amen!,2024,EP,Double Yolk Record House,L1,Core,C8 Modern slowcore and hushed twang,,Slowcore,Chicago and the Midwest,"Chicago, IL",,hushed; fingerpicked acoustic; drawl; spiritual or gospel; short songs (under 2 minutes),widest wing; good wind; prayer,Deep cut,,,Inferred,High
A0715,Horse Jumper of Love,Disaster Trick,2024,LP,Run for Cover Records,L1,Core,C8 Modern slowcore and hushed twang,,Slowcore,The Northeast,"Boston, MA",Boston,hushed; drawl; bleak; noise wall; long solos,Snow Angel; Wink; Word,Recommended,,Y,Documented,High
A0716,Little Kid,A Million Easy Payments,2024,LP,Orindal Records,L1,Core,C8 Modern slowcore and hushed twang,,Slowcore,"The UK, Ireland and Canada","Toronto, Ontario",,hushed; drawl; bleak; heartbreak; piano,Eggshell; Bad Energy; What Qualifies as Silence,Recommended,,,Both,High
A0717,Loving,Any Light,2024,LP,Self-released,L1,Core,C8 Modern slowcore and hushed twang,,Indie folk,"The UK, Ireland and Canada","Victoria, British Columbia",,hushed; fingerpicked acoustic; breezy; close harmonies; drawl,Any Light; Medicine; Blue,Deep cut,,,Inferred,High
A0718,vega,"trust me, i'm trying",2024,LP,Self-released,L1,Core,C8 Modern slowcore and hushed twang,,Indie folk,"Burlington, Vermont","Burlington, VT","Burlington, Vermont",hushed; drawl; breezy; heartbreak; fingerpicked acoustic,light on; high and dry; reach,Recommended,,,Inferred,High
A0719,Clifford,Golden Caravan,2025,LP,Sipsman,L1,Core,C8 Modern slowcore and hushed twang,,Slowcore,The Northeast,"Boston, MA",Boston,noise wall; drawl; hushed; pedal steel; bleak,Trackstarr; Golden Caravan; Dearest One,Deep cut,,,Inferred,High
A0720,Finnish Postcard,Body,2025,LP,Self-released,L1,Core,C8 Modern slowcore and hushed twang,,Slowcore,The Northeast,"New York, NY",,hushed; cracked or yelping; bleak; fingerpicked acoustic; drawl,Your Nothing; Fever Song; Big Old House,Deep cut,,,Inferred,High
A0721,Friendship,Caveman Wakes Up,2025,LP,Merge Records,L1,Core,C8 Modern slowcore and hushed twang,,Slowcore,Philadelphia,"Philadelphia, PA",Philadelphia DIY,pedal steel; drawl; funny-sad; hushed; deadpan,Betty Ford; Tree of Heaven; Salvage Title,Essential,,Y,Inferred,High
A0722,h. pruz,Red sky at morning,2025,LP,Mtn Laurel Recording Co.,L1,Core,C8 Modern slowcore and hushed twang,C5,Indie folk,The Northeast,"Brooklyn, NY",,hushed; synths; fingerpicked acoustic; bleak; spiritual or gospel,Arrival; Krista; Force,Recommended,,,Inferred,Medium
A0723,Hataałii,I'll Be Around,2025,LP,Panther Mountain,L1,Core,C8 Modern slowcore and hushed twang,,Slowcore,The West,"Window Rock, AZ",,baritone; hushed; drawl; heartbreak; small-town,Surround Me; She Ain't Coming Back; Let It Roll,Deep cut,,,Documented,High
A0724,Hour,Subminiature,2025,Live,Dear Life Records,L1,Core,C8 Modern slowcore and hushed twang,,Indie folk,Philadelphia,"Philadelphia, PA",Asheville,strings; horns; hushed; live in the room; glacial,Hallmark; Dying of Laughter; Doxology,Deep cut,,,Documented,High
A0725,Joyer,On the Other End of the Line...,2025,LP,Julia's War Recordings,L1,Core,C8 Modern slowcore and hushed twang,,Jangle,The Northeast,"Philadelphia, PA / Brooklyn, NY",,feedback; jangle; drawl; hushed; heartbreak,Cure; Glare of the Beer Can; Tell Me,Recommended,,,Inferred,High
A0726,Little Mazarn,Mustang Island,2025,LP,Dear Life Records,L1,Core,C8 Modern slowcore and hushed twang,,Country folk,Texas and Oklahoma,"Austin, TX",Austin,fiddle; hushed; slide guitar; spiritual or gospel; bleak,Crystal Cave; Mustang Island; Murmuration,Recommended,,,Inferred,High
A0727,lots of hands,into a pretty room,2025,LP,Fire Talk Records,L1,Core,C8 Modern slowcore and hushed twang,,Lo-fi,"The UK, Ireland and Canada","Newcastle, UK",,lo-fi; hushed; drum machine; bleak; cracked or yelping,alive; into a pretty room; rosie,Recommended,,,Documented,High
A0728,Maneka,bathes and listens,2025,LP,Topshelf Records,L1,Core,C8 Modern slowcore and hushed twang,,Slowcore,Philadelphia,"Philadelphia, PA",,noise wall; feedback; hushed; deadpan; bleak,shallowing; dimelo; pony,Recommended,,,Both,High
A0729,Otto Benson,Peanut,2025,LP,WNOADIARWB,L1,Core,C8 Modern slowcore and hushed twang,,Indie folk,The Northeast,"New York, NY",,pedal steel; hushed; baritone; lullaby; drawl,Mr. Peanut; Red and Neon; Drive Away,Recommended,,Y,Both,High
A0730,Perren,The Spot,2025,LP,Self-released,L1,Core,C8 Modern slowcore and hushed twang,,Indie folk,The Northeast,Upstate New York,,hushed; breezy; fingerpicked acoustic; lo-fi; heartbreak,Only Always; The Spot; Goodbye For Now,Deep cut,,,Inferred,High
A0731,Teethe,Magic of the Sale,2025,LP,Self-released,L1,Core,C8 Modern slowcore and hushed twang,,Slowcore,Texas and Oklahoma,Texas,,pedal steel; strings; hushed; bleak; drawl,Tires & Bookmarks; Magic Of The Sale; Holy Water,Recommended,,,Both,High
A0732,Babehoven,"I See Them, I See Me",2026,LP,Double Double Whammy,L1,Core,C8 Modern slowcore and hushed twang,C5,Indie folk,The Northeast,"Hudson Valley, NY",,hushed; close harmonies; pedal steel; breezy; storytelling,Blue Around You; Monster; Lasagna,Recommended,,,Inferred,High
A0733,Hana Stretton,tiarn,2026,LP,Lima Limo,L1,Core,C8 Modern slowcore and hushed twang,,Indie folk,Australia and New Zealand,"Melbourne, Australia",,hushed; fingerpicked acoustic; close harmonies; lullaby; bleak,Salt; Night Swimming; Stove,Deep cut,,,Inferred,High
A0734,Hour,Ghost Bridge,2026,LP,Dear Life Records,L1,Core,C8 Modern slowcore and hushed twang,,Indie folk,Philadelphia,"Philadelphia, PA",Asheville,strings; horns; hushed; glacial; bleak,Centralia; Pearls; Sky is Blue,Deep cut,,,Documented,High
A0735,Shabason & Krgovich,Four Days in June,2026,LP,7 e.p.,L1,Core,C8 Modern slowcore and hushed twang,C6,Country rock,"The UK, Ireland and Canada","Toronto, Ontario / Vancouver, BC",,pedal steel; fiddle; banjo; hushed; breezy,Begin Again; Midday Sun; Time of Your Life,Recommended,,,Inferred,High
A0736,Shep Treasure,Blanket,2026,LP,Stray Authority,L1,Core,C8 Modern slowcore and hushed twang,,Indie folk,The Northeast,"Rochester, NY",,hushed; drawl; cosmic; bleak; fingerpicked acoustic,Dove; Cold Air; Blanket,Deep cut,,,Inferred,High
A0737,Sluice,Companion,2026,LP,Mtn Laurel Recording Co.,L1,Core,C8 Modern slowcore and hushed twang,,Lo-fi,The Carolinas,"Durham, NC",Durham and Chapel Hill,fiddle; fingerpicked acoustic; hushed; spiritual or gospel; road songs,Beadie; The Ephemeral Stream; Zillow,Recommended,,Y,Inferred,High
A0738,vega,"beacon, how blue",2026,LP,Self-released,L1,Core,C8 Modern slowcore and hushed twang,,Indie folk,"Burlington, Vermont","Burlington, VT","Burlington, Vermont",hushed; drawl; breezy; fingerpicked acoustic; heartbreak,cow country; porch swing; how blue,Deep cut,,,Inferred,High
A0739,Widowspeak,Roses,2026,LP,Captured Tracks,L1,Core,C8 Modern slowcore and hushed twang,,Alt-country,The Northeast,"New York, NY",,pedal steel; drawl; hushed; breezy; cosmic,The Hook; Roses; If You Change,Recommended,,,Both,High
A0740,Hop Along,Get Disowned,2012,LP,Hot Green Records,L2,Core,C9 Emo-twang crossovers,,Crossover,Philadelphia,"Philadelphia, PA",,cracked or yelping; storytelling; shouted; small-town; heartbreak,Tibetan Pop Stars; Hospital(Shutter); Get Disowned,Recommended,,,Inferred,High
A0741,Pinegrove,Meridian,2012,LP,Self-released,L2,Core,C9 Emo-twang crossovers,,Crossover,The Northeast,"Montclair, NJ",,banjo; pedal steel; storytelling; small-town; deadpan,Waveform; Meridian; New Friends,Deep cut,,Y,Both,High
A0742,Hop Along,Painted Shut,2015,LP,Saddle Creek,L1,Core,C9 Emo-twang crossovers,,Crossover,Philadelphia,"Philadelphia, PA",,cracked or yelping; storytelling; harmonized guitars; anthemic; heartbreak,Waitress; Powerful Man; Horseshoe Crabs,Recommended,,,Inferred,High
A0743,Pinegrove,Cardinal,2016,LP,Run for Cover,L1,Core,C9 Emo-twang crossovers,,Crossover,The Northeast,"Montclair, NJ",,pedal steel; banjo; storytelling; anthemic; small-town,Old Friends; Cadmium; Size of the Moon,Essential,Y,Y,Both,High
A0744,"Slaughter Beach, Dog",Welcome,2016,LP,Lame-O Records,L1,Core,C9 Emo-twang crossovers,,Crossover,Philadelphia,"Philadelphia, PA",,storytelling; small-town; hushed; drawl; road songs,Warminster; Building the Ark; Tugboat Captain,Recommended,,,Documented,High
A0745,Strange Ranger,Rot Forever,2016,LP,Broken World Media,L1,Core,C9 Emo-twang crossovers,C7,Emo,The West,"Missoula, MT / Philadelphia, PA",,jangle; feedback; hushed; storytelling; lo-fi,Chain of Lakes; 3fast; In Case It Gets Lost,Deep cut,,,Both,Medium
A0746,"Slaughter Beach, Dog",Birdie,2017,LP,Lame-O Records,L1,Core,C9 Emo-twang crossovers,,Crossover,Philadelphia,"Philadelphia, PA",,storytelling; small-town; close harmonies; road songs; breezy,Bad Beer; Fish Fry; Nonsense,Recommended,,,Documented,High
A0747,Strange Ranger,Daymoon,2017,LP,Tiny Engines,L1,Core,C9 Emo-twang crossovers,C7,Emo,The West,"Portland, OR",,jangle; feedback; hushed; storytelling; cracked or yelping,Most Perfect Gold of the Century,Deep cut,,,Documented,High
A0748,Hop Along,"Bark Your Head Off, Dog",2018,LP,Saddle Creek,L1,Core,C9 Emo-twang crossovers,,Crossover,Philadelphia,"Philadelphia, PA",,strings; cracked or yelping; storytelling; harmonized guitars; anthemic,How Simple; Somewhere a Judge; Prior Things,Recommended,,,Inferred,High
A0749,Pinegrove,Skylight,2018,LP,Self-released,L1,Core,C9 Emo-twang crossovers,,Crossover,The Northeast,"Montclair, NJ",,pedal steel; banjo; storytelling; hushed; small-town,Rings; Angelina; Frog and Toad,Recommended,,Y,Documented,High
A0750,"Slaughter Beach, Dog",Safe and Also No Fear,2019,LP,Lame-O Records,L1,Core,C9 Emo-twang crossovers,,Crossover,Philadelphia,"Philadelphia, PA",,storytelling; close harmonies; hushed; small-town; heartbreak,"One Down; Petersburg, VA; Herman Bad Dream",Recommended,,,Documented,High
A0751,Strange Ranger,Remembering the Rockets,2019,LP,Tiny Engines,L1,Core,C9 Emo-twang crossovers,C7,Emo,The West,"Philadelphia, PA",,jangle; feedback; storytelling; cracked or yelping; anthemic,Ecola; Living Free; No Light,Recommended,,,Documented,Medium
A0752,Pinegrove,Marigold,2020,LP,Rough Trade,L1,Core,C9 Emo-twang crossovers,,Crossover,The Northeast,"Montclair, NJ",,pedal steel; banjo; storytelling; anthemic; breezy,Dotted Line; Moment; Endless,Recommended,,Y,Documented,High
A0753,Sinai Vessel,Ground Aswim,2020,LP,Self-released,L1,Core,C9 Emo-twang crossovers,,Crossover,The Carolinas,"Asheville, NC",Asheville,slide guitar; hushed; storytelling; long songs (7+ minutes); bleak,Fragile; George; Tunneling,Recommended,,,Inferred,Medium
A0754,"Slaughter Beach, Dog",At the Moonbase,2020,LP,Lame-O Records,L1,Core,C9 Emo-twang crossovers,,Crossover,Philadelphia,"Philadelphia, PA",,lo-fi; storytelling; hushed; drum machine; small-town,Do You Understand; Engine; Feel Anything,Deep cut,,,Documented,High
A0755,Home Is Where,i became birds,2021,LP,Father/Daughter Records,L1,Core,C9 Emo-twang crossovers,,Crossover,The South,"Palm Coast, FL",,harmonica; shouted; hushed; short songs (under 2 minutes); Southern gothic,Long Distance Conjoined Twins; The Scientific Classification of Stingrays; The Old Country,Essential,,,Both,Medium
A0756,Oceanator,Nothing's Ever Fine,2022,LP,Polyvinyl Records,L1,Core,C9 Emo-twang crossovers,,Emo,The Northeast,"Brooklyn, NY",,feedback; anthemic; cracked or yelping; storytelling; short songs (under 2 minutes),Nightmare Machine; Beach Days (Alive Again); Stuck,Recommended,,,Inferred,Medium
A0757,Pinegrove,11:11,2022,LP,Rough Trade,L1,Core,C9 Emo-twang crossovers,,Crossover,The Northeast,"Montclair, NJ",,pedal steel; banjo; storytelling; political; anthemic,Alaska; Iodine; Respirate,Recommended,,Y,Documented,High
A0758,Cusp,You Can Do It All,2023,LP,Self-released,L1,Core,C9 Emo-twang crossovers,,Crossover,Chicago and the Midwest,"Chicago, IL (via Rochester, NY)",,noise wall; harmonized guitars; jangle; heartbreak; cracked or yelping,The Hum; What Does It Mean?; It's Not My Job,Recommended,,Y,Inferred,Medium
A0759,Home Is Where,the whaler,2023,LP,Wax Bodega,L1,Core,C9 Emo-twang crossovers,,Crossover,The South,"Palm Coast, FL",,pedal steel; harmonica; anthemic; Southern gothic; bleak,skin meadow; daytona 500; floral organs,Essential,Y,,Both,Medium
A0760,"Slaughter Beach, Dog","Crying, Laughing, Waving, Smiling",2023,LP,Lame-O Records,L1,Core,C9 Emo-twang crossovers,,Crossover,Philadelphia,"Philadelphia, PA",,storytelling; close harmonies; hushed; heartbreak; road songs,Float Away; Strange Weather; Building a Fence,Essential,,,Documented,High
A0761,Strange Ranger,Pure Music,2023,LP,Fire Talk,L1,Core,C9 Emo-twang crossovers,C7,Emo,The Northeast,"New York, NY",,jangle; synths; hushed; breezy; cosmic,Rain So Hard; She's On Fire; Blue Shade,Essential,,,Documented,High
A0762,Friko,"Where We've Been, Where We Go From Here",2024,LP,ATO Records,L1,Core,C9 Emo-twang crossovers,,Crossover,Chicago and the Midwest,"Chicago, IL",,anthemic; shouted; storytelling; long solos; cracked or yelping,Crashing Through; Chemical; Cardinal,Essential,,Y,Both,High
A0763,Sinai Vessel,I SING,2024,LP,Keeled Scales,L1,Core,C9 Emo-twang crossovers,,Crossover,The Carolinas,"Asheville, NC",Asheville,pedal steel; storytelling; hushed; small-town; heartbreak,I Sing; Laughing; Country Mile,Recommended,,,Documented,Medium
A0764,Twine,New Old Horse,2024,LP,Self-released,L1,Core,C9 Emo-twang crossovers,,Crossover,Australia and New Zealand,"Adelaide, Australia",,strings; feedback; storytelling; heartbreak; noise wall,Sleeping Dogs; Same Old Problems; High Tide Loose Change,Essential,,,Inferred,Medium
A0765,Cusp,What I Want Doesn't Want Me Back,2025,LP,Exploding In Sound Records,L1,Core,C9 Emo-twang crossovers,,Crossover,Chicago and the Midwest,"Chicago, IL (via Rochester, NY)",,pedal steel; synths; anthemic; noise wall; heartbreak,Healthy Living; The Upper Hand; Extracurricular Hell,Essential,,Y,Both,Medium
A0766,Twine,Deer In The Headlights,2025,EP,Self-released,L1,Core,C9 Emo-twang crossovers,,Crossover,Australia and New Zealand,"Adelaide, Australia",,feedback; storytelling; heartbreak; noise wall; cracked or yelping,Deer In The Headlights; Faith Of Crisis; Out The Same Way,Deep cut,,,Inferred,Medium
A0767,Friko,Something Worth Waiting For,2026,LP,ATO Records,L1,Core,C9 Emo-twang crossovers,,Crossover,Chicago and the Midwest,"Chicago, IL",,anthemic; shouted; long songs (7+ minutes); storytelling; cracked or yelping,Crimson to Chrome; Get Numb to It!,Recommended,,Y,Documented,High
A0768,"midwest, post death",post recovery,2026,LP,Friends House Records,L1,Core,C9 Emo-twang crossovers,C5,Emo,The West,"Seattle, WA",,banjo; mandolin; shouted; rowdy; lo-fi,fox; raphaim; toscas christmas,Deep cut,,Y,Inferred,High
A0769,proun,Maybe Luck,2026,LP,Good English Records,L1,Core,C9 Emo-twang crossovers,,Crossover,Texas and Oklahoma,"Austin, TX",,pedal steel; synths; anthemic; storytelling; cracked or yelping,Miracles; Coloring Pages,Recommended,,,Inferred,High
A0770,Centro-matic,Redo the Stacks,1997,LP,Steve Records,L3,V,V1 Molina and the Magnolia circle,,Southern rock,Texas and Oklahoma,"Denton, TX",Denton,Crazy Horse fuzz; lo-fi; drawl; short songs (under 2 minutes); live in the room,Parade of Choosers; Terrified Anyway; Cannot Compete,Deep cut,,Y,Documented,High
A0771,Songs: Ohia,Hecla & Griper,1997,EP,Secretly Canadian,L3,V,V1 Molina and the Magnolia circle,,Lo-fi,Chicago and the Midwest,"Chicago, IL",,lo-fi; hushed; bleak; drawl; short songs (under 2 minutes),Pass; Defenders; Declarer,Deep cut,,Y,Documented,High
A0772,Songs: Ohia,Songs: Ohia,1997,LP,Secretly Canadian,L3,V,V1 Molina and the Magnolia circle,,Lo-fi,Chicago and the Midwest,"Chicago, IL",,lo-fi; hushed; bleak; Midwestern; storytelling,Vanquisher; Fortunate Man; Hayfoot,Essential,Y,Y,Both,High
A0773,Songs: Ohia,Impala,1998,LP,Happy Go Lucky,L2,V,V1 Molina and the Magnolia circle,,Lo-fi,Chicago and the Midwest,"Chicago, IL",,lo-fi; cracked or yelping; bleak; storytelling; Midwestern,An Ace Unable to Change; This Time Anything Finite at All; Just What Can Last,Recommended,,Y,Documented,High
A0774,Centro-matic,Navigational,1999,LP,Idol Records,L2,V,V1 Molina and the Magnolia circle,,Southern rock,Texas and Oklahoma,"Denton, TX",Denton,Crazy Horse fuzz; drawl; long solos; storytelling; lo-fi,Ruin This With Style; This Vicious Crime; Never Mind the Sounds,Deep cut,,Y,Documented,High
A0775,Songs: Ohia,Axxess & Ace,1999,LP,Secretly Canadian,L2,V,V1 Molina and the Magnolia circle,,Alt-country,Chicago and the Midwest,"Chicago, IL",,drawl; hushed; storytelling; heartbreak; Midwestern,Captain Badass; Love & Work; Redhead,Recommended,,Y,Documented,High
A0776,Centro-matic,All the Falsest Hearts Can Try,2000,LP,Quality Park/Munich Records,L2,V,V1 Molina and the Magnolia circle,,Southern rock,Texas and Oklahoma,"Denton, TX",Denton,Crazy Horse fuzz; drawl; lo-fi; long solos; storytelling,Cool That You Showed Us How; The Blisters May Come; Call the Legion in Tonight,Deep cut,,Y,Inferred,High
A0777,Songs: Ohia,Ghost Tropic,2000,LP,Secretly Canadian,L2,V,V1 Molina and the Magnolia circle,V12,Slowcore,Chicago and the Midwest,"Chicago, IL",,hushed; glacial; long songs (7+ minutes); bleak; drawl,Ghost Tropic; Not Just a Ghost's Heart; Incantation,Recommended,,Y,Inferred,High
A0778,Songs: Ohia,Protection Spells,2000,LP,Secretly Canadian,L2,V,V1 Molina and the Magnolia circle,,Lo-fi,Chicago and the Midwest,"Chicago, IL",,lo-fi; hushed; bleak; drawl; storytelling,Trouble Will Find You; The Moon Undoes It All; Darkness That Strong,Deep cut,,Y,Documented,High
A0779,Songs: Ohia,The Lioness,2000,LP,Secretly Canadian,L2,V,V1 Molina and the Magnolia circle,V2,Country folk,Chicago and the Midwest,"Chicago, IL",,hushed; drawl; fingerpicked acoustic; bleak; storytelling,The Black Crow; Lioness; Tigress,Essential,,Y,Documented,High
A0780,South San Gabriel,South San Gabriel Songs/Music,2000,LP,Idol/Munich,L2,V,V1 Molina and the Magnolia circle,,Country folk,Texas and Oklahoma,"Denton, TX",Denton,hushed; pedal steel; fingerpicked acoustic; drawl; lullaby,Ninety Secretaries Down; Proud Son Of Gaffney; To Accompany,Deep cut,,,Documented,High
A0781,Centro-matic,Distance and Clime,2001,LP,Idol/Munich,L2,V,V1 Molina and the Magnolia circle,,Southern rock,Texas and Oklahoma,"Denton, TX",Denton,Crazy Horse fuzz; drawl; long solos; storytelling; harmonized guitars,Fountains Of Fire; Truth Flies Out; To Unleash The Horses Now,Deep cut,,Y,Documented,High
A0782,Songs: Ohia,Mi Sei Apparso Come Un Fantasma,2001,Live,Paper Cup,L2,V,V1 Molina and the Magnolia circle,,Alt-country,Chicago and the Midwest,"Chicago, IL",,live in the room; drawl; hushed; storytelling; Midwestern,Tigress; Being in Love; Cabwaylingo,Deep cut,,Y,Documented,High
A0783,Amalgamated Sons of Rest,Amalgamated Sons of Rest,2002,EP,Galaxia,L2,V,V1 Molina and the Magnolia circle,V2,Country folk,Chicago and the Midwest,"Chicago, IL",,fingerpicked acoustic; hushed; drawl; storytelling; close harmonies,Maa Bonny Lad; The Gypsy He-Witch; The Last House,Deep cut,,,Documented,Medium
A0784,Songs: Ohia,Didn't It Rain,2002,LP,Secretly Canadian,L2,V,V1 Molina and the Magnolia circle,,Alt-country,Chicago and the Midwest,"Chicago, IL",,drawl; hushed; spiritual or gospel; storytelling; long songs (7+ minutes),Didn't It Rain; Blue Factory Flame; Two Blue Lights,Essential,Y,Y,Documented,High
A0785,Will Johnson,Murder of Tides,2002,LP,Undertow,L2,V,V1 Molina and the Magnolia circle,,Country folk,Texas and Oklahoma,"Denton, TX",Denton,hushed; fingerpicked acoustic; drawl; storytelling; lullaby,Murder of Tides (Westerlies); Commonly Linked; The Riot Jack,Deep cut,,Y,Documented,Medium
A0786,Centro-matic,Love You Just the Same,2003,LP,Misra/Munich,L2,V,V1 Molina and the Magnolia circle,,Southern rock,Texas and Oklahoma,"Denton, TX",Denton,Crazy Horse fuzz; drawl; long solos; harmonized guitars; storytelling,Mighty Midshipman; Flashes and Cables; Supercar,Essential,,Y,Both,High
A0787,Songs: Ohia,The Magnolia Electric Co.,2003,LP,Secretly Canadian,L2,V,V1 Molina and the Magnolia circle,V20,Country rock,Chicago and the Midwest,"Chicago, IL",,Crazy Horse fuzz; drawl; long solos; storytelling; anthemic,Farewell Transmission; I've Been Riding with the Ghost; Just Be Simple,Essential,,Y,Both,High
A0788,The Black Swans,Who Will Walk in the Darkness with You?,2004,LP,Delmore Recording Society,L2,V,V1 Molina and the Magnolia circle,,Country folk,Chicago and the Midwest,"Columbus, OH",,hushed; drawl; bleak; fingerpicked acoustic; cracked or yelping,Who Will Walk in the Darkness With You?; Black Swan Blues; Hours Never End,Deep cut,,,Inferred,High
A0789,Jason Molina,Pyramid Electric Co.,2004,LP,Secretly Canadian,L2,V,V1 Molina and the Magnolia circle,,Lo-fi,Chicago and the Midwest,"Chicago, IL",,hushed; piano; bleak; lullaby; drawl,Pyramid Electric Co.; Long Desert Train; Division St. Girl,Recommended,,,Documented,High
A0790,Will Johnson,Vultures Await,2004,LP,Misra/Munich,L2,V,V1 Molina and the Magnolia circle,,Country folk,Texas and Oklahoma,"Denton, TX",Denton,hushed; fingerpicked acoustic; drawl; storytelling; bleak,Catherine Dupree; Just to Know What You've Been Dreaming; Vultures Await,Deep cut,,Y,Documented,Medium
A0791,Magnolia Electric Co.,Trials & Errors,2005,Live,Secretly Canadian,L2,V,V1 Molina and the Magnolia circle,,Alt-country,Chicago and the Midwest,"Chicago, IL",,Crazy Horse fuzz; long solos; long songs (7+ minutes); live in the room; drawl,The Big Beast; North Star; Almost Was Good Enough,Recommended,,Y,Documented,High
A0792,Magnolia Electric Co.,What Comes After the Blues,2005,LP,Secretly Canadian,L2,V,V1 Molina and the Magnolia circle,,Alt-country,Chicago and the Midwest,"Chicago, IL",,pedal steel; Telecaster twang; deadpan; drawl; bleak; storytelling,Northstar Blues; The Dark Don't Hide It; Give Something Else Away Every Day,Essential,,Y,Documented,High
A0793,South San Gabriel,The Carlton Chronicles: Not Until the Operation's Through,2005,LP,Misra/Munich/Houston Party,L2,V,V1 Molina and the Magnolia circle,V12,Slowcore,Texas and Oklahoma,"Denton, TX",Denton,hushed; pedal steel; glacial; fingerpicked acoustic; bleak,Charred Resentment the Same; Predatory King Today; Affection's the Pay,Recommended,,,Inferred,High
A0794,Centro-matic,Fort Recovery,2006,LP,Misra/Cooking Vinyl/Houston Party,L2,V,V1 Molina and the Magnolia circle,,Southern rock,Texas and Oklahoma,"Denton, TX",Denton,Crazy Horse fuzz; drawl; long solos; anthemic; storytelling,Covered Up in Mines; Patience for the Ride; The Fugitives Have Won,Essential,,Y,Inferred,High
A0795,Jason Molina,"Let Me Go, Let Me Go, Let Me Go",2006,LP,Secretly Canadian,L2,V,V1 Molina and the Magnolia circle,,Indie folk,Chicago and the Midwest,"Chicago, IL",,hushed; fingerpicked acoustic; bleak; drawl; spiritual or gospel,It's Easier Now; Alone With the Owl; Let Me Go Let Me Go Let Me Go,Recommended,,,Documented,High
A0796,Magnolia Electric Co.,Fading Trails,2006,LP,Secretly Canadian,L2,V,V1 Molina and the Magnolia circle,,Alt-country,Chicago and the Midwest,"Chicago, IL",,pedal steel; drawl; bleak; short songs (under 2 minutes); storytelling,Don't Fade on Me; The Old Horizon; Memphis Moon,Recommended,,Y,Documented,High
A0797,Arbouretum,Rites of Uncovering,2007,LP,Thrill Jockey,L2,V,V1 Molina and the Magnolia circle,V20,Southern rock,The Northeast,"Baltimore, MD",,Crazy Horse fuzz; long solos; baritone; noise wall; drawl,Signposts And Instruments; Tonight's A Jewel; Pale Rider Blues,Recommended,,,Inferred,High
A0798,The Black Swans,Change!,2007,LP,The Listening Party,L2,V,V1 Molina and the Magnolia circle,,Country folk,Chicago and the Midwest,"Columbus, OH",,hushed; drawl; bleak; cracked or yelping; spiritual or gospel,New Face; Hope Island; Coats,Deep cut,,,Inferred,High
A0799,Magnolia Electric Co.,Sojourner,2007,Compilation,Secretly Canadian,L2,V,V1 Molina and the Magnolia circle,,Alt-country,Chicago and the Midwest,"Chicago, IL",,pedal steel; drawl; storytelling; long songs (7+ minutes); bleak,Lonesome Valley; Nashville Moon; No Moon on the Water,Deep cut,,Y,Documented,Medium
A0800,Centro-matic and South San Gabriel,Dual Hawks,2008,Collab,Misra/Cooking Vinyl/Houston Party,L2,V,V1 Molina and the Magnolia circle,,Southern rock,Texas and Oklahoma,"Denton, TX",Denton,Crazy Horse fuzz; hushed; drawl; pedal steel; storytelling,"The Rat Patrol and DJs; I, The Kite; Strychnine, Breathless Ways",Recommended,,,Documented,High
A0801,Arbouretum,Song of the Pearl,2009,LP,Thrill Jockey,L2,V,V1 Molina and the Magnolia circle,V20,Southern rock,The Northeast,"Baltimore, MD",,Crazy Horse fuzz; long solos; baritone; drawl; strings,Song Of The Pearl; False Spring; Down By The Fall Line,Deep cut,,,Inferred,High
A0802,Jason Molina and Will Johnson,Molina and Johnson,2009,Collab,Secretly Canadian,L2,V,V1 Molina and the Magnolia circle,,Country folk,Chicago and the Midwest,"Chicago, IL / Denton, TX",,hushed; drawl; close harmonies; fingerpicked acoustic; storytelling,"All Gone, All Gone; The Lily and the Brakeman; Twenty Cycles to the Ground",Essential,,,Documented,High
A0803,Magnolia Electric Co.,Josephine,2009,LP,Secretly Canadian,L2,V,V1 Molina and the Magnolia circle,,Alt-country,Chicago and the Midwest,"Chicago, IL",,pedal steel; drawl; storytelling; bleak; spiritual or gospel,Josephine; Whip-poor-will; O! Grace,Essential,,Y,Documented,High
A0804,Arbouretum,The Gathering,2011,LP,Thrill Jockey,L2,V,V1 Molina and the Magnolia circle,V20,Southern rock,The Northeast,"Baltimore, MD",,Crazy Horse fuzz; long solos; baritone; noise wall; drawl,Song of the Nile; The White Bird; Waxing Crescents,Essential,,,Inferred,High
A0805,Centro-matic,Candidate Waltz,2011,LP,Undertow Music Collective,L2,V,V1 Molina and the Magnolia circle,,Southern rock,Texas and Oklahoma,"Denton, TX",Denton,Crazy Horse fuzz; drawl; storytelling; harmonized guitars; anthemic,Only Nickels; All in Your Hands; Iso-Residue,Deep cut,,Y,Documented,High
A0806,Jason Molina,Autumn Bird Songs,2012,EP,Graveface Records,L2,V,V1 Molina and the Magnolia circle,,Indie folk,Chicago and the Midwest,"Chicago, IL",,hushed; fingerpicked acoustic; short songs (under 2 minutes); bleak; lullaby,Heart My Heart; The Harvest Law; Enough of a Stranger,Deep cut,,,Documented,High
A0807,Will Johnson,Scorpion,2012,LP,Undertow Music,L2,V,V1 Molina and the Magnolia circle,,Country folk,Texas and Oklahoma,"Denton, TX",Denton,hushed; fingerpicked acoustic; drawl; storytelling; bleak,"You Will Be Here, Mine; Rosanky; Bloodkin Push (Forget The Ones)",Deep cut,,Y,Documented,High
A0808,Arbouretum,Coming Out of the Fog,2013,LP,Thrill Jockey,L2,V,V1 Molina and the Magnolia circle,V20,Southern rock,The Northeast,"Baltimore, MD",,Crazy Horse fuzz; long solos; baritone; drawl; bleak,The Long Night; Renouncer; The Promise,Deep cut,,,Inferred,High
A0809,Centro-matic,Take Pride in Your Long Odds,2014,LP,Navigational Transmissions,L1,V,V1 Molina and the Magnolia circle,,Southern rock,Texas and Oklahoma,"Denton, TX",Denton,Crazy Horse fuzz; drawl; storytelling; anthemic; harmonized guitars,Redness of Our Rest; Only in My Double Mind; Long Live the Long Odds,Recommended,,Y,Both,High
A0810,Will Johnson,Wire Mountain,2019,LP,Keeled Scales,L1,V,V1 Molina and the Magnolia circle,,Country folk,Texas and Oklahoma,"Denton, TX",Denton,hushed; fingerpicked acoustic; drawl; storytelling; bleak,Necessitarianism (Fred Merkle's Blues); A Carousel Victor; Gasconade,Deep cut,,Y,Documented,Medium
A0811,Arbouretum,Let It All In,2020,LP,Thrill Jockey,L1,V,V1 Molina and the Magnolia circle,V20,Southern rock,The Northeast,"Baltimore, MD",,Crazy Horse fuzz; long solos; baritone; drawl; bleak,How Deep It Goes; A Prism in Reverse; No Sanctuary Blues,Deep cut,,,Inferred,High
A0812,Jason Molina,Eight Gates,2020,LP,Secretly Canadian,L1,V,V1 Molina and the Magnolia circle,,Indie folk,Chicago and the Midwest,"Chicago, IL",,hushed; piano; bleak; spiritual or gospel; drawl,Whisper Away; Shadow Answers the Wall; The Mission's End,Essential,,,Documented,High
A0813,Will Johnson,El Capitán,2020,LP,Keeled Scales,L1,V,V1 Molina and the Magnolia circle,C2,Alt-country,Texas and Oklahoma,"Austin, TX",,fingerpicked acoustic; deadpan; drawl; storytelling; hushed,Teruel; Bloody Boxer; Trouble,Deep cut,,Y,Documented,High
A0814,Will Johnson,No Ordinary Crown,2023,LP,Keeled Scales,L1,V,V1 Molina and the Magnolia circle,C2,Alt-country,Texas and Oklahoma,"Austin, TX",,fingerpicked acoustic; deadpan; drawl; storytelling; small-town,"Along The Runner (No Ordinary Crown); Sinker, Sinking; Swine",Recommended,,Y,Documented,High
A0815,Will Johnson,Diamond City,2025,LP,Keeled Scales,L1,V,V1 Molina and the Magnolia circle,,Country folk,Texas and Oklahoma,"Denton, TX",Denton,hushed; fingerpicked acoustic; drawl; storytelling; road songs,Diamond City; Floodway Fall; Unfamiliar Ghost,Recommended,,Y,Documented,Medium
A0816,Michael Hurley,Armchair Boogie,1971,LP,Raccoon/Warner Bros.,L5,V,V2 Drag City deadpan school,,Country folk,"Burlington, Vermont",Vermont,,deadpan; drawl; fingerpicked acoustic; funny-sad; storytelling,Werewolf,Essential,,,Both,High
A0817,Michael Hurley,Hi-Fi Snock Uptown,1972,LP,Raccoon/Warner Bros.,L5,V,V2 Drag City deadpan school,,Country folk,"Burlington, Vermont",Vermont,,deadpan; drawl; fingerpicked acoustic; funny-sad; small-town,Blue Mountain,Recommended,,,Both,High
A0818,"Michael Hurley, the Unholy Modal Rounders & Jeffrey Frederick & the Clamtones",Have Moicy!,1976,Collab,Rounder Records,L5,V,V2 Drag City deadpan school,,Country folk,"Burlington, Vermont",Vermont,,deadpan; funny-sad; drawl; storytelling; spiritual or gospel,Slurf Song; Robbin' Banks,Essential,,,Inferred,High
A0819,Royal Trux,Twin Infinitives,1990,LP,Drag City,L3,V,V2 Drag City deadpan school,,Noise,The Northeast,"New York, NY",Chicago Drag City,noise wall; feedback; lo-fi; cracked or yelping; bleak,Ratcreeps; Chances Are Failure,Essential,,,Both,High
A0820,Smog,Sewn to the Sky,1990,LP,Disaster Records,L3,V,V2 Drag City deadpan school,,Lo-fi,Chicago and the Midwest,"Chicago, IL",Chicago Drag City,lo-fi; deadpan; bleak; cracked or yelping; hushed,The Weightlifter; Confederate Bills and Pinball Slugs; I Want to Tell You About a Man,Deep cut,,Y,Documented,High
A0821,Silver Jews,Dime Map of the Reef,1992,EP,Drag City,L3,V,V2 Drag City deadpan school,,Lo-fi,The Northeast,"Hoboken, NJ",,lo-fi; deadpan; drawl; storytelling; short songs (under 2 minutes),Canada; The Walnut Falcon; September 1999,Deep cut,,Y,Documented,High
A0822,Smog,Forgotten Foundation,1992,LP,Drag City,L3,V,V2 Drag City deadpan school,,Lo-fi,Chicago and the Midwest,"Chicago, IL",Chicago Drag City,lo-fi; deadpan; bleak; drawl; storytelling,Burning Kingdom; Filament; High School Freak,Deep cut,,Y,Documented,High
A0823,Palace Brothers,There Is No-One What Will Take Care of You,1993,LP,Drag City,L3,V,V2 Drag City deadpan school,,Lo-fi,The South,"Louisville, KY",Louisville and Sophomore Lounge,deadpan; lo-fi; drawl; storytelling; Southern gothic,Riding; Idle Hands Are the Devil's Playthings,Essential,,Y,Documented,High
A0824,Royal Trux,Cats and Dogs,1993,LP,Drag City,L3,V,V2 Drag City deadpan school,,Punk,The Northeast,"New York, NY",Chicago Drag City,noise wall; feedback; drawl; cracked or yelping; lo-fi,Map of the City; Skywood Greenback Mantra,Recommended,,,Documented,High
A0825,Silver Jews,The Arizona Record,1993,EP,Drag City,L3,V,V2 Drag City deadpan school,,Lo-fi,The Northeast,"Hoboken, NJ",,lo-fi; deadpan; drawl; storytelling; funny-sad,Secret Knowledge of Backroads; Jackson Nightz; Bar Scene from Star Wars,Deep cut,,Y,Documented,High
A0826,Smog,Julius Caesar,1993,LP,Drag City,L3,V,V2 Drag City deadpan school,,Lo-fi,Chicago and the Midwest,"Chicago, IL",Chicago Drag City,deadpan; lo-fi; bleak; funny-sad; storytelling,I Am Star Wars!; 37 Push Ups; Chosen One,Recommended,,Y,Both,High
A0827,Palace Brothers,Days in the Wake,1994,LP,Drag City,L3,V,V2 Drag City deadpan school,,Lo-fi,The South,"Louisville, KY",Louisville and Sophomore Lounge,deadpan; lo-fi; cracked or yelping; bleak; storytelling,No More Workhorse Blues,Recommended,,Y,Documented,High
A0828,Red Red Meat,Jimmywine Majestic,1994,LP,Sub Pop,L3,V,V2 Drag City deadpan school,V4,Lo-fi,Chicago and the Midwest,"Chicago, IL",,deadpan; slide guitar; lo-fi; bleak; storytelling,Chain Chain Chain,Recommended,,,Both,High
A0829,Silver Jews,Starlite Walker,1994,LP,Drag City,L3,V,V2 Drag City deadpan school,,Lo-fi,The Northeast,"Hoboken, NJ",,deadpan; drawl; funny-sad; lo-fi; storytelling,Trains Across the Sea; Advice to the Graduate; The Country Diary of a Subway Conductor,Essential,,Y,Both,High
A0830,Simon Joyner,The Cowardly Traveller Pays His Toll,1994,LP,"Sing, Eunuchs!",L3,V,V2 Drag City deadpan school,,Lo-fi,Chicago and the Midwest,"Omaha, NE",,deadpan; lo-fi; drawl; storytelling; bleak,The Cowardly Traveller Pays His Toll,Recommended,,,Inferred,High
A0831,Smog,Burning Kingdom,1994,EP,Drag City,L3,V,V2 Drag City deadpan school,,Lo-fi,Chicago and the Midwest,"Chicago, IL",Chicago Drag City,lo-fi; deadpan; bleak; hushed; heartbreak,My Shell (Electric Version); Renee Died; Drunk on the Stars,Deep cut,,Y,Documented,High
A0832,Palace Music,Viva Last Blues,1995,LP,Drag City,L3,V,V2 Drag City deadpan school,,Lo-fi,The South,"Louisville, KY",Louisville and Sophomore Lounge,deadpan; drawl; storytelling; lo-fi; heartbreak,New Partner; The Mountain Low,Essential,,Y,Documented,High
A0833,Red Red Meat,Bunny Gets Paid,1995,LP,Sub Pop,L3,V,V2 Drag City deadpan school,V4,Noise,Chicago and the Midwest,"Chicago, IL",,deadpan; slide guitar; noise wall; bleak; hushed,"Rosewood, Wax, Voltz and Glitter; Buck Star",Essential,,,Both,High
A0834,Royal Trux,Thank You,1995,LP,Virgin,L3,V,V2 Drag City deadpan school,,Crossover,The Northeast,"New York, NY",,drawl; cracked or yelping; long solos; rowdy; feedback,Shockwave Rider; Ray O Vac,Recommended,,,Documented,High
A0835,Smog,Wild Love,1995,LP,Drag City,L3,V,V2 Drag City deadpan school,,Lo-fi,Chicago and the Midwest,"Chicago, IL",Chicago Drag City,deadpan; lo-fi; bleak; baritone; hushed,Bathysphere; Prince Alone in the Studio,Recommended,,Y,Documented,High
A0836,Palace Music,Arise Therefore,1996,LP,Palace,L3,V,V2 Drag City deadpan school,,Lo-fi,The South,"Louisville, KY",Louisville and Sophomore Lounge,deadpan; drum machine; lo-fi; bleak; heartbreak,A Sucker's Evening; No Gold Digger,Recommended,,Y,Both,High
A0837,Silver Jews,The Natural Bridge,1996,LP,Drag City,L3,V,V2 Drag City deadpan school,,Slacker,The Northeast,"Hoboken, NJ",,deadpan; drawl; funny-sad; heartbreak; bleak,Pretty Eyes; How to Rent a Room; Black and Brown Blues,Essential,,Y,Both,High
A0838,Smog,Kicking a Couple Around,1996,EP,Drag City,L3,V,V2 Drag City deadpan school,,Lo-fi,Chicago and the Midwest,"Chicago, IL",Chicago Drag City,lo-fi; deadpan; bleak; storytelling; drawl,Your New Friend; Back in School; I Break Horses,Deep cut,,Y,Documented,High
A0839,Smog,The Doctor Came at Dawn,1996,LP,Drag City,L3,V,V2 Drag City deadpan school,,Slowcore,Chicago and the Midwest,"Chicago, IL",Chicago Drag City,deadpan; bleak; hushed; baritone; glacial,All Your Women Things,Recommended,,Y,Inferred,High
A0840,Appendix Out,The Rye Bears a Poison,1997,LP,Drag City,L3,V,V2 Drag City deadpan school,V30,Folk rock,"The UK, Ireland and Canada","Glasgow, Scotland",,fingerpicked acoustic; deadpan; hushed; storytelling; small-town,The Rye Bears a Poison,Deep cut,,,Both,High
A0841,Edith Frost,Calling Over Time,1997,LP,Drag City,L3,V,V2 Drag City deadpan school,,Country folk,Chicago and the Midwest,"Chicago, IL",Chicago Drag City,deadpan; pedal steel; hushed; heartbreak; drawl,Cars and Parties; Tender Life,Recommended,,,Both,High
A0842,Smog,Red Apple Falls,1997,LP,Drag City,L3,V,V2 Drag City deadpan school,,Country folk,Chicago and the Midwest,"Chicago, IL",Chicago Drag City,pedal steel; deadpan; horns; storytelling; hushed,Blood Red Bird; Finer Days; Red Apple Falls,Essential,Y,Y,Documented,High
A0843,Will Oldham,Joya,1997,LP,Drag City,L3,V,V2 Drag City deadpan school,,Indie folk,The South,"Louisville, KY",Louisville and Sophomore Lounge,deadpan; fingerpicked acoustic; hushed; storytelling; bleak,Antagonism,Deep cut,,Y,Documented,High
A0844,The Anomoanon,Mother Goose,1998,LP,Palace Records,L2,V,V2 Drag City deadpan school,,Country folk,The South,"Louisville, KY",,fingerpicked acoustic; lo-fi; lullaby; hushed; deadpan,Wee Willie Winkie; Solomon Grundy; Peter Peter Pumpkin Eater,Deep cut,,,Documented,Medium
A0845,Edith Frost,Telescopic,1998,LP,Drag City,L2,V,V2 Drag City deadpan school,,Country folk,Chicago and the Midwest,"Chicago, IL",Chicago Drag City,deadpan; hushed; drawl; heartbreak; lo-fi,Cushion the Blow; The One You Left Behind,Recommended,,,Both,High
A0846,Plush,More You Becomes You,1998,LP,Drag City,L2,V,V2 Drag City deadpan school,,Indie folk,Chicago and the Midwest,"Chicago, IL",Chicago Drag City,deadpan; piano; strings; storytelling; hushed,Found a Little Baby,Deep cut,,,Documented,High
A0847,Royal Trux,Accelerator,1998,LP,Drag City,L2,V,V2 Drag City deadpan school,,Noise,The Northeast,"New York, NY",Chicago Drag City,drum machine; noise wall; cracked or yelping; feedback; rowdy,Yellow Kid,Deep cut,,,Documented,High
A0848,Silver Jews,American Water,1998,LP,Drag City,L2,V,V2 Drag City deadpan school,,Alt-country,The South,"Nashville, TN",,deadpan; funny-sad; storytelling; pop-culture references; small-town,Random Rules; Smith & Jones Forever; Federal Dust,Essential,Y,Y,Both,High
A0849,Simon Joyner,"Yesterday, Tomorrow, and In Between",1998,LP,"Sing, Eunuchs!",L2,V,V2 Drag City deadpan school,,Lo-fi,Chicago and the Midwest,"Omaha, NE",,deadpan; lo-fi; storytelling; bleak; small-town,"Yesterday, Tomorrow, and In Between",Recommended,,,Documented,Medium
A0850,The Anomoanon,"Songs From Robert Louis Stevenson's ""A Child's Garden of Verses""",1999,LP,Palace Records,L2,V,V2 Drag City deadpan school,,Country folk,The South,"Louisville, KY",Louisville and Sophomore Lounge,deadpan; fingerpicked acoustic; lullaby; storytelling; hushed,The Land of Nod; Windy Nights,Deep cut,,,Documented,High
A0851,Bonnie 'Prince' Billy,I See a Darkness,1999,LP,Palace/Drag City,L2,V,V2 Drag City deadpan school,,Country folk,The South,"Louisville, KY",Louisville and Sophomore Lounge,deadpan; baritone; storytelling; spiritual or gospel; bleak,I See a Darkness; Death to Everyone; Madeleine-Mary,Essential,,Y,Documented,High
A0852,Jim O'Rourke,Eureka,1999,LP,Drag City,L2,V,V2 Drag City deadpan school,,Indie folk,Chicago and the Midwest,"Chicago, IL",Chicago Drag City,deadpan; strings; horns; piano; storytelling,Women of the World; Ghost Ship in a Storm; Eureka,Recommended,,,Documented,High
A0853,Papa M,Live from a Shark Cage,1999,LP,Drag City,L2,V,V2 Drag City deadpan school,V12,Indie folk,The South,"Louisville, KY",Louisville and Sophomore Lounge,fingerpicked acoustic; hushed; lo-fi; glacial; long songs (7+ minutes),Krusty,Deep cut,,,Both,High
A0854,Royal Trux,Veterans of Disorder,1999,LP,Drag City,L2,V,V2 Drag City deadpan school,,Crossover,The Northeast,"New York, NY",Chicago Drag City,drawl; long solos; rowdy; cracked or yelping; harmonica,Waterpark,Recommended,,,Documented,High
A0855,Smog,Knock Knock,1999,LP,Drag City,L2,V,V2 Drag City deadpan school,,Crossover,Chicago and the Midwest,"Chicago, IL",Chicago Drag City,deadpan; storytelling; strings; small-town; funny-sad,Teenage Spaceship; Held; River Guard,Essential,,Y,Documented,High
A0856,Smog,Dongs of Sevotion,2000,LP,Drag City,L2,V,V2 Drag City deadpan school,,Crossover,Chicago and the Midwest,"Chicago, IL",Chicago Drag City,deadpan; storytelling; drum machine; funny-sad; bleak,Dress Sexy at My Funeral,Deep cut,,Y,Documented,High
A0857,Bonnie 'Prince' Billy,Ease Down the Road,2001,LP,Drag City,L2,V,V2 Drag City deadpan school,,Country folk,The South,"Louisville, KY",Louisville and Sophomore Lounge,deadpan; duets; fingerpicked acoustic; storytelling; drawl,Ease Down the Road; May It Always Be,Recommended,,Y,Both,High
A0858,Califone,Roomsound,2001,LP,Perishable Records,L2,V,V2 Drag City deadpan school,V4,Lo-fi,Chicago and the Midwest,"Chicago, IL",,deadpan; slide guitar; lo-fi; storytelling; bleak,Fisherman's Wife; Porno Starlet Vs. Rodeo Clown; Trout Silk,Recommended,,,Documented,High
A0859,Jim O'Rourke,Insignificance,2001,LP,Drag City,L2,V,V2 Drag City deadpan school,,Indie folk,Chicago and the Midwest,"Chicago, IL",Chicago Drag City,deadpan; piano; storytelling; pop-culture references; funny-sad,Therefore I Am; Life Goes Off,Recommended,,,Documented,High
A0860,Neil Michael Hagerty,Neil Michael Hagerty,2001,LP,Drag City,L2,V,V2 Drag City deadpan school,,Punk,The South,"Austin, TX",,cracked or yelping; long solos; drawl; feedback; rowdy,Know That; Fortune and Fear; The Menace,Deep cut,,,Documented,High
A0861,Papa M,"Whatever, Mortal",2001,LP,Drag City,L2,V,V2 Drag City deadpan school,V12,Indie folk,The South,"Louisville, KY",Louisville and Sophomore Lounge,fingerpicked acoustic; hushed; banjo; glacial; lullaby,I Am Not Lonely with Cricket; Arundel,Deep cut,,,Both,High
A0862,Silver Jews,Bright Flight,2001,LP,Drag City,L2,V,V2 Drag City deadpan school,,Country folk,The South,"Nashville, TN",,deadpan; baritone; pedal steel; storytelling; bleak,Tennessee; Time Will Break the World; Slow Education,Recommended,,Y,Documented,High
A0863,Smog,Rain on Lens,2001,LP,Drag City,L2,V,V2 Drag City deadpan school,,Lo-fi,Chicago and the Midwest,"Chicago, IL",Chicago Drag City,deadpan; drum machine; lo-fi; bleak; baritone,Rain on Lens; I Feel Like the Mother of the World,Deep cut,,Y,Documented,High
A0864,Michael Hurley,Sweetkorn,2002,LP,Trikont/Bellemeade Phonics,L2,V,V2 Drag City deadpan school,V8,Country folk,The Northeast,Vermont / itinerant,,fingerpicked acoustic; drawl; funny-sad; lo-fi; storytelling,Ohio Blues; O My Stars; The Rue Of Ruby Whores,Deep cut,,,Both,High
A0865,Alasdair Roberts,Farewell Sorrow,2003,LP,Drag City,L2,V,V2 Drag City deadpan school,V30,Folk rock,"The UK, Ireland and Canada","Glasgow, Scotland",,fingerpicked acoustic; deadpan; storytelling; hushed; small-town,Farewell Sorrow,Recommended,,,Documented,High
A0866,Bonnie 'Prince' Billy,Master and Everyone,2003,LP,Drag City,L2,V,V2 Drag City deadpan school,,Country folk,The South,"Louisville, KY",Louisville and Sophomore Lounge,deadpan; hushed; fingerpicked acoustic; close harmonies; lullaby,"Ain't You Wealthy, Ain't You Wise; Wolf Among Wolves",Essential,,Y,Inferred,High
A0867,Califone,Quicksand/Cradlesnakes,2003,LP,Thrill Jockey,L2,V,V2 Drag City deadpan school,V4,Lo-fi,Chicago and the Midwest,"Chicago, IL",,deadpan; banjo; lo-fi; storytelling; Southern gothic,Vampiring Again,Recommended,,,Both,High
A0868,Smog,Supper,2003,LP,Drag City,L2,V,V2 Drag City deadpan school,,Country folk,Chicago and the Midwest,"Chicago, IL",Chicago Drag City,deadpan; storytelling; strings; heartbreak; funny-sad,Feather by Feather; Truth Serum,Recommended,,Y,Documented,High
A0869,Bonnie 'Prince' Billy,Sings Greatest Palace Music,2004,LP,Drag City,L2,V,V2 Drag City deadpan school,,Classic country,The South,"Nashville, TN",,deadpan; pedal steel; duets; storytelling; drawl,New Partner; Riding,Deep cut,,Y,Documented,High
A0870,Califone,Heron King Blues,2004,LP,Thrill Jockey,L2,V,V2 Drag City deadpan school,V4,Noise,Chicago and the Midwest,"Chicago, IL",,deadpan; noise wall; long songs (7+ minutes); bleak; drum machine,Trick Bag,Deep cut,,,Both,High
A0871,Matt Sweeney & Bonnie 'Prince' Billy,Superwolf,2005,Collab,Drag City,L2,V,V2 Drag City deadpan school,,Country folk,The South,"Louisville, KY",Louisville and Sophomore Lounge,deadpan; harmonized guitars; storytelling; baritone; drawl,My Home Is the Sea; Beast for Thee,Essential,,,Documented,High
A0872,Silver Jews,Tanglewood Numbers,2005,LP,Drag City,L2,V,V2 Drag City deadpan school,,Alt-country,The South,"Nashville, TN",,deadpan; funny-sad; rowdy; storytelling; drawl,Punks in the Beerlight; Sometimes a Pony Gets Depressed; Animal Shapes,Essential,,Y,Both,High
A0873,Smog,A River Ain't Too Much to Love,2005,LP,Drag City,L2,V,V2 Drag City deadpan school,,Country folk,Chicago and the Midwest,"Chicago, IL",Chicago Drag City,deadpan; fingerpicked acoustic; storytelling; spiritual or gospel; hushed,Say Valley Maker; Drinking at the Dam; Rock Bottom Riser,Essential,,Y,Documented,High
A0874,Bonnie 'Prince' Billy,The Letting Go,2006,LP,Drag City,L2,V,V2 Drag City deadpan school,,Indie folk,"The UK, Ireland and Canada","Reykjavik, Iceland",,deadpan; strings; close harmonies; duets; hushed,Cursed Sleep; Love Comes to Me,Recommended,,Y,Documented,High
A0875,Califone,Roots & Crowns,2006,LP,Thrill Jockey,L2,V,V2 Drag City deadpan school,V4,Lo-fi,Chicago and the Midwest,"Chicago, IL",,deadpan; strings; lo-fi; storytelling; breezy,Pink and Sour,Recommended,,,Documented,High
A0876,Bill Callahan,Woke on a Whaleheart,2007,LP,Drag City,L2,V,V2 Drag City deadpan school,,Crossover,Chicago and the Midwest,"Chicago, IL",,deadpan; baritone; spiritual or gospel; storytelling; funny-sad,Diamond Dancer; Day,Recommended,,Y,Documented,High
A0877,Bonnie 'Prince' Billy,Lie Down in the Light,2008,LP,Drag City,L2,V,V2 Drag City deadpan school,,Country folk,The South,"Louisville, KY",Louisville and Sophomore Lounge,deadpan; pedal steel; fiddle; breezy; drawl,Easy Does It; Lie Down in the Light,Recommended,,Y,Inferred,High
A0878,Silver Jews,"Lookout Mountain, Lookout Sea",2008,LP,Drag City,L2,V,V2 Drag City deadpan school,,Country folk,The South,"Nashville, TN",,deadpan; baritone; storytelling; spiritual or gospel; drawl,"Aloysius, Bluegrass Drummer; My Pillow Is the Moon; What Is Not but Could Be If",Recommended,,Y,Documented,High
A0879,Bill Callahan,Sometimes I Wish We Were an Eagle,2009,LP,Drag City,L2,V,V2 Drag City deadpan school,,Country folk,Chicago and the Midwest,"Chicago, IL",,deadpan; baritone; fiddle; storytelling; hushed,Jim Cain; Eid Ma Clack Shaw,Recommended,,Y,Documented,High
A0880,Bonnie 'Prince' Billy,Beware,2009,LP,Drag City,L2,V,V2 Drag City deadpan school,,Country rock,The South,"Louisville, KY",Louisville and Sophomore Lounge,deadpan; horns; close harmonies; storytelling; anthemic,Beware Your Only Friend,Recommended,,Y,Inferred,High
A0881,Michael Hurley,Ida Con Snock,2009,LP,Gnomonsong,L2,V,V2 Drag City deadpan school,V8,Country folk,The Northeast,Vermont / itinerant,,fingerpicked acoustic; drawl; funny-sad; hushed; storytelling,Wildegeeses; Hoot Owls; I Stole The Right To Live,Deep cut,,,Both,High
A0882,Michael Hurley & Ida,Ida Con Snock,2009,Collab,Gnomonsong,L2,V,V2 Drag City deadpan school,,Country folk,"Burlington, Vermont",Vermont,,deadpan; close harmonies; fingerpicked acoustic; funny-sad; hushed,Wildegeeses; Hoot Owls; Hog of the Forsaken,Recommended,,,Documented,Medium
A0883,Bonnie 'Prince' Billy and the Cairo Gang,The Wonder Show of the World,2010,Collab,Drag City,L2,V,V2 Drag City deadpan school,,Indie folk,The South,"Louisville, KY",Louisville and Sophomore Lounge,deadpan; harmonized guitars; hushed; close harmonies; storytelling,That's What Our Love Is,Deep cut,,,Documented,High
A0884,Scout Niblett,The Calcination of Scout Niblett,2010,LP,Drag City,L2,V,V2 Drag City deadpan school,,Lo-fi,"The UK, Ireland and Canada","Nottingham, England",Chicago Drag City,deadpan; shouted; lo-fi; bleak; drawl,Just Do It,Deep cut,,,Documented,High
A0885,Bill Callahan,Apocalypse,2011,LP,Drag City,L2,V,V2 Drag City deadpan school,,Crossover,Texas and Oklahoma,"Austin, TX",,deadpan; baritone; storytelling; cosmic; drawl,Drover; America!; Riding for the Feeling,Essential,,Y,Documented,High
A0886,Bonnie 'Prince' Billy,Wolfroy Goes to Town,2011,LP,Drag City,L2,V,V2 Drag City deadpan school,,Country folk,The South,"Louisville, KY",Louisville and Sophomore Lounge,deadpan; close harmonies; hushed; storytelling; bleak,New Whaling Song; No Match,Recommended,,Y,Documented,High
A0887,Bill Callahan,Dream River,2013,LP,Drag City,L2,V,V2 Drag City deadpan school,,Crossover,Texas and Oklahoma,"Austin, TX",,deadpan; baritone; hushed; drawl; breezy,Javelin Unlanding; Small Plane; Ride My Arrow,Essential,,Y,Documented,High
A0888,Scout Niblett,It's Up to Emma,2013,LP,Drag City,L2,V,V2 Drag City deadpan school,,Lo-fi,"The UK, Ireland and Canada","Nottingham, England",Chicago Drag City,deadpan; shouted; lo-fi; heartbreak; bleak,Gun,Deep cut,,,Both,High
A0889,Bill Callahan,Have Fun with God,2014,LP,Drag City,L1,V,V2 Drag City deadpan school,,Crossover,Texas and Oklahoma,"Austin, TX",,deadpan; baritone; drum machine; hushed; cosmic,Thank Dub; Expanding Dub; Small Dub,Deep cut,,Y,Documented,High
A0890,Bill Callahan,Shepherd in a Sheepskin Vest,2019,LP,Drag City,L1,V,V2 Drag City deadpan school,,Country folk,Texas and Oklahoma,"Austin, TX",,deadpan; baritone; fingerpicked acoustic; storytelling; spiritual or gospel,Watch Me Get Married; Morning Is My Godmother,Recommended,,Y,Documented,High
A0891,Bonnie 'Prince' Billy,I Made a Place,2019,LP,Drag City,L1,V,V2 Drag City deadpan school,,Country folk,The South,"Louisville, KY",Louisville and Sophomore Lounge,deadpan; close harmonies; storytelling; spiritual or gospel; hushed,Guitar String,Recommended,,Y,Documented,High
A0892,Bill Callahan,Gold Record,2020,LP,Drag City,L1,V,V2 Drag City deadpan school,,Country folk,Texas and Oklahoma,"Austin, TX",,deadpan; baritone; storytelling; funny-sad; drawl,Pigeons; 35,Recommended,,Y,Documented,High
A0893,Matt Sweeney & Bonnie 'Prince' Billy,Superwolves,2021,Collab,Drag City,L1,V,V2 Drag City deadpan school,,Country folk,The South,"Louisville, KY",Louisville and Sophomore Lounge,deadpan; harmonized guitars; storytelling; baritone; drawl,My Home Is Water,Recommended,,,Documented,High
A0894,Bill Callahan,YTI⅃AƎЯ,2022,LP,Drag City,L1,V,V2 Drag City deadpan school,,Crossover,Texas and Oklahoma,"Austin, TX",,deadpan; baritone; synths; cosmic; storytelling,First Bird; Coyotes,Deep cut,,Y,Documented,Medium
A0895,Bonnie 'Prince' Billy,Keeping Secrets Will Destroy You,2023,LP,Drag City,L1,V,V2 Drag City deadpan school,,Country folk,The South,"Louisville, KY",Louisville and Sophomore Lounge,deadpan; storytelling; fingerpicked acoustic; hushed; funny-sad,Bananas; Like It or Not; Behold! Be Held!,Essential,,Y,Documented,Medium
A0896,Bonnie 'Prince' Billy,The Purple Bird,2025,LP,Domino,L1,V,V2 Drag City deadpan school,,Classic country,The South,"Nashville, TN",,deadpan; pedal steel; storytelling; drawl; heartbreak,Turned to Dust,Recommended,,Y,Inferred,High
A0897,Slobberbone,Crow Pot Pie,1996,LP,Doolittle Records,L3,V,V3 Southern storytelling rock,,Cowpunk,Texas and Oklahoma,"Denton, TX",Denton,drawl; storytelling; drinking songs; live in the room; funny-sad,Placemat Man,Recommended,,,Both,High
A0898,Slobberbone,Barrel Chested,1997,LP,Doolittle Records,L3,V,V3 Southern storytelling rock,,Cowpunk,Texas and Oklahoma,"Denton, TX",Denton,drawl; storytelling; drinking songs; rowdy; funny-sad,Gimmie Back My Dog,Recommended,,,Documented,High
A0899,Drive-By Truckers,Gangstabilly,1998,LP,Soul Dump Records,L2,V,V3 Southern storytelling rock,,Cowpunk,The South,"Athens, GA","Athens, Georgia",drawl; storytelling; small-town; drinking songs; lo-fi; funny-sad,The Living Bubba; Steve McQueen,Recommended,,Y,Both,High
A0900,Drive-By Truckers,Pizza Deliverance,1999,LP,Soul Dump Records,L2,V,V3 Southern storytelling rock,,Cowpunk,The South,"Athens, GA","Athens, Georgia",drawl; storytelling; small-town; Southern gothic; drinking songs; funny-sad,"Nine Bullets; Too Much Sex, Too Little Jesus",Recommended,,Y,Documented,High
A0901,Drive-By Truckers,Alabama Ass Whuppin',2000,Live,Second Heaven Records,L2,V,V3 Southern storytelling rock,,Southern rock,The South,"Athens, GA","Athens, Georgia",drawl; storytelling; live in the room; drinking songs; rowdy; long solos,Steve McQueen; 18 Wheels of Love,Recommended,,Y,Documented,High
A0902,Slobberbone,Everything You Thought Was Right Was Wrong Today,2000,LP,New West Records,L2,V,V3 Southern storytelling rock,,Alt-country,Texas and Oklahoma,"Denton, TX",Denton,drawl; storytelling; drinking songs; small-town; funny-sad,Josephine; Trust Jesus,Recommended,,,Inferred,High
A0903,Drive-By Truckers,Southern Rock Opera,2001,LP,Soul Dump Records,L2,V,V3 Southern storytelling rock,,Southern rock,The South,"Athens, GA","Athens, Georgia",harmonized guitars; storytelling; Southern gothic; drawl; long solos; political,Let There Be Rock; Ronnie and Neil; Zip City,Essential,Y,Y,Both,High
A0904,Lucero,Lucero,2001,LP,Empty Road Music,L2,V,V3 Southern storytelling rock,,Cowpunk,The South,"Memphis, TN",Memphis,drawl; storytelling; drinking songs; road songs; live in the room; rowdy,My Best Girl,Recommended,,,Inferred,High
A0905,Bobby Bare Jr.,Young Criminals' Starvation League,2002,LP,Bloodshot Records,L2,V,V3 Southern storytelling rock,,Crossover,The South,"Nashville, TN",,drawl; storytelling; funny-sad; harmonized guitars; deadpan,Flat Chested Girl from Maynardville,Recommended,,,Both,High
A0906,Cory Branan,The Hell You Say,2002,LP,Madjack Records,L2,V,V3 Southern storytelling rock,,Alt-country,The South,"Nashville, TN",,drawl; storytelling; funny-sad; fingerpicked acoustic; heartbreak,The Hell You Say,Recommended,,,Documented,High
A0907,Lucero,Tennessee,2002,LP,Madjack Records,L2,V,V3 Southern storytelling rock,,Alt-country,The South,"Memphis, TN",Memphis,drawl; storytelling; heartbreak; road songs; drinking songs,Tennessee,Recommended,,,Documented,High
A0908,Slobberbone,Slippage,2002,LP,New West Records,L2,V,V3 Southern storytelling rock,,Alt-country,Texas and Oklahoma,"Denton, TX",Denton,drawl; storytelling; heartbreak; harmonized guitars; small-town,Butcher Knife Bride,Recommended,,,Documented,High
A0909,Two Cow Garage,Please Turn the Gas Back On,2002,LP,Shelterhouse Records,L2,V,V3 Southern storytelling rock,,Punk,Chicago and the Midwest,"Columbus, OH",,drawl; storytelling; shouted; road songs; small-town,Should've California,Deep cut,,,Documented,High
A0910,Drive-By Truckers,Decoration Day,2003,LP,New West Records,L2,V,V3 Southern storytelling rock,,Southern rock,The South,"Athens, GA","Athens, Georgia",harmonized guitars; storytelling; Southern gothic; drawl; small-town; funny-sad,Decoration Day; Marry Me; Sink Hole,Essential,Y,Y,Both,High
A0911,Grand Champeen,The One That Brought You,2003,LP,Glurp Records,L2,V,V3 Southern storytelling rock,,Southern rock,Texas and Oklahoma,"Austin, TX",,drawl; storytelling; harmonized guitars; rowdy; road songs,The One That Brought You,Recommended,,,Inferred,High
A0912,Lucero,That Much Further West,2003,LP,Tiger Style Records,L2,V,V3 Southern storytelling rock,,Alt-country,The South,"Memphis, TN",Memphis,drawl; storytelling; road songs; heartbreak; live in the room,Tears in Vain,Recommended,,,Documented,High
A0913,Bobby Bare Jr.,From the End of Your Leash,2004,LP,Bloodshot Records,L2,V,V3 Southern storytelling rock,,Alt-country,The South,"Nashville, TN",,drawl; storytelling; heartbreak; deadpan; harmonized guitars,Ex-Girlfriend,Recommended,,,Documented,Medium
A0914,Drive-By Truckers,The Dirty South,2004,LP,New West Records,L2,V,V3 Southern storytelling rock,,Southern rock,The South,"Athens, GA","Athens, Georgia",harmonized guitars; storytelling; political; Southern gothic; drawl; small-town,Puttin' People on the Moon; Danko/Manuel; The Day John Henry Died,Essential,,Y,Both,High
A0915,Patterson Hood,Killers and Stars,2004,LP,New West Records,L2,V,V3 Southern storytelling rock,,Alt-country,The South,"Athens, GA","Athens, Georgia",hushed; storytelling; drawl; fingerpicked acoustic; bleak,Killers and Stars; Belinda Carlisle Diet,Deep cut,,,Documented,High
A0916,Todd Snider,East Nashville Skyline,2004,LP,Oh Boy Records,L2,V,V3 Southern storytelling rock,C2,Alt-country,The South,"Nashville, TN",,drawl; storytelling; funny-sad; deadpan; drinking songs,Play a Train Song,Recommended,,,Both,High
A0917,Two Cow Garage,The Wall Against Our Back,2004,LP,Shelterhouse Records,L2,V,V3 Southern storytelling rock,,Punk,Chicago and the Midwest,"Columbus, OH",,drawl; storytelling; shouted; road songs; small-town,Continental Distance,Recommended,,,Both,High
A0918,Lucero,Nobody's Darlings,2005,LP,Liberty & Lament Records,L2,V,V3 Southern storytelling rock,,Alt-country,The South,"Memphis, TN",Memphis,drawl; storytelling; heartbreak; drinking songs; funny-sad,Nobody's Darling; Sweet Little Thing,Recommended,,,Inferred,High
A0919,The Dexateens,Hardwire Healing,2006,LP,Rosa Records,L2,V,V3 Southern storytelling rock,,Southern rock,The South,"Tuscaloosa, AL",,drawl; storytelling; slide guitar; rowdy; small-town,Hardwire Healing,Recommended,,,Both,High
A0920,The Drams,Jubilee Dive,2006,LP,New West Records,L2,V,V3 Southern storytelling rock,,Southern rock,Texas and Oklahoma,"Denton, TX",Denton,drawl; storytelling; harmonized guitars; road songs; small-town,Jubilee Dive,Recommended,,,Documented,High
A0921,Drive-By Truckers,A Blessing and a Curse,2006,LP,New West Records,L2,V,V3 Southern storytelling rock,,Southern rock,The South,"Athens, GA","Athens, Georgia",harmonized guitars; drawl; storytelling; small-town; road songs,Space City; Aftermath USA,Recommended,,Y,Documented,High
A0922,Lucero,"Rebels, Rogues & Sworn Brothers",2006,LP,Liberty & Lament Records,L2,V,V3 Southern storytelling rock,,Southern rock,The South,"Memphis, TN",Memphis,drawl; storytelling; drinking songs; harmonized guitars; road songs,Anjalee,Recommended,,,Inferred,High
A0923,Todd Snider,The Devil You Know,2006,LP,New Door Records,L2,V,V3 Southern storytelling rock,C2,Alt-country,The South,"Nashville, TN",,drawl; storytelling; political; funny-sad; drinking songs,Tension,Recommended,,,Documented,High
A0924,Adam Faucett,The Great Basking Shark,2007,LP,Self-released,L2,V,V3 Southern storytelling rock,,Alt-country,The South,"Little Rock, AR",,baritone; storytelling; bleak; fingerpicked acoustic; drawl,The Great Basking Shark,Deep cut,,,Documented,High
A0925,Glossary,The Better Angels of Our Nature,2007,LP,Last Chance Records,L2,V,V3 Southern storytelling rock,,Southern rock,The South,"Murfreesboro, TN",,drawl; storytelling; small-town; harmonized guitars; drinking songs,The Better Angels of Our Nature,Deep cut,,,Inferred,High
A0926,Jason Isbell,Sirens of the Ditch,2007,LP,New West Records,L2,V,V3 Southern storytelling rock,,Southern rock,The South,"Muscle Shoals, AL",Muscle Shoals,storytelling; drawl; Southern gothic; harmonized guitars; small-town,Try; Dress Blues,Essential,,,Documented,High
A0927,Two Cow Garage,III,2007,LP,Shelterhouse Records,L2,V,V3 Southern storytelling rock,,Punk,Chicago and the Midwest,"Columbus, OH",,drawl; storytelling; shouted; road songs; drinking songs,40 Bucks,Recommended,,,Inferred,High
A0928,Drive-By Truckers,Brighter Than Creation's Dark,2008,LP,New West Records,L2,V,V3 Southern storytelling rock,,Southern rock,The South,"Athens, GA","Athens, Georgia",storytelling; small-town; drawl; funny-sad; harmonized guitars,Bob; Two Daughters and a Beautiful Wife; The Righteous Path,Recommended,,Y,Documented,High
A0929,American Aquarium,Dances for the Lonely,2009,LP,Last Chance Records,L2,V,V3 Southern storytelling rock,,Alt-country,The Carolinas,"Raleigh, NC",,drawl; storytelling; heartbreak; road songs; drinking songs,Katherine Belle,Deep cut,,,Documented,High
A0930,Austin Lucas,Somebody Loves You,2009,LP,Suburban Home Records,L2,V,V3 Southern storytelling rock,,Alt-country,Chicago and the Midwest,"Bloomington, IN",,drawl; storytelling; fingerpicked acoustic; heartbreak; harmonized guitars,Somebody Loves You,Deep cut,,,Both,High
A0931,The Dexateens,Singlewide,2009,LP,Skybucket Records,L2,V,V3 Southern storytelling rock,,Southern rock,The South,"Tuscaloosa, AL",,drawl; storytelling; slide guitar; small-town; rowdy,Singlewide,Recommended,,,Documented,High
A0932,"Have Gun, Will Travel",Postcards from the Friendly City,2009,LP,Suburban Home Records,L2,V,V3 Southern storytelling rock,,Southern rock,The South,"Bradenton, FL",,drawl; storytelling; small-town; harmonized guitars; horns,Salad Days,Deep cut,,,Both,High
A0933,Jason Isbell and the 400 Unit,Jason Isbell and the 400 Unit,2009,LP,Lightning Rod Records,L2,V,V3 Southern storytelling rock,,Southern rock,The South,"Muscle Shoals, AL",Muscle Shoals,storytelling; drawl; harmonized guitars; drinking songs; small-town,Cigarettes and Wine; No Choice in the Matter,Recommended,,,Documented,Medium
A0934,Lucero,1372 Overton Park,2009,LP,Universal Republic,L2,V,V3 Southern storytelling rock,,Southern rock,The South,"Memphis, TN",Memphis,horns; drawl; storytelling; road songs; harmonized guitars,Darken My Door,Recommended,,,Documented,High
A0935,Patterson Hood,Murdering Oscar (And Other Love Songs),2009,LP,Ruth St. Records,L2,V,V3 Southern storytelling rock,,Southern rock,The South,"Athens, GA","Athens, Georgia",storytelling; horns; drawl; small-town; funny-sad,Murdering Oscar; Belvah Cecil (Get Downstairs),Deep cut,,,Documented,High
A0936,Two Cow Garage,Speaking in Cursive,2009,LP,Suburban Home Records,L2,V,V3 Southern storytelling rock,,Punk,Chicago and the Midwest,"Columbus, OH",,drawl; storytelling; shouted; road songs; funny-sad,Should Have Known; 40 Bucks,Deep cut,,,Documented,High
A0937,American Aquarium,Small Town Hymns,2010,LP,Last Chance Records,L2,V,V3 Southern storytelling rock,,Alt-country,The Carolinas,"Raleigh, NC",,drawl; storytelling; small-town; heartbreak; drinking songs,Small Town Hymns,Deep cut,,,Documented,High
A0938,Bobby Bare Jr.,"A Storm, A Tree, My Mother's Head",2010,LP,30 Tigers/Naked Albino Recordings,L2,V,V3 Southern storytelling rock,,Crossover,The South,"Nashville, TN",,drawl; storytelling; deadpan; funny-sad; harmonized guitars,The Sky Is the Ground,Deep cut,,,Documented,High
A0939,Drive-By Truckers,The Big To-Do,2010,LP,ATO Records,L2,V,V3 Southern storytelling rock,,Southern rock,The South,"Athens, GA","Athens, Georgia",storytelling; Southern gothic; drawl; harmonized guitars; drinking songs,"The Fireplace Poker; The Wig He Made Her Wear; Drag the Lake, Charlie",Recommended,,Y,Documented,High
A0940,Glossary,Feral Fire,2010,LP,Liberty & Lament Records,L2,V,V3 Southern storytelling rock,,Southern rock,The South,"Murfreesboro, TN",,drawl; storytelling; small-town; harmonized guitars; spiritual or gospel,Feral Fire,Recommended,,,Documented,High
A0941,Two Cow Garage,Sweet Saint Me,2010,LP,Suburban Home Records,L2,V,V3 Southern storytelling rock,,Alt-country,Chicago and the Midwest,"Columbus, OH",,drawl; storytelling; road songs; small-town; funny-sad,Sweet Saint Me,Recommended,,,Documented,High
A0942,Drive-By Truckers,Go-Go Boots,2011,LP,ATO Records,L2,V,V3 Southern storytelling rock,,Southern rock,The South,"Athens, GA","Athens, Georgia",horns; storytelling; Southern gothic; drawl; spiritual or gospel,Go-Go Boots; Cartoon Gold; The Thanksgiving Filter,Recommended,,Y,Documented,High
A0943,Glossary,Long Live All of Us,2011,LP,Last Chance Records,L2,V,V3 Southern storytelling rock,,Southern rock,The South,"Murfreesboro, TN",,drawl; storytelling; small-town; anthemic; spiritual or gospel,Long Live All of Us,Recommended,,,Documented,High
A0944,American Aquarium,Burn. Flicker. Die.,2012,LP,Last Chance Records,L2,V,V3 Southern storytelling rock,,Alt-country,The Carolinas,"Raleigh, NC",,drawl; storytelling; drinking songs; road songs; heartbreak,Losing Side of Twenty-Five,Recommended,,,Both,High
A0945,Cory Branan,Mutt,2012,LP,Bloodshot Records,L2,V,V3 Southern storytelling rock,,Crossover,The South,"Nashville, TN",,drawl; storytelling; funny-sad; harmonized guitars; heartbreak,The Snowman,Recommended,,,Documented,High
A0946,Lee Bains III & the Glory Fires,There Is a Bomb in Gilead,2012,LP,Alive Naturalsound Records,L2,V,V3 Southern storytelling rock,,Southern rock,The South,"Birmingham, AL",,drawl; storytelling; Southern gothic; harmonized guitars; political,Centreville; Magic City Stomp,Recommended,,,Both,High
A0947,Lucero,Women & Work,2012,LP,ATO Records,L2,V,V3 Southern storytelling rock,,Southern rock,The South,"Memphis, TN",Memphis,horns; drawl; storytelling; drinking songs; harmonized guitars,Downtown; Women & Work,Recommended,,,Documented,High
A0948,Mike Cooley,The Fool on Every Corner,2012,Live,Self-released,L2,V,V3 Southern storytelling rock,,Alt-country,The South,"Athens, GA","Athens, Georgia",drawl; deadpan; storytelling; live in the room; fingerpicked acoustic,Zip City; Marry Me,Deep cut,,,Documented,High
A0949,Patterson Hood,Heat Lightning Rumbles in the Distance,2012,LP,ATO Records,L2,V,V3 Southern storytelling rock,,Alt-country,The South,"Athens, GA","Athens, Georgia",storytelling; drawl; hushed; piano; small-town,12:01; Come Back Little Star,Recommended,,,Documented,High
A0950,Todd Snider,Agnostic Hymns & Stoner Fables,2012,LP,Aimless Records,L2,V,V3 Southern storytelling rock,C2,Alt-country,The South,"Nashville, TN",,drawl; storytelling; spiritual or gospel; funny-sad; deadpan,Precious Little Miracles,Recommended,,,Documented,High
A0951,Water Liars,Phantom Limb,2012,LP,Misra Records,L2,V,V3 Southern storytelling rock,C1,Alt-country,The South,"Water Valley, MS",,hushed; storytelling; bleak; fingerpicked acoustic; heartbreak,Phantom Limb,Recommended,,,Inferred,High
A0952,Austin Lucas,Stay Reckless,2013,LP,New West Records,L2,V,V3 Southern storytelling rock,,Alt-country,Chicago and the Midwest,"Bloomington, IN",,drawl; storytelling; harmonized guitars; heartbreak; road songs,Stay Reckless,Deep cut,,,Documented,High
A0953,John Moreland,In the Throes,2013,LP,Last Chance Records,L2,V,V3 Southern storytelling rock,V7,Country folk,Texas and Oklahoma,"Tulsa, OK",,baritone; storytelling; bleak; fingerpicked acoustic; heartbreak,Nobody Gives a Damn About Songwriters Anymore,Recommended,,,Both,High
A0954,Two Cow Garage,The Death of the Self Preservation Society,2013,LP,Last Chance Records,L2,V,V3 Southern storytelling rock,,Alt-country,Chicago and the Midwest,"Columbus, OH",,drawl; storytelling; road songs; small-town; funny-sad,Should Have Known,Deep cut,,,Documented,High
A0955,Water Liars,Wyoming,2013,LP,Big Legal Mess Records,L2,V,V3 Southern storytelling rock,C1,Alt-country,The South,"Water Valley, MS",,hushed; storytelling; bleak; drawl; heartbreak,Wyoming,Recommended,,,Documented,High
A0956,Adam Faucett,Blind Water Finds Blind Water,2014,LP,Last Chance Records,L1,V,V3 Southern storytelling rock,,Alt-country,The South,"Little Rock, AR",,baritone; storytelling; bleak; harmonized guitars; drawl,Blind Water Finds Blind Water,Deep cut,,,Both,High
A0957,Cory Branan,The No-Hit Wonder,2014,LP,Bloodshot Records,L1,V,V3 Southern storytelling rock,,Alt-country,The South,"Nashville, TN",,drawl; storytelling; funny-sad; heartbreak; road songs,Survivor Blues,Recommended,,,Both,High
A0958,Drive-By Truckers,English Oceans,2014,LP,ATO Records,L1,V,V3 Southern storytelling rock,,Southern rock,The South,"Athens, GA","Athens, Georgia",harmonized guitars; storytelling; drawl; small-town; funny-sad,Made Up English Oceans; Primer Coat,Recommended,,Y,Documented,High
A0959,Lee Bains III & the Glory Fires,Dereconstructed,2014,LP,Sub Pop,L1,V,V3 Southern storytelling rock,,Southern rock,The South,"Birmingham, AL",,drawl; storytelling; political; harmonized guitars; shouted,The Kudzu and the Concrete,Essential,,,Documented,High
A0960,Water Liars,Water Liars,2014,LP,Big Legal Mess Records,L1,V,V3 Southern storytelling rock,C1,Slowcore,The South,"Water Valley, MS",,hushed; bleak; storytelling; glacial; heartbreak,Fine Foods,Recommended,,,Inferred,High
A0961,American Aquarium,Wolves,2015,LP,Self-released,L1,V,V3 Southern storytelling rock,,Alt-country,The Carolinas,"Raleigh, NC",,drawl; storytelling; heartbreak; road songs; harmonized guitars,Wolves,Recommended,,,Documented,High
A0962,John Moreland,High on Tulsa Heat,2015,LP,Old Omens Records,L1,V,V3 Southern storytelling rock,V7,Alt-country,Texas and Oklahoma,"Tulsa, OK",,baritone; storytelling; heartbreak; drawl; harmonized guitars,Break My Heart Sweetly,Recommended,,,Both,High
A0963,Lucero,All a Man Should Do,2015,LP,ATO Records,L1,V,V3 Southern storytelling rock,,Southern rock,The South,"Memphis, TN",Memphis,horns; drawl; storytelling; heartbreak; harmonized guitars,Went to Jail,Deep cut,,,Documented,High
A0964,Drive-By Truckers,American Band,2016,LP,ATO Records,L1,V,V3 Southern storytelling rock,,Southern rock,The South,"Athens, GA","Athens, Georgia",political; storytelling; drawl; harmonized guitars; small-town,What It Means; Ramon Casiano; Guns of Umpqua,Essential,,Y,Both,High
A0965,Two Cow Garage,Brand New Flag,2016,LP,Last Chance Records,L1,V,V3 Southern storytelling rock,,Alt-country,Chicago and the Midwest,"Columbus, OH",,drawl; storytelling; political; road songs; anthemic,Let the Boys Be Girls,Recommended,,,Documented,High
A0966,John Moreland,Big Bad Luv,2017,LP,4AD,L1,V,V3 Southern storytelling rock,V7,Alt-country,Texas and Oklahoma,"Tulsa, OK",,baritone; storytelling; harmonized guitars; road songs; heartbreak,Sallisaw Blue,Recommended,,,Documented,High
A0967,Lee Bains III & the Glory Fires,Youth Detention,2017,LP,Don Giovanni Records,L1,V,V3 Southern storytelling rock,,Southern rock,The South,"Birmingham, AL",,drawl; storytelling; political; shouted; harmonized guitars,Save My Life,Recommended,,,Documented,High
A0968,Adam Faucett,It Took the Shape of a Bird,2018,LP,Last Chance Records,L1,V,V3 Southern storytelling rock,,Alt-country,The South,"Little Rock, AR",,baritone; storytelling; bleak; hushed; fingerpicked acoustic,It Took the Shape of a Bird,Deep cut,,,Documented,High
A0969,American Aquarium,Things Change,2018,LP,New West Records,L1,V,V3 Southern storytelling rock,,Alt-country,The Carolinas,"Raleigh, NC",,drawl; storytelling; heartbreak; harmonized guitars; road songs,A Better South,Recommended,,,Documented,High
A0970,Lucero,Among the Ghosts,2018,LP,Liberty & Lament Records,L1,V,V3 Southern storytelling rock,,Crossover,The South,"Memphis, TN",Memphis,drawl; storytelling; Southern gothic; bleak; piano,Went Looking for Warren Zevon's Los Angeles,Recommended,,,Documented,High
A0971,American Aquarium,Lamentations,2020,LP,New West Records,L1,V,V3 Southern storytelling rock,,Southern rock,The Carolinas,"Raleigh, NC",,drawl; storytelling; political; small-town; harmonized guitars,A Better South,Recommended,,,Both,High
A0972,Drive-By Truckers,The New OK,2020,LP,ATO Records,L1,V,V3 Southern storytelling rock,,Southern rock,The South,"Athens, GA","Athens, Georgia",political; drawl; storytelling; shouted; lo-fi,The New OK; Sarah's Flame,Deep cut,,Y,Documented,High
A0973,Drive-By Truckers,The Unraveling,2020,LP,ATO Records,L1,V,V3 Southern storytelling rock,,Southern rock,The South,"Athens, GA","Athens, Georgia",political; drawl; storytelling; shouted; anthemic,Thoughts and Prayers; Babies in Cages; Armageddon's Back in Town,Recommended,,Y,Documented,High
A0974,John Moreland,LP5,2020,LP,Old Omens Records,L1,V,V3 Southern storytelling rock,V7,Indie folk,Texas and Oklahoma,"Tulsa, OK",,baritone; storytelling; synths; bleak; hushed,Terrestrial,Recommended,,,Both,High
A0975,Lucero,When You Found Me,2021,LP,Liberty & Lament Records,L1,V,V3 Southern storytelling rock,,Crossover,The South,"Memphis, TN",Memphis,synths; storytelling; drawl; bleak; hushed,Have You Lost Your Way?,Deep cut,,,Documented,High
A0976,Drive-By Truckers,Welcome 2 Club XIII,2022,LP,ATO Records,L1,V,V3 Southern storytelling rock,,Southern rock,The South,"Athens, GA","Athens, Georgia",drawl; storytelling; funny-sad; small-town; harmonized guitars,Welcome 2 Club XIII; Every Single Storied Flameout,Recommended,,Y,Documented,Medium
A0977,John Moreland,Birds in the Ceiling,2022,LP,Old Omens Records,L1,V,V3 Southern storytelling rock,V7,Indie folk,Texas and Oklahoma,"Tulsa, OK",,baritone; storytelling; hushed; synths; bleak,Birds in the Ceiling,Recommended,,,Documented,High
A0978,Lee Bains III & the Glory Fires,Old-Time Folks,2022,LP,Don Giovanni Records,L1,V,V3 Southern storytelling rock,,Southern rock,The South,"Birmingham, AL",,drawl; storytelling; small-town; harmonized guitars; spiritual or gospel,Old-Time Folks,Recommended,,,Documented,High
A0979,Lucero,Should've Learned by Now,2023,LP,Liberty & Lament,L1,V,V3 Southern storytelling rock,,Southern rock,Chicago and the Midwest,"Memphis, TN",,Telecaster twang; horns; drawl; heartbreak; anthemic,Should've Learned By Now; Macon If We Make It; Nothing's Alright,Recommended,,,Inferred,High
A0980,Patterson Hood,Exploding Trees & Airplane Screams,2025,LP,ATO Records,L1,V,V3 Southern storytelling rock,,Alt-country,The South,"Athens, GA","Athens, Georgia",storytelling; drawl; small-town; political; funny-sad,Exploding Trees & Airplane Screams,Deep cut,,,Documented,High
A0981,Calexico,The Black Light,1998,LP,Quarterstick Records,L2,V,V4 Roots-inflected 2000s indie,,Crossover,The West,"Tucson, AZ",,horns; slide guitar; cosmic; storytelling; Southern gothic,Fake Fur; Minas de Cobre (For Better Metal),Essential,,,Documented,High
A0982,My Morning Jacket,The Tennessee Fire,1999,LP,Darla Records,L2,V,V4 Roots-inflected 2000s indie,,Southern rock,The South,"Louisville, KY",,slide guitar; harmonized guitars; drawl; hushed; small-town,The Bear; Nashville to Kentucky,Recommended,,,Inferred,High
A0983,Wilco,Summerteeth,1999,LP,Reprise Records,L2,V,V4 Roots-inflected 2000s indie,,Crossover,Chicago and the Midwest,"Chicago, IL",,piano; strings; synths; hushed; heartbreak; pop-culture references,Via Chicago; She's a Jar; A Shot in the Arm,Essential,,Y,Both,High
A0984,Beachwood Sparks,Beachwood Sparks,2000,LP,Sub Pop,L2,V,V4 Roots-inflected 2000s indie,C6,Country rock,The West,"Los Angeles, CA",,pedal steel; harmonized guitars; cosmic; breezy; drawl,Sweet Bird of Yout'; Desert Skies,Essential,,,Documented,Medium
A0985,Bright Eyes,Fevers and Mirrors,2000,LP,Saddle Creek,L2,V,V4 Roots-inflected 2000s indie,,Indie folk,Chicago and the Midwest,"Omaha, NE",Omaha and Saddle Creek,fingerpicked acoustic; cracked or yelping; hushed; bleak; funny-sad,The Calendar Hung Itself; Something Vague,Deep cut,,,Documented,High
A0986,Clem Snide,Your Favorite Music,2000,LP,Sire Records,L2,V,V4 Roots-inflected 2000s indie,,Alt-country,The Northeast,"Boston, MA",,deadpan; funny-sad; pop-culture references; fingerpicked acoustic,Moment in the Sun; Joan Jett of Arc,Recommended,,,Inferred,High
A0987,Giant Sand,Chore of Enchantment,2000,LP,Thrill Jockey,L2,V,V4 Roots-inflected 2000s indie,,Crossover,The West,"Tucson, AZ",,drawl; long solos; lo-fi; Southern gothic; storytelling,Shiver; Chore of Enchantment,Recommended,,Y,Documented,High
A0988,Lambchop,Nixon,2000,LP,Merge Records,L2,V,V4 Roots-inflected 2000s indie,,Country folk,The South,"Nashville, TN",,horns; strings; hushed; deadpan; close harmonies,Up with People; The Old Gold Shoe,Essential,,Y,Documented,High
A0989,Beachwood Sparks,Once We Were Trees,2001,LP,Sub Pop,L2,V,V4 Roots-inflected 2000s indie,C6,Country rock,The West,"Los Angeles, CA",,pedal steel; harmonized guitars; cosmic; strings; breezy,Something I Don't Recognize; By Your Side,Recommended,,,Documented,Medium
A0990,My Morning Jacket,At Dawn,2001,LP,Darla Records,L2,V,V4 Roots-inflected 2000s indie,,Southern rock,The South,"Louisville, KY",,slide guitar; harmonized guitars; drawl; breezy; small-town,Xmas Curtain; The Way That He Sings; Strangulation!,Recommended,,,Documented,High
A0991,Bright Eyes,"Lifted or The Story Is in the Soil, Keep Your Ear to the Ground",2002,LP,Saddle Creek,L2,V,V4 Roots-inflected 2000s indie,,Indie folk,Chicago and the Midwest,"Omaha, NE",Omaha and Saddle Creek,strings; fingerpicked acoustic; cracked or yelping; storytelling; funny-sad,Method Acting; Lover I Don't Have to Love; Waste of Paint,Recommended,,,Documented,High
A0992,Giant Sand,Cover Magazine,2002,LP,Thrill Jockey,L2,V,V4 Roots-inflected 2000s indie,,Crossover,The West,"Tucson, AZ",,drawl; lo-fi; funny-sad; storytelling,Blue Highway; True Love Will Find You in the End,Deep cut,,Y,Documented,High
A0993,Lambchop,Is a Woman,2002,LP,Merge Records,L2,V,V4 Roots-inflected 2000s indie,,Country folk,The South,"Nashville, TN",,piano; hushed; deadpan; glacial; lullaby,The New Cobweb Summer; The Daily Growl,Recommended,,Y,Documented,High
A0994,Okkervil River,Don't Fall in Love with Everyone You See,2002,LP,Jagjaguwar,L2,V,V4 Roots-inflected 2000s indie,,Indie folk,Texas and Oklahoma,"Austin, TX",,fingerpicked acoustic; harmonica; storytelling; hushed,Westfall; Kansas City,Deep cut,,Y,Documented,High
A0995,Wilco,Yankee Hotel Foxtrot,2002,LP,Nonesuch Records,L2,V,V4 Roots-inflected 2000s indie,,Crossover,Chicago and the Midwest,"Chicago, IL",,hushed; noise wall; drum machine; storytelling; bleak; glacial,"Jesus, Etc.; Heavy Metal Drummer; I Am Trying to Break Your Heart",Essential,Y,Y,Both,High
A0996,Baptist Generals,No Silver/No Gold,2003,LP,Sub Pop,L2,V,V4 Roots-inflected 2000s indie,,Lo-fi,Texas and Oklahoma,"Denton, TX",,lo-fi; drawl; cracked or yelping; bleak,Julie of the Winter Snow; Motorcycle,Deep cut,,,Both,High
A0997,Calexico,Feast of Wire,2003,LP,Quarterstick Records,L2,V,V4 Roots-inflected 2000s indie,,Crossover,The West,"Tucson, AZ",,horns; fiddle; cosmic; storytelling; Southern gothic,Not Even Stevie Nicks; Quattro (World Drifts In),Essential,,,Documented,High
A0998,Cass McCombs,A,2003,LP,Monitor Records,L2,V,V4 Roots-inflected 2000s indie,,Indie folk,The West,"Concord, CA",,deadpan; hushed; fingerpicked acoustic; storytelling,I Went to the Hospital; Aids in Africa,Recommended,,,Documented,High
A0999,Fruit Bats,Mouthfuls,2003,LP,Sub Pop,L2,V,V4 Roots-inflected 2000s indie,,Indie folk,Chicago and the Midwest,"Chicago, IL",,fingerpicked acoustic; jangle; breezy; harmonized guitars,When U Love Somebody; Rainbow Sign,Recommended,,,Both,High
A1000,Loose Fur,Loose Fur,2003,LP,Drag City,L2,V,V4 Roots-inflected 2000s indie,,Crossover,Chicago and the Midwest,"Chicago, IL",,long solos; synths; hushed; storytelling,Laminated Cat; Elegant Transaction,Recommended,,,Documented,High
A1001,M. Ward,Transfiguration of Vincent,2003,LP,Merge Records,L2,V,V4 Roots-inflected 2000s indie,,Indie folk,The West,"Portland, OR",,fingerpicked acoustic; baritone; hushed; storytelling,"Vincent O'Brien; Sad, Sad Song",Recommended,,,Documented,High
A1002,My Morning Jacket,It Still Moves,2003,LP,ATO Records,L2,V,V4 Roots-inflected 2000s indie,,Southern rock,The South,"Louisville, KY",,slide guitar; harmonized guitars; horns; long songs (7+ minutes); anthemic,Mahgeetah; One Big Holiday; Dancefloors,Essential,,,Documented,High
A1003,Okkervil River,Down the River of Golden Dreams,2003,LP,Jagjaguwar,L2,V,V4 Roots-inflected 2000s indie,,Indie folk,Texas and Oklahoma,"Austin, TX",,strings; harmonized guitars; storytelling; breezy,Song of Our So-Called Friend; Maine Island Lovers,Recommended,,Y,Documented,High
A1004,Phosphorescent,A Hundred Times or More,2003,LP,Warm Records,L2,V,V4 Roots-inflected 2000s indie,,Country folk,The South,"Athens, GA",,fingerpicked acoustic; lo-fi; hushed; spiritual or gospel,"Endless Part 2; Joe Tex, These Taming Blues",Deep cut,,,Documented,High
A1005,Willard Grant Conspiracy,Regard the End,2003,LP,Loose Music,L2,V,V4 Roots-inflected 2000s indie,,Country folk,The Northeast,"Boston, MA",,baritone; strings; Southern gothic; bleak; spiritual or gospel,Soft Hand; The Suffering Girl's Song,Recommended,,,Inferred,High
A1006,Lambchop,Aw Cmon,2004,LP,Merge Records,L2,V,V4 Roots-inflected 2000s indie,,Country folk,The South,"Nashville, TN",,horns; strings; deadpan; breezy,Nothing Adventurous Please; The Rise and Fall of the Letter P,Deep cut,,Y,Documented,High
A1007,Lambchop,No You Cmon,2004,LP,Merge Records,L2,V,V4 Roots-inflected 2000s indie,,Country folk,The South,"Nashville, TN",,drawl; fingerpicked acoustic; deadpan; breezy,Being Tyler; National Talk Like a Pirate Day,Deep cut,,Y,Documented,High
A1008,Vetiver,Vetiver,2004,LP,DiCristina Stair Builders,L2,V,V4 Roots-inflected 2000s indie,,Indie folk,The West,"San Francisco, CA",,fingerpicked acoustic; hushed; lullaby; breezy,Los Pinos Bien; Amerilie,Recommended,,,Documented,High
A1009,Wilco,A Ghost Is Born,2004,LP,Nonesuch Records,L2,V,V4 Roots-inflected 2000s indie,,Crossover,Chicago and the Midwest,"Chicago, IL",,long solos; feedback; noise wall; baritone; bleak; long songs (7+ minutes),Spiders (Kidsmoke); Hell Is Chrome; Less Than You Think,Essential,,Y,Both,High
A1010,Bright Eyes,"I'm Wide Awake, It's Morning",2005,LP,Saddle Creek,L2,V,V4 Roots-inflected 2000s indie,,Indie folk,Chicago and the Midwest,"Omaha, NE",Omaha and Saddle Creek,pedal steel; fingerpicked acoustic; drawl; storytelling; political,First Day of My Life; Lua; Landlocked Blues,Essential,,,Documented,High
A1011,The Mountain Goats,The Sunset Tree,2005,LP,4AD,L2,V,V4 Roots-inflected 2000s indie,V11,Indie folk,The South,"Durham, NC",,storytelling; deadpan; heartbreak; bleak,This Year; Dance Music,Essential,,,Documented,High
A1012,My Morning Jacket,Z,2005,LP,ATO Records,L2,V,V4 Roots-inflected 2000s indie,,Crossover,The South,"Louisville, KY",,synths; harmonized guitars; breezy; cosmic; anthemic,Wordless Chorus; Off the Record; Gideon,Essential,,,Documented,High
A1013,Okkervil River,Black Sheep Boy,2005,LP,Jagjaguwar,L2,V,V4 Roots-inflected 2000s indie,,Indie folk,Texas and Oklahoma,"Austin, TX",,storytelling; harmonized guitars; cracked or yelping; heartbreak; bleak,For Real; A King and a Queen; Black,Essential,Y,Y,Documented,High
A1014,Phosphorescent,Aw Come Aw Wry,2005,LP,Misra Records,L2,V,V4 Roots-inflected 2000s indie,,Country folk,The South,"Athens, GA",,fingerpicked acoustic; banjo; hushed; lo-fi; lullaby,South (Of America); Dead Heart,Deep cut,,,Documented,High
A1015,Wilco,Kicking Television: Live in Chicago,2005,Live,Nonesuch Records,L2,V,V4 Roots-inflected 2000s indie,,Crossover,Chicago and the Midwest,"Chicago, IL",,long solos; harmonized guitars; live in the room; anthemic,Spiders (Kidsmoke); Via Chicago; Late Greats,Recommended,,Y,Documented,High
A1016,Band of Horses,Everything All the Time,2006,LP,Sub Pop,L2,V,V4 Roots-inflected 2000s indie,,Crossover,The West,"Seattle, WA",,Crazy Horse fuzz; harmonized guitars; cracked or yelping; anthemic; breezy,The Funeral; The Great Salt Lake; Wicked Gil,Essential,,,Inferred,High
A1017,Howe Gelb,Sno Angel Like You,2006,LP,Thrill Jockey,L2,V,V4 Roots-inflected 2000s indie,,Country folk,The West,"Tucson, AZ",,spiritual or gospel; piano; drawl; hushed,Vortexas; Get to Leave,Recommended,,,Documented,High
A1018,Lambchop,Damaged,2006,LP,Merge Records,L2,V,V4 Roots-inflected 2000s indie,,Country folk,The South,"Nashville, TN",,strings; hushed; deadpan; heartbreak; glacial,Paperback Bible; The Decline of Country and Western Civilization,Recommended,,Y,Documented,High
A1019,Loose Fur,Born Again in the USA,2006,LP,Drag City,L2,V,V4 Roots-inflected 2000s indie,,Crossover,Chicago and the Midwest,"Chicago, IL",,harmonized guitars; piano; breezy; funny-sad,Hey Chicago; Wanted Doe-Eyed Girl,Deep cut,,,Documented,High
A1020,M. Ward,Post-War,2006,LP,Merge Records,L2,V,V4 Roots-inflected 2000s indie,,Indie folk,The West,"Portland, OR",,fingerpicked acoustic; baritone; storytelling; hushed,Chinese Translation; Requiem,Essential,,,Documented,High
A1021,Shearwater,Palo Santo,2006,LP,Misra Records,L2,V,V4 Roots-inflected 2000s indie,,Indie folk,Texas and Oklahoma,"Austin, TX",,fingerpicked acoustic; strings; hushed; cracked or yelping; glacial,La Dame et la Licorne; White Waves,Recommended,,,Documented,High
A1022,Band of Horses,Cease to Begin,2007,LP,Sub Pop,L2,V,V4 Roots-inflected 2000s indie,,Crossover,The South,"Charleston, SC",,harmonized guitars; drawl; breezy; small-town,No One's Gonna Love You; Is There a Ghost; Detlef Schrempf,Essential,,,Documented,High
A1023,Bright Eyes,Cassadaga,2007,LP,Saddle Creek,L2,V,V4 Roots-inflected 2000s indie,,Indie folk,Chicago and the Midwest,"Omaha, NE",Omaha and Saddle Creek,strings; fiddle; storytelling; spiritual or gospel; anthemic,Four Winds; If the Brakeman Turns My Way; Hot Knives,Recommended,,,Documented,High
A1024,Cass McCombs,Dropping the Writ,2007,LP,Domino Recording Company,L2,V,V4 Roots-inflected 2000s indie,,Indie folk,The West,"Concord, CA",,jangle; deadpan; storytelling; breezy,Lionkiller; Sacred Heart,Recommended,,,Documented,High
A1025,Deer Tick,War Elephant,2007,LP,Feow! Records,L2,V,V4 Roots-inflected 2000s indie,,Alt-country,The Northeast,"Providence, RI",,drawl; cracked or yelping; fingerpicked acoustic; lo-fi; heartbreak,Baltimore Blues No. 1; These Old Shoes,Deep cut,,,Documented,High
A1026,Dr. Dog,We All Belong,2007,LP,Park the Van Records,L2,V,V4 Roots-inflected 2000s indie,,Power pop,Philadelphia,"West Grove, PA",,harmonized guitars; lo-fi; close harmonies; jangle,Ain't It Strange; The Ark,Recommended,,,Inferred,High
A1027,The Felice Brothers,Tonight at the Arizona,2007,LP,Loose Music,L2,V,V4 Roots-inflected 2000s indie,,Southern rock,The Northeast,"Catskill, NY",,drawl; storytelling; rowdy; small-town,Frankie's Gun!; Wonderful Life,Essential,,,Inferred,High
A1028,Okkervil River,The Stage Names,2007,LP,Jagjaguwar,L2,V,V4 Roots-inflected 2000s indie,,Indie folk,Texas and Oklahoma,"Austin, TX",,storytelling; harmonized guitars; pop-culture references; anthemic,Our Life Is Not a Movie or Maybe; Unless It's Kicks; A Girl in Port,Essential,,Y,Documented,High
A1029,Phosphorescent,Pride,2007,LP,Dead Oceans,L2,V,V4 Roots-inflected 2000s indie,,Country folk,The South,"Athens, GA",,fingerpicked acoustic; pedal steel; hushed; spiritual or gospel; glacial,"Wolves; Cocaine Lights; My Dove, My Lamb",Essential,,,Documented,High
A1030,Wilco,Sky Blue Sky,2007,LP,Nonesuch Records,L2,V,V4 Roots-inflected 2000s indie,,Crossover,Chicago and the Midwest,"Chicago, IL",,harmonized guitars; Telecaster twang; breezy; drawl,Impossible Germany; Either Way; You Are My Face,Essential,,Y,Inferred,High
A1031,Blitzen Trapper,Furr,2008,LP,Sub Pop,L2,V,V4 Roots-inflected 2000s indie,,Alt-country,The West,"Portland, OR",,harmonica; drawl; storytelling; Telecaster twang,Furr; Black River Killer,Essential,,,Inferred,High
A1032,Calexico,Carried to Dust,2008,LP,Quarterstick Records,L2,V,V4 Roots-inflected 2000s indie,,Crossover,The West,"Tucson, AZ",,horns; slide guitar; cosmic; Southern gothic; road songs,Victor Jara's Hands; Writer's Minor Holiday,Recommended,,,Documented,High
A1033,The Felice Brothers,The Felice Brothers,2008,LP,Team Love Records,L2,V,V4 Roots-inflected 2000s indie,,Southern rock,The Northeast,"Catskill, NY",,storytelling; drawl; rowdy; small-town; funny-sad,Whiskey in My Whiskey; Radio Song,Recommended,,,Documented,High
A1034,Giant Sand,proVISIONS,2008,LP,Yep Roc Records,L2,V,V4 Roots-inflected 2000s indie,,Crossover,The West,"Tucson, AZ",,drawl; piano; storytelling; hushed,Increment of Love; Well Enough Alone,Deep cut,,Y,Both,High
A1035,The Mountain Goats,Heretic Pride,2008,LP,4AD,L2,V,V4 Roots-inflected 2000s indie,V11,Indie folk,The South,"Durham, NC",,storytelling; funny-sad; drawl; anthemic,Sax Rohmer #1; Heretic Pride,Recommended,,,Documented,High
A1036,My Morning Jacket,Evil Urges,2008,LP,ATO Records,L2,V,V4 Roots-inflected 2000s indie,,Crossover,The South,"Louisville, KY",,synths; harmonized guitars; breezy; pop-culture references,Highly Suspicious; Touch Me I'm Going to Scream Pt. 2; I'm Amazed,Recommended,,,Documented,High
A1037,Okkervil River,The Stand Ins,2008,LP,Jagjaguwar,L2,V,V4 Roots-inflected 2000s indie,,Indie folk,Texas and Oklahoma,"Austin, TX",,storytelling; harmonized guitars; pop-culture references; funny-sad,Lost Coastlines; Singer Songwriter,Recommended,,Y,Documented,High
A1038,Shearwater,Rook,2008,LP,Matador Records,L2,V,V4 Roots-inflected 2000s indie,,Indie folk,Texas and Oklahoma,"Austin, TX",,strings; hushed; cracked or yelping; anthemic; glacial,"Rooks; Leviathan, Bound",Recommended,,,Documented,High
A1039,Cass McCombs,Catacombs,2009,LP,Domino Recording Company,L2,V,V4 Roots-inflected 2000s indie,,Indie folk,The West,"Concord, CA",,hushed; pedal steel; deadpan; heartbreak; storytelling,County Line; Dreams-Come-True-Girl,Essential,,,Documented,High
A1040,Cotton Jones,Paranoid Cocoon,2009,LP,Suicide Squeeze Records,L2,V,V4 Roots-inflected 2000s indie,,Country folk,The Northeast,"Cumberland, MD",,fingerpicked acoustic; hushed; drawl; lo-fi,Some Strange Rain; Gotta Cheer Up,Deep cut,,,Both,High
A1041,Deer Tick,Born on Flag Day,2009,LP,Partisan Records,L2,V,V4 Roots-inflected 2000s indie,,Alt-country,The Northeast,"Providence, RI",,drawl; Telecaster twang; road songs; heartbreak; rowdy,Easy; Christ Jesus,Recommended,,,Documented,High
A1042,The Felice Brothers,Yonder Is the Clock,2009,LP,Team Love Records,L2,V,V4 Roots-inflected 2000s indie,,Southern rock,The Northeast,"Catskill, NY",,storytelling; Southern gothic; drawl; political,Ambulance Man; Katie Dear,Recommended,,,Documented,High
A1043,Fruit Bats,The Ruminant Band,2009,LP,Sub Pop,L2,V,V4 Roots-inflected 2000s indie,,Indie folk,Chicago and the Midwest,"Chicago, IL",,harmonized guitars; jangle; breezy; road songs,The Ruminant Band; Tegucigalpa,Recommended,,,Documented,High
A1044,M. Ward,Hold Time,2009,LP,Merge Records,L2,V,V4 Roots-inflected 2000s indie,,Indie folk,The West,"Portland, OR",,fingerpicked acoustic; baritone; breezy; duets,Never Had Nobody Like You; Oh Lonesome Me,Recommended,,,Documented,High
A1045,Megafaun,"Gather, Form & Fly",2009,LP,Hometapes,L2,V,V4 Roots-inflected 2000s indie,,Indie folk,The Carolinas,"Durham, NC",,banjo; fingerpicked acoustic; harmonized guitars; spiritual or gospel,Worried Mind; The Longest Days,Recommended,,,Documented,High
A1046,Monsters of Folk,Monsters of Folk,2009,Collab,Shangri-La Music,L2,V,V4 Roots-inflected 2000s indie,V1,Indie folk,Chicago and the Midwest,"Omaha, NE",,close harmonies; fingerpicked acoustic; close harmonies; synths; storytelling,Dear God (Sincerely M.O.F.); Say Please; Ahead of the Curve,Deep cut,,,Both,Medium
A1047,Phosphorescent,To Willie,2009,LP,Dead Oceans,L2,V,V4 Roots-inflected 2000s indie,,Country folk,The South,"Athens, GA",,pedal steel; fiddle; drawl; spiritual or gospel,I Don't Care Anymore; Can I Sleep in Your Arms,Recommended,,,Documented,High
A1048,Vetiver,Tight Knit,2009,LP,Sub Pop,L2,V,V4 Roots-inflected 2000s indie,,Indie folk,The West,"San Francisco, CA",,jangle; breezy; fingerpicked acoustic; harmonized guitars,Rolling Sea; Sister,Recommended,,,Documented,High
A1049,Wilco,Wilco (The Album),2009,LP,Nonesuch Records,L2,V,V4 Roots-inflected 2000s indie,,Crossover,Chicago and the Midwest,"Chicago, IL",,harmonized guitars; duets; breezy; pop-culture references,Wilco (The Song); You and I; Bull Black Nova,Recommended,,Y,Documented,High
A1050,Band of Horses,Infinite Arms,2010,LP,Brown/Fat Possum/Columbia,L2,V,V4 Roots-inflected 2000s indie,,Crossover,The South,"Charleston, SC",,harmonized guitars; strings; close harmonies; breezy; anthemic,Infinite Arms; Compliments; Laredo,Recommended,,,Documented,High
A1051,Blitzen Trapper,Destroyer of the Void,2010,LP,Sub Pop,L2,V,V4 Roots-inflected 2000s indie,,Alt-country,The West,"Portland, OR",,harmonized guitars; storytelling; cosmic; long songs (7+ minutes),Destroyer of the Void; The Man Who Would Speak True,Recommended,,,Documented,High
A1052,Deer Tick,The Black Dirt Sessions,2010,LP,Partisan Records,L2,V,V4 Roots-inflected 2000s indie,,Alt-country,The Northeast,"Providence, RI",,drawl; cracked or yelping; hushed; heartbreak; storytelling,"20 Miles; Goodbye, Dear Friend",Recommended,,,Documented,High
A1053,Dr. Dog,"Shame, Shame",2010,LP,ANTI-,L2,V,V4 Roots-inflected 2000s indie,,Power pop,Philadelphia,"West Grove, PA",,harmonized guitars; piano; close harmonies; polished,Shadow People; Stranger,Recommended,,,Documented,High
A1054,Hiss Golden Messenger,Bad Debt,2010,LP,Blackmaps,L2,V,V4 Roots-inflected 2000s indie,C6,Country folk,The Carolinas,"Durham, NC",,fingerpicked acoustic; hushed; drawl; spiritual or gospel,Sufferer (Love My Conqueror); Bells for Marolyn,Recommended,,Y,Documented,High
A1055,Megafaun,Heretofore,2010,EP,Hometapes,L2,V,V4 Roots-inflected 2000s indie,,Indie folk,The Carolinas,"Durham, NC",,fingerpicked acoustic; close harmonies; spiritual or gospel; hushed,Carolina Days,Deep cut,,,Documented,High
A1056,Phosphorescent,Here's to Taking It Easy,2010,LP,Dead Oceans,L2,V,V4 Roots-inflected 2000s indie,,Country folk,The South,"Athens, GA",,horns; pedal steel; breezy; road songs; anthemic,Nothing Was Stolen (Love Me Foolishly); It's Hard to Be Humble (When You're From Alabama),Recommended,,,Documented,High
A1057,Strand of Oaks,Pope Killdragon,2010,LP,Ten Atoms,L2,V,V4 Roots-inflected 2000s indie,,Crossover,Elsewhere,"Philadelphia, PA",,hushed; fingerpicked acoustic; storytelling; bleak,Bird Balloons; Kill Him on the Prairie,Deep cut,,,Documented,High
A1058,Cass McCombs,Wit's End,2011,LP,Domino Recording Company,L2,V,V4 Roots-inflected 2000s indie,,Indie folk,The West,"Concord, CA",,hushed; glacial; baritone; bleak,County Line; Buried Alive,Recommended,,,Documented,High
A1059,Deer Tick,Divine Providence,2011,LP,Partisan Records,L2,V,V4 Roots-inflected 2000s indie,,Alt-country,The Northeast,"Providence, RI",,rowdy; drawl; shouted; short songs (under 2 minutes); funny-sad,Main Street; Clownin Around,Recommended,,,Inferred,High
A1060,The Felice Brothers,"Celebration, Florida",2011,LP,Fat Possum Records,L2,V,V4 Roots-inflected 2000s indie,,Southern rock,The Northeast,"Catskill, NY",,synths; drum machine; storytelling; political,Ponzi; Fire at the Pageant,Recommended,,,Documented,High
A1061,Hiss Golden Messenger,Poor Moon,2011,LP,Paradise of Bachelors,L2,V,V4 Roots-inflected 2000s indie,C6,Country folk,The Carolinas,"Durham, NC",,fingerpicked acoustic; drawl; spiritual or gospel; small-town,Devotion; Balthazar's Song,Recommended,,Y,Documented,High
A1062,Mount Moriah,Mount Moriah,2011,LP,Holidays For Quince Records,L2,V,V4 Roots-inflected 2000s indie,,Alt-country,The Carolinas,"Durham, NC",Durham and Chapel Hill,pedal steel; drawl; close harmonies; spiritual or gospel,Bright Light; Plane,Recommended,,,Documented,High
A1063,My Morning Jacket,Circuital,2011,LP,ATO Records,L2,V,V4 Roots-inflected 2000s indie,,Southern rock,The South,"Louisville, KY",,slide guitar; harmonized guitars; drawl; anthemic; spiritual or gospel,Victory Dance; Circuital; Wonderful (The Way I Feel),Recommended,,,Both,High
A1064,Okkervil River,I Am Very Far,2011,LP,Jagjaguwar,L2,V,V4 Roots-inflected 2000s indie,,Indie folk,Texas and Oklahoma,"Austin, TX",,noise wall; strings; storytelling; bleak; anthemic,Wake and Be Fine; Rider; Show Yourself,Recommended,,Y,Documented,High
A1065,Wilco,The Whole Love,2011,LP,dBpm Records,L2,V,V4 Roots-inflected 2000s indie,,Crossover,Chicago and the Midwest,"Chicago, IL",,long songs (7+ minutes); synths; hushed; storytelling,Art of Almost; One Sunday Morning; I Might,Recommended,,Y,Documented,High
A1066,Calexico,Algiers,2012,LP,ANTI-,L2,V,V4 Roots-inflected 2000s indie,,Crossover,The West,"Tucson, AZ",,horns; slide guitar; breezy; storytelling,Epic; Sinner in the Sea,Recommended,,,Documented,High
A1067,Lambchop,Mr. M,2012,LP,Merge Records,L2,V,V4 Roots-inflected 2000s indie,,Country folk,The South,"Nashville, TN",,strings; piano; hushed; deadpan; funny-sad,2B2; If Not I'll Just Die,Essential,,Y,Documented,High
A1068,Deer Tick,Negativity,2013,LP,Partisan Records,L2,V,V4 Roots-inflected 2000s indie,,Alt-country,The Northeast,"Providence, RI",,baritone; drawl; heartbreak; piano; polished,The Rock; In Our Time,Recommended,,,Documented,High
A1069,Hiss Golden Messenger,Haw,2013,LP,Paradise of Bachelors,L2,V,V4 Roots-inflected 2000s indie,C6,Country folk,The Carolinas,"Durham, NC",,fingerpicked acoustic; drawl; storytelling; spiritual or gospel,Red Rose Nantahala; Jesus Shot Me in the Head,Recommended,,Y,Documented,High
A1070,Mount Moriah,Miracle Temple,2013,LP,Merge Records,L2,V,V4 Roots-inflected 2000s indie,,Alt-country,The Carolinas,"Durham, NC",Durham and Chapel Hill,pedal steel; close harmonies; drawl; storytelling,Miracle Temple Holiness; Younger Days,Recommended,,,Documented,High
A1071,Phosphorescent,Muchacho,2013,LP,Dead Oceans,L2,V,V4 Roots-inflected 2000s indie,,Country folk,The South,"Brooklyn, NY",,synths; pedal steel; hushed; breezy; spiritual or gospel,Song for Zula; Ride On / Right On; Muchacho's Tune,Essential,,,Documented,High
A1072,Strand of Oaks,HEAL,2014,LP,Dead Oceans,L1,V,V4 Roots-inflected 2000s indie,,Crossover,Elsewhere,"Philadelphia, PA",,synths; Crazy Horse fuzz; anthemic; heartbreak,JM; Goshen '97,Essential,,,Documented,High
A1073,Tweedy,Sukierae,2014,LP,dBpm Records,L1,V,V4 Roots-inflected 2000s indie,,Crossover,Chicago and the Midwest,"Chicago, IL",,fingerpicked acoustic; harmonized guitars; hushed; breezy,Low Key; World Away; Summer Noon,Recommended,,,Documented,High
A1074,My Morning Jacket,The Waterfall,2015,LP,ATO Records,L1,V,V4 Roots-inflected 2000s indie,,Crossover,The South,"Louisville, KY",,harmonized guitars; synths; breezy; heartbreak,Compound Fracture; Get the Point; Believe (Nobody Knows),Recommended,,,Documented,High
A1075,Wilco,Star Wars,2015,LP,dBpm Records,L1,V,V4 Roots-inflected 2000s indie,,Crossover,Chicago and the Midwest,"Chicago, IL",,feedback; noise wall; short songs (under 2 minutes); rowdy,EKG; Random Name Generator; Taste the Ceiling,Recommended,,Y,Inferred,High
A1076,Wilco,Schmilco,2016,LP,dBpm Records,L1,V,V4 Roots-inflected 2000s indie,,Crossover,Chicago and the Midwest,"Chicago, IL",,fingerpicked acoustic; hushed; deadpan; small-town,If I Ever Was a Child; Normal American Kids; Locator,Recommended,,Y,Both,High
A1077,Deer Tick,"Deer Tick, Vol. 1",2017,LP,Partisan Records,L1,V,V4 Roots-inflected 2000s indie,,Alt-country,The Northeast,"Providence, RI",,fingerpicked acoustic; hushed; drawl; heartbreak,Sea of Clouds,Recommended,,,Documented,High
A1078,Deer Tick,"Deer Tick, Vol. 2",2017,LP,Partisan Records,L1,V,V4 Roots-inflected 2000s indie,,Alt-country,The Northeast,"Providence, RI",,rowdy; shouted; Telecaster twang; drawl,It's a Whale; Jumpstarting,Recommended,,,Documented,High
A1079,Jeff Tweedy,Warm,2018,LP,dBpm Records,L1,V,V4 Roots-inflected 2000s indie,,Country folk,Chicago and the Midwest,"Chicago, IL",,fingerpicked acoustic; hushed; baritone; deadpan; heartbreak,Bombs Above; How to Fight Loneliness; Let's Go Rain,Recommended,,Y,Both,High
A1080,Phosphorescent,C'est La Vie,2018,LP,Dead Oceans,L1,V,V4 Roots-inflected 2000s indie,,Country folk,The South,"Nashville, TN",,synths; pedal steel; horns; breezy; spiritual or gospel,New Birth in New England; C'est La Vie No. 2; Around the Horn,Recommended,,,Documented,High
A1081,Strand of Oaks,Eraserland,2019,LP,Dead Oceans,L1,V,V4 Roots-inflected 2000s indie,,Crossover,Elsewhere,"Philadelphia, PA",,synths; harmonized guitars; anthemic; heartbreak,Weird Ways; Ruby,Recommended,,,Documented,High
A1082,Wilco,Ode to Joy,2019,LP,dBpm Records,L1,V,V4 Roots-inflected 2000s indie,,Crossover,Chicago and the Midwest,"Chicago, IL",,hushed; baritone; bleak; drum machine,Bright Leaves; Love Is Everywhere (Beware); One and a Half Stars,Recommended,,Y,Documented,High
A1083,Jeff Tweedy,Love Is the King,2020,LP,dBpm Records,L1,V,V4 Roots-inflected 2000s indie,,Country folk,Chicago and the Midwest,"Chicago, IL",,fingerpicked acoustic; hushed; drawl; small-town,Love Is the King; Guess Again; Gwendolyn,Recommended,,Y,Documented,High
A1084,Wilco,Cruel Country,2022,LP,dBpm Records,L1,V,V4 Roots-inflected 2000s indie,,Alt-country,Chicago and the Midwest,"Chicago, IL",,pedal steel; Telecaster twang; drawl; political; long songs (7+ minutes),Hints; Falling Apart (Right Now); Country Song Upside-Down,Essential,,Y,Documented,High
A1085,Deer Tick,Emotional Contracts,2023,LP,ATO Records,L1,V,V4 Roots-inflected 2000s indie,,Alt-country,The Northeast,"Providence, RI",,drawl; piano; heartbreak; storytelling,Forgiving Ties; The Dream's in the Ditch,Recommended,,,Documented,High
A1086,Wilco,Cousin,2023,LP,dBpm Records,L1,V,V4 Roots-inflected 2000s indie,,Crossover,Chicago and the Midwest,"Chicago, IL",,synths; hushed; breezy; storytelling,Evicted; Cousin; Pittsburgh,Recommended,,Y,Documented,High
A1087,Jeff Tweedy,Twilight Override,2025,LP,dBpm Records,L1,V,V4 Roots-inflected 2000s indie,,Crossover,Chicago and the Midwest,"Chicago, IL",,synths; hushed; storytelling; drawl,Twilight Override,Recommended,,Y,Documented,High
A1088,Gillian Welch,Revival,1996,LP,Almo Sounds,L3,V,V5 Rootsy indie folk,,Country folk,The South,"Nashville, TN",,fingerpicked acoustic; close harmonies; duets; hushed; Southern gothic; storytelling,Orphan Girl; Acony Bell; One More Dollar,Essential,,,Both,High
A1089,Gillian Welch,Hell Among the Yearlings,1998,LP,Almo Sounds,L2,V,V5 Rootsy indie folk,,Country folk,The South,"Nashville, TN",,banjo; drawl; storytelling; Southern gothic; bleak; spiritual or gospel,Caleb Meyer; Miner's Refrain; Whiskey Girl,Essential,,,Both,High
A1090,Damien Jurado,Rehearsals for Departure,1999,LP,Sub Pop,L2,V,V5 Rootsy indie folk,,Indie folk,The West,"Seattle, WA",,fingerpicked acoustic; hushed; storytelling; bleak; drawl,Nothing Is the News; The Coldhearted Boy; Kisses,Recommended,,,Documented,Medium
A1091,Gillian Welch,Time (The Revelator),2001,LP,Acony,L2,V,V5 Rootsy indie folk,,Country folk,The South,"Nashville, TN",,fingerpicked acoustic; close harmonies; storytelling; long songs (7+ minutes); Southern gothic; hushed,Revelator; I Want to Sing That Rock and Roll; I Dream a Highway,Essential,Y,,Both,High
A1092,Iron & Wine,The Creek Drank the Cradle,2002,LP,Sub Pop,L2,V,V5 Rootsy indie folk,,Indie folk,The Carolinas,"Durham, NC",,fingerpicked acoustic; hushed; drawl; storytelling; lo-fi; lullaby,Upward Over the Mountain; Bird Stealing Bread; Lion's Mane,Essential,,,Inferred,High
A1093,Josh Ritter,The Golden Age of Radio,2002,LP,Signature Sounds,L2,V,V5 Rootsy indie folk,,Country folk,The Northeast,"Moscow, ID",,fingerpicked acoustic; storytelling; harmonica; hushed; small-town,Me & Jiggs,Recommended,,,Inferred,Medium
A1094,Gillian Welch,Soul Journey,2003,LP,Acony,L2,V,V5 Rootsy indie folk,,Country folk,The South,"Nashville, TN",,banjo; fiddle; storytelling; drawl; breezy; close harmonies,Look at Miss Ohio; No One Knows My Name; I Made a Lover's Prayer,Recommended,,,Inferred,High
A1095,Alela Diane,The Pirate's Gospel,2004,LP,Self-released,L2,V,V5 Rootsy indie folk,,Indie folk,The West,"Nevada City, CA",,fingerpicked acoustic; hushed; storytelling; spiritual or gospel; close harmonies; lo-fi,Tatted Lace; Tired Feet; Rise Up,Recommended,,,Inferred,High
A1096,DeYarmond Edison,DeYarmond Edison,2004,LP,Self-released,L2,V,V5 Rootsy indie folk,,Country folk,Chicago and the Midwest,"Eau Claire, WI",,fingerpicked acoustic; storytelling; close harmonies; drawl; small-town,Leave Me Wishing More; As Long as I Can Go; Dusty Road (So Kind),Deep cut,,,Documented,Medium
A1097,Iron & Wine,Our Endless Numbered Days,2004,LP,Sub Pop,L2,V,V5 Rootsy indie folk,,Indie folk,The Carolinas,"Durham, NC",,fingerpicked acoustic; hushed; close harmonies; storytelling; spiritual or gospel; drawl,Naked as We Came; Fever Dream; Free Until They Cut Me Down,Essential,Y,,Both,High
A1098,Jolie Holland,Escondida,2004,LP,ANTI-,L2,V,V5 Rootsy indie folk,,Country folk,The West,"San Francisco, CA",,fingerpicked acoustic; drawl; storytelling; spiritual or gospel; hushed; harmonica,Old Fashioned Morphine; Mexico City; Sascha,Recommended,,,Documented,Medium
A1099,Laura Veirs,Carbon Glacier,2004,LP,Nonesuch,L2,V,V5 Rootsy indie folk,,Indie folk,The West,"Portland, OR",,fingerpicked acoustic; close harmonies; storytelling; spiritual or gospel; breezy; small-town,Ether Sings; Riptide; Rapture,Recommended,,,Inferred,Medium
A1100,Iron & Wine and Calexico,In the Reins,2005,Collab,Overcoat,L2,V,V5 Rootsy indie folk,V4,Country folk,The Carolinas,"Durham, NC",,fingerpicked acoustic; horns; storytelling; drawl; breezy; hushed,Burn That Broken Bed; History of Lovers; Dead Man's Will,Recommended,,,Documented,Medium
A1101,Laura Veirs,Year of Meteors,2005,LP,Nonesuch,L2,V,V5 Rootsy indie folk,,Indie folk,The West,"Portland, OR",,fingerpicked acoustic; harmonized guitars; storytelling; breezy; small-town; close harmonies,Fire Snakes; Galaxies; Blue Sky Blues,Deep cut,,,Both,Medium
A1102,Jolie Holland,Springtime Can Kill You,2006,LP,ANTI-,L2,V,V5 Rootsy indie folk,,Country folk,The West,"San Francisco, CA",,fingerpicked acoustic; drawl; storytelling; heartbreak; hushed; harmonica,Springtime Can Kill You; Sunny Afternoon; Alameda,Deep cut,,,Documented,Medium
A1103,Josh Ritter,The Animal Years,2006,LP,V2 Records,L2,V,V5 Rootsy indie folk,,Country folk,The Northeast,"Moscow, ID",,fingerpicked acoustic; storytelling; harmonica; political; anthemic,Thin Blue Flame,Essential,,,Both,Medium
A1104,Bon Iver,"For Emma, Forever Ago",2007,LP,"Self-released (2007); Jagjaguwar reissued it February 19, 2008",L2,V,V5 Rootsy indie folk,,Indie folk,Chicago and the Midwest,"Eau Claire, WI",,cracked or yelping; hushed; fingerpicked acoustic; lo-fi; bleak; lullaby,Skinny Love; Re: Stacks; Flume,Essential,,,Inferred,Medium
A1105,Iron & Wine,The Shepherd's Dog,2007,LP,Sub Pop,L2,V,V5 Rootsy indie folk,,Indie folk,The Carolinas,"Durham, NC",,banjo; harmonized guitars; storytelling; political; drawl; breezy,Boy with a Coin; Carousel; Resurrection Fern,Essential,,,Documented,High
A1106,Marissa Nadler,Songs III: Bird on the Water,2007,LP,Kemado Records,L2,V,V5 Rootsy indie folk,,Slowcore,The Northeast,"Boston, MA",,fingerpicked acoustic; hushed; cracked or yelping; bleak; strings; glacial,Diamond Heart; Mexico City; Famous Blue Raincoat,Recommended,,,Inferred,Medium
A1107,Meg Baird,Dear Companion,2007,LP,Drag City,L2,V,V5 Rootsy indie folk,,Indie folk,The Northeast,"Philadelphia, PA",Philadelphia DIY,fingerpicked acoustic; hushed; close harmonies; storytelling; spiritual or gospel,Waltze of the Tennis Players; Dear Companion,Recommended,,,Both,Medium
A1108,Damien Jurado,Caught in the Trees,2008,LP,Secretly Canadian,L2,V,V5 Rootsy indie folk,,Indie folk,The West,"Seattle, WA",,fingerpicked acoustic; hushed; storytelling; close harmonies; bleak,Birds Tricked into the Trees; Decent; Low Light,Recommended,,,Documented,Medium
A1109,Fleet Foxes,Fleet Foxes,2008,LP,Sub Pop,L2,V,V5 Rootsy indie folk,,Indie folk,The West,"Seattle, WA",,close harmonies; harmonized guitars; fingerpicked acoustic; storytelling; breezy; anthemic,White Winter Hymnal; Mykonos; Ragged Wood,Essential,,,Both,High
A1110,Fleet Foxes,Sun Giant,2008,EP,Sub Pop,L2,V,V5 Rootsy indie folk,,Indie folk,The West,"Seattle, WA",,close harmonies; harmonized guitars; fingerpicked acoustic; storytelling; breezy; spiritual or gospel,Sun Giant; English House; Mykonos,Recommended,,,Inferred,High
A1111,Laura Marling,"Alas, I Cannot Swim",2008,LP,Virgin Records,L2,V,V5 Rootsy indie folk,,Indie folk,"The UK, Ireland and Canada","London, England",,fingerpicked acoustic; storytelling; drawl; close harmonies; heartbreak,Ghosts; Night Terror; Failure,Recommended,,,Documented,Medium
A1112,The Low Anthem,"Oh My God, Charlie Darwin",2008,LP,Self-released,L2,V,V5 Rootsy indie folk,,Country folk,The Northeast,"Providence, RI",,fingerpicked acoustic; harmonica; hushed; storytelling; spiritual or gospel,Charlie Darwin; Ticket Taker; To Ohio,Recommended,,,Inferred,High
A1113,Alela Diane,To Be Still,2009,LP,Rough Trade Records,L2,V,V5 Rootsy indie folk,,Indie folk,The West,"Nevada City, CA",,fingerpicked acoustic; close harmonies; storytelling; fiddle; hushed; small-town,Dry Grass & Shadows; The Ocean; White as Diamonds,Recommended,,,Both,High
A1114,Bon Iver,Blood Bank,2009,EP,Jagjaguwar,L2,V,V5 Rootsy indie folk,,Indie folk,Chicago and the Midwest,"Eau Claire, WI",,cracked or yelping; hushed; fingerpicked acoustic; lo-fi; bleak; synths,Blood Bank; Woods; Beach Baby,Recommended,,,Documented,High
A1115,Dave Rawlings Machine,A Friend of a Friend,2009,LP,Acony,L2,V,V5 Rootsy indie folk,,Country folk,The South,"Nashville, TN",,fingerpicked acoustic; close harmonies; storytelling; drawl; duets; live in the room,Sweet Tooth,Recommended,,,Documented,Medium
A1116,Marissa Nadler,Little Hells,2009,LP,Kemado Records,L2,V,V5 Rootsy indie folk,,Slowcore,The Northeast,"Boston, MA",,fingerpicked acoustic; hushed; strings; bleak; glacial; cracked or yelping,Rats; Mary Come Alive; River of Dirt,Deep cut,,,Documented,High
A1117,Angel Olsen,Strange Cacti,2010,EP,Bathetic Records,L2,V,V5 Rootsy indie folk,,Lo-fi,Chicago and the Midwest,"Chicago, IL",,cracked or yelping; lo-fi; fingerpicked acoustic; hushed; bleak; drawl,Some Things Cosmic; Creator/Destroyer,Deep cut,,,Both,High
A1118,Damien Jurado,Saint Bartlett,2010,LP,Secretly Canadian,L2,V,V5 Rootsy indie folk,,Indie folk,The West,"Seattle, WA",,fingerpicked acoustic; hushed; storytelling; spiritual or gospel; small-town,Cloudy Shoes; Letters in May; Saint Bartlett,Essential,,,Documented,Medium
A1119,Laura Marling,I Speak Because I Can,2010,LP,Virgin Records,L2,V,V5 Rootsy indie folk,,Indie folk,"The UK, Ireland and Canada","London, England",,fingerpicked acoustic; storytelling; close harmonies; drawl; heartbreak,Goodbye England (Covered in Snow); Devil's Spoke,Essential,,,Documented,Medium
A1120,Laura Veirs,July Flame,2010,LP,Raven Marching Band Records,L2,V,V5 Rootsy indie folk,,Indie folk,The West,"Portland, OR",,fingerpicked acoustic; close harmonies; storytelling; breezy; small-town; spiritual or gospel,July Flame; Life Is Good Blues; I Can See Your Tracks,Essential,,,Documented,Medium
A1121,Mountain Man,Made the Harbor,2010,LP,Partisan Records,L2,V,V5 Rootsy indie folk,,Country folk,The Northeast,"Bennington, VT",,close harmonies; fingerpicked acoustic; hushed; storytelling; lullaby,Buffalo; Animal Tracks; Sewee Sewee,Essential,,,Both,Medium
A1122,Sharon Van Etten,Epic,2010,LP,Ba Da Bing Records,L2,V,V5 Rootsy indie folk,,Indie folk,The Northeast,"Brooklyn, NY",,fingerpicked acoustic; hushed; heartbreak; bleak; cracked or yelping; drawl,Peace Signs; Save Yourself; One Day,Recommended,,,Inferred,Medium
A1123,Alela Diane & Wild Divine,Alela Diane & Wild Divine,2011,LP,Rough Trade Records,L2,V,V5 Rootsy indie folk,,Indie folk,The West,"Nevada City, CA",,close harmonies; duets; fingerpicked acoustic; storytelling; spiritual or gospel; breezy,Long Way Down; Elijah; Rising Greatness,Recommended,,,Documented,High
A1124,Bon Iver,"Bon Iver, Bon Iver",2011,LP,Jagjaguwar,L2,V,V5 Rootsy indie folk,,Indie folk,Chicago and the Midwest,"Eau Claire, WI",,cracked or yelping; hushed; strings; horns; spiritual or gospel; anthemic,Holocene; Perth; Calgary,Essential,,,Both,High
A1125,Fleet Foxes,Helplessness Blues,2011,LP,Sub Pop,L2,V,V5 Rootsy indie folk,,Indie folk,The West,"Seattle, WA",,close harmonies; harmonized guitars; fingerpicked acoustic; storytelling; political; anthemic,Helplessness Blues; The Shrine / An Argument; Montezuma,Essential,,,Both,High
A1126,Gillian Welch,The Harrow & the Harvest,2011,LP,Acony,L2,V,V5 Rootsy indie folk,,Country folk,The South,"Nashville, TN",,fingerpicked acoustic; close harmonies; bleak; storytelling; banjo; drawl,The Way It Will Be; Tennessee; Scarlet Town,Essential,,,Both,High
A1127,Iron & Wine,Kiss Each Other Clean,2011,LP,4AD / Warner,L2,V,V5 Rootsy indie folk,,Indie folk,The Carolinas,"Durham, NC",,horns; synths; harmonized guitars; breezy; storytelling; polished,Walking Far from Home; Rabbit Will Run; Tree by the River,Recommended,,,Both,High
A1128,Angel Olsen,Half Way Home,2012,LP,Bathetic Records,L2,V,V5 Rootsy indie folk,,Indie folk,Chicago and the Midwest,"Chicago, IL",,cracked or yelping; fingerpicked acoustic; hushed; bleak; lo-fi; close harmonies,Acrobat; The Waiting; Tiniest Seed,Recommended,,,Both,High
A1129,Sharon Van Etten,Tramp,2012,LP,Jagjaguwar,L2,V,V5 Rootsy indie folk,,Indie folk,The Northeast,"Brooklyn, NY",,fingerpicked acoustic; close harmonies; heartbreak; hushed; storytelling; drawl,Serpents; We Are Fine; Give Out,Recommended,,,Documented,Medium
A1130,Alela Diane,About Farewell,2013,LP,Rusted Blue Records,L2,V,V5 Rootsy indie folk,,Indie folk,The West,"Portland, OR",,fingerpicked acoustic; hushed; heartbreak; storytelling; close harmonies; bleak,Colorado Blue; Rob a Bank; Nothing I Can Do,Recommended,,,Documented,High
A1131,Iron & Wine,Ghost on Ghost,2013,LP,4AD / Nonesuch,L2,V,V5 Rootsy indie folk,,Indie folk,The Carolinas,"Durham, NC",,horns; piano; harmonized guitars; breezy; storytelling; polished,Grass Widows; Joy; Winter Prayers,Recommended,,,Both,High
A1132,Sam Amidon,Bright Sunny South,2013,LP,Nonesuch,L2,V,V5 Rootsy indie folk,V8,Country folk,The Northeast,"Brattleboro, VT",,fingerpicked acoustic; banjo; fiddle; storytelling; hushed,Bright Sunny South,Recommended,,,Both,Medium
A1133,Angel Olsen,Burn Your Fire for No Witness,2014,LP,Jagjaguwar,L1,V,V5 Rootsy indie folk,,Indie folk,Chicago and the Midwest,"Chicago, IL",,cracked or yelping; fingerpicked acoustic; drawl; heartbreak; hushed; anthemic,White Fire; Hi-Five; Forgiven/Forgotten,Essential,,,Documented,High
A1134,Julie Byrne,Rooms with Walls and Windows,2014,LP,Orindal Records,L1,V,V5 Rootsy indie folk,,Indie folk,The Northeast,"Chicago, IL",,fingerpicked acoustic; hushed; lo-fi; storytelling; cosmic; lullaby,Marmalade; Young Wife; Holiday,Recommended,,,Inferred,High
A1135,Marissa Nadler,July,2014,LP,Sacred Bones Records / Bella Union,L1,V,V5 Rootsy indie folk,,Slowcore,The Northeast,"Boston, MA",,fingerpicked acoustic; hushed; strings; bleak; glacial; cracked or yelping,Was It a Dream; Dead City Emily; 1923,Essential,,,Documented,High
A1136,Dave Rawlings Machine,Nashville Obsolete,2015,LP,Acony,L1,V,V5 Rootsy indie folk,,Country folk,The South,"Nashville, TN",,fingerpicked acoustic; close harmonies; storytelling; drawl; duets; baritone,The Weekend; Short Haired Woman Blues,Recommended,,,Documented,Medium
A1137,Jake Xerxes Fussell,Jake Xerxes Fussell,2015,LP,Paradise of Bachelors,L1,V,V5 Rootsy indie folk,V8,Country folk,The Carolinas,"Durham, NC",,fingerpicked acoustic; slide guitar; storytelling; drawl; spiritual or gospel; live in the room,Rabbit on a Log; Boat's Up the River; Push Boat,Essential,,,Documented,High
A1138,Angel Olsen,My Woman,2016,LP,Jagjaguwar,L1,V,V5 Rootsy indie folk,,Indie folk,Chicago and the Midwest,"Asheville, NC",,cracked or yelping; synths; heartbreak; anthemic; drawl; long songs (7+ minutes),Shut Up Kiss Me; Sister; Woman,Essential,,,Documented,High
A1139,Gillian Welch,Boots No. 1: The Official Revival Bootleg,2016,Compilation,Acony,L1,V,V5 Rootsy indie folk,,Country folk,The South,"Nashville, TN",,fingerpicked acoustic; close harmonies; hushed; storytelling; lo-fi; drawl,Orphan Girl; One More Dollar; Annabelle,Deep cut,,,Documented,High
A1140,David Rawlings,Poor David's Almanack,2017,LP,Acony,L1,V,V5 Rootsy indie folk,,Country folk,The South,"Nashville, TN",,fingerpicked acoustic; close harmonies; storytelling; drawl; duets; banjo,Money Is the Meat in the Coconut; Cumberland Gap,Recommended,,,Documented,Medium
A1141,Fleet Foxes,Crack-Up,2017,LP,Nonesuch,L1,V,V5 Rootsy indie folk,,Indie folk,The West,"Seattle, WA",,close harmonies; harmonized guitars; storytelling; glacial; long songs (7+ minutes); cosmic,"Third of May / Ōdaigahara; Fool's Errand; If You Need To, Keep Time on Me",Recommended,,,Documented,High
A1142,Iron & Wine,Beast Epic,2017,LP,Sub Pop,L1,V,V5 Rootsy indie folk,,Indie folk,The Carolinas,"Durham, NC",,fingerpicked acoustic; close harmonies; storytelling; hushed; strings; drawl,Claim Your Ghost; Call It Dreaming; Song in Stone,Recommended,,,Documented,High
A1143,Jake Xerxes Fussell,What in the Natural World,2017,LP,Paradise of Bachelors,L1,V,V5 Rootsy indie folk,V8,Country folk,The Carolinas,"Durham, NC",,fingerpicked acoustic; slide guitar; storytelling; drawl; live in the room; breezy,Furniture Man; Have You Ever Seen Peaches Growing on a Sweet Potato Vine?; Jump for Joy,Essential,,,Documented,High
A1144,Julie Byrne,Not Even Happiness,2017,LP,Ba Da Bing Records,L1,V,V5 Rootsy indie folk,,Indie folk,The Northeast,"New York, NY",,fingerpicked acoustic; hushed; synths; storytelling; cosmic; breezy,Sleepwalker; Natural Blue; Follow My Voice,Essential,,,Documented,High
A1145,Alela Diane,Cusp,2018,LP,AllPoints,L1,V,V5 Rootsy indie folk,,Indie folk,The West,"Portland, OR",,fingerpicked acoustic; hushed; close harmonies; spiritual or gospel; lullaby; storytelling,Immortal Sound; Song for Sandy; Never Land,Deep cut,,,Documented,High
A1146,Angel Olsen,All Mirrors,2019,LP,Jagjaguwar,L1,V,V5 Rootsy indie folk,,Indie folk,The South,"Asheville, NC",,strings; synths; anthemic; heartbreak; polished; cosmic,All Mirrors; Lark; Spring,Essential,,,Documented,High
A1147,Jake Xerxes Fussell,Out of Sight,2019,LP,Paradise of Bachelors,L1,V,V5 Rootsy indie folk,V8,Country folk,The Carolinas,"Durham, NC",,fingerpicked acoustic; slide guitar; storytelling; drawl; spiritual or gospel; breezy,The River St. Johns; Michael Was Hearty; Oh Captain,Essential,,,Both,High
A1148,Angel Olsen,Whole New Mess,2020,LP,Jagjaguwar,L1,V,V5 Rootsy indie folk,,Indie folk,The South,"Asheville, NC",,fingerpicked acoustic; hushed; cracked or yelping; bleak; lo-fi; close harmonies,"Whole New Mess; (New Love) Cassette; Waving, Smiling",Recommended,,,Both,High
A1149,Fleet Foxes,Shore,2020,LP,Anti-,L1,V,V5 Rootsy indie folk,,Indie folk,The West,"Seattle, WA",,close harmonies; harmonized guitars; storytelling; breezy; anthemic; spiritual or gospel,Wading in Waist-High Water; Sunblind; Can I Believe You,Recommended,,,Documented,High
A1150,Gillian Welch,"Boots No. 2: The Lost Songs, Vol. 1",2020,Compilation,Acony,L1,V,V5 Rootsy indie folk,,Country folk,The South,"Nashville, TN",,fingerpicked acoustic; hushed; lo-fi; storytelling; drawl; close harmonies,Johnny Dear; First Place Ribbon; Give That Man a Road,Deep cut,,,Both,High
A1151,Gillian Welch and David Rawlings,All the Good Times (Are Past & Gone),2020,Collab,Acony,L1,V,V5 Rootsy indie folk,,Country folk,The South,"Nashville, TN",,fingerpicked acoustic; close harmonies; duets; hushed; storytelling; live in the room,Hello in There; Señor; Poor Ellen Smith,Recommended,,,Documented,High
A1152,Angel Olsen,Big Time,2022,LP,Jagjaguwar,L1,V,V5 Rootsy indie folk,C3,Classic country,The South,"Asheville, NC",,pedal steel; strings; heartbreak; drawl; spiritual or gospel; anthemic,Big Time; All the Good Times; This Is How It Works,Recommended,,,Both,High
A1153,Jake Xerxes Fussell,Good and Green Again,2022,LP,Paradise of Bachelors,L1,V,V5 Rootsy indie folk,V8,Country folk,The Carolinas,"Durham, NC",,fingerpicked acoustic; slide guitar; storytelling; breezy; spiritual or gospel; live in the room,Copper Kettle; Hills of Mexico; Love Farewell,Recommended,,,Documented,High
A1154,Julie Byrne,The Greater Wings,2023,LP,Ghostly International,L1,V,V5 Rootsy indie folk,,Indie folk,The Northeast,"New York, NY",,fingerpicked acoustic; strings; hushed; heartbreak; storytelling; cosmic,The Greater Wings; Portrait of a Clear Day; Moonless,Essential,,,Documented,High
A1155,Gillian Welch and David Rawlings,Woodland,2024,Collab,Acony,L1,V,V5 Rootsy indie folk,,Country folk,The South,"Nashville, TN",,fingerpicked acoustic; close harmonies; storytelling; banjo; pedal steel; hushed,Empty Trainload of Sky; What We Had; The Bells and the Birds,Essential,,,Documented,High
A1156,Iron & Wine,Light Verse,2024,LP,Sub Pop,L1,V,V5 Rootsy indie folk,,Indie folk,The Carolinas,"Durham, NC",,fingerpicked acoustic; strings; storytelling; hushed; close harmonies; breezy,All in Good Time; You Never Know,Deep cut,,,Documented,High
A1157,Jake Xerxes Fussell,When I'm Called,2024,LP,Fat Possum Records,L1,V,V5 Rootsy indie folk,V8,Country folk,The Carolinas,"Durham, NC",,fingerpicked acoustic; slide guitar; storytelling; breezy; drawl; live in the room,Going to Georgia,Recommended,,,Documented,High
A1158,Neko Case,The Virginian,1997,LP,Mint Records,L3,V,V6 2000s–2010s alt-country,,Country folk,Chicago and the Midwest,"Tacoma, WA",,pedal steel; drawl; Telecaster twang; road songs; drinking songs,Timber; Bowling Green,Deep cut,,Y,Documented,High
A1159,The Bottle Rockets,Brand New Year,1999,LP,Doolittle Records,L2,V,V6 2000s–2010s alt-country,,Southern rock,Chicago and the Midwest,"Festus, MO",,Telecaster twang; harmonized guitars; storytelling; small-town; rowdy,Nancy Sinatra,Deep cut,,,Documented,High
A1160,Neko Case,Furnace Room Lullaby,2000,LP,Bloodshot Records,L2,V,V6 2000s–2010s alt-country,,Alt-country,Chicago and the Midwest,"Tacoma, WA",,pedal steel; drawl; cracked or yelping; Southern gothic; heartbreak; storytelling,Whip the Blankets; Guided by Wire,Essential,,Y,Documented,High
A1161,Ryan Adams,Heartbreaker,2000,LP,Bloodshot Records,L2,V,V6 2000s–2010s alt-country,,Country folk,The South,"Nashville, TN",,fingerpicked acoustic; harmonica; drawl; heartbreak; hushed; storytelling,Come Pick Me Up; Oh My Sweet Carolina,Essential,Y,,Documented,High
A1162,Slaid Cleaves,Broke Down,2000,LP,Philo/Rounder Records,L2,V,V6 2000s–2010s alt-country,,Country folk,Texas and Oklahoma,"Austin, TX",,fingerpicked acoustic; drawl; storytelling; small-town; heartbreak,Lydia; Broke Down,Essential,,,Inferred,High
A1163,Ryan Adams,Gold,2001,LP,Lost Highway Records,L2,V,V6 2000s–2010s alt-country,,Country rock,The South,"Nashville, TN",,Telecaster twang; harmonized guitars; anthemic; road songs; breezy,"New York, New York; When the Stars Go Blue",Essential,,,Documented,High
A1164,Wayne Hancock,A-Town Blues,2001,LP,Bloodshot Records,L2,V,V6 2000s–2010s alt-country,V26,Honky-tonk,Texas and Oklahoma,"Austin, TX",,pedal steel; fiddle; slide guitar; drawl; drinking songs,A-Town Blues; Deal Ol' Joe,Recommended,,,Documented,High
A1165,Caitlin Cary,While You Weren't Looking,2002,LP,Yep Roc Records,L2,V,V6 2000s–2010s alt-country,,Alt-country,The Carolinas,"Raleigh, NC",,fiddle; pedal steel; close harmonies; drawl; heartbreak,"Shallow Heart, Shallow Water; What Will You Do",Recommended,,,Documented,High
A1166,Corb Lund,Five Dollar Bill,2002,LP,Stony Plain Records,L2,V,V6 2000s–2010s alt-country,,Country folk,"The UK, Ireland and Canada","Taber, Alberta",,fiddle; pedal steel; drawl; storytelling; small-town; funny-sad,The Truck Got Stuck; Hurtin' Albertan,Essential,,,Inferred,Medium
A1167,Kelly Willis,Easy,2002,LP,Rykodisc,L2,V,V6 2000s–2010s alt-country,,Country folk,Texas and Oklahoma,"Austin, TX",,pedal steel; fiddle; drawl; heartbreak; breezy,Not Learning to Love,Recommended,,,Documented,High
A1168,Neko Case,Blacklisted,2002,LP,Bloodshot Records,L2,V,V6 2000s–2010s alt-country,,Alt-country,Chicago and the Midwest,"Tacoma, WA",,pedal steel; baritone; Southern gothic; bleak; hushed; cosmic,Deep Red Bells; Look for Me (I'll Be Around),Essential,,Y,Documented,High
A1169,Rhett Miller,The Instigator,2002,LP,Elektra Records,L2,V,V6 2000s–2010s alt-country,,Power pop,Texas and Oklahoma,"Dallas, TX",,jangle; harmonized guitars; breezy; heartbreak; anthemic,Come Around; Terrible Vision,Deep cut,,,Documented,High
A1170,Richmond Fontaine,Winnemucca,2002,LP,El Cortez Records,L2,V,V6 2000s–2010s alt-country,,Alt-country,The West,"Portland, OR",Portland,pedal steel; drawl; storytelling; Southern gothic; small-town; bleak,Northline; Barely Losing,Essential,,,Both,High
A1171,Ryan Adams,Demolition,2002,Compilation,Lost Highway Records,L2,V,V6 2000s–2010s alt-country,,Country folk,The South,"Nashville, TN",,fingerpicked acoustic; drawl; heartbreak; road songs; storytelling,Nuclear; Dear Chicago,Recommended,,,Documented,High
A1172,Tift Merritt,Bramble Rose,2002,LP,Lost Highway Records,L2,V,V6 2000s–2010s alt-country,,Country folk,The Carolinas,"Raleigh, NC",Raleigh,pedal steel; fiddle; drawl; heartbreak; hushed,Bramble Rose; Trouble Over Me,Recommended,,,Documented,High
A1173,The Bottle Rockets,Blue Sky,2003,LP,Sanctuary Records,L2,V,V6 2000s–2010s alt-country,,Southern rock,Chicago and the Midwest,"Festus, MO",,Telecaster twang; harmonized guitars; storytelling; small-town; heartbreak,Baggage Claim; Better Than Bad,Recommended,,,Both,High
A1174,Caitlin Cary,I'm Staying Out,2003,LP,Yep Roc Records,L2,V,V6 2000s–2010s alt-country,,Alt-country,The Carolinas,"Raleigh, NC",,fiddle; pedal steel; close harmonies; drawl; breezy,I'm Staying Out; Please Break My Heart,Deep cut,,,Documented,High
A1175,Kathleen Edwards,Failer,2003,LP,MapleMusic Recordings,L2,V,V6 2000s–2010s alt-country,,Alt-country,"The UK, Ireland and Canada","Ottawa, ON",,Telecaster twang; drawl; heartbreak; storytelling; road songs,Six O'Clock News; One More Song the Radio Won't Like,Essential,,,Inferred,High
A1176,Richmond Fontaine,Post to Wire,2003,LP,El Cortez Records,L2,V,V6 2000s–2010s alt-country,,Alt-country,The West,"Portland, OR",Portland,pedal steel; fiddle; drawl; storytelling; small-town; heartbreak,Post to Wire; The Boyfriends,Recommended,,,Documented,High
A1177,Th' Legendary Shack Shakers,Cockadoodledon't,2003,LP,Bloodshot Records,L2,V,V6 2000s–2010s alt-country,,Punk,The South,"Murray, KY",,slide guitar; harmonica; shouted; Southern gothic; rowdy,Shake Your Hips; Hunkerdown,Deep cut,,,Both,High
A1178,Wayne Hancock,Swing Time,2003,LP,Bloodshot Records,L2,V,V6 2000s–2010s alt-country,V26,Honky-tonk,Texas and Oklahoma,"Austin, TX",,pedal steel; fiddle; slide guitar; drawl; rowdy,Swing Time; Thunderstorms and Neon Signs,Recommended,,,Documented,High
A1179,William Elliott Whitmore,Hymns for the Hopeless,2003,LP,Southern Records,L2,V,V6 2000s–2010s alt-country,,Country folk,Chicago and the Midwest,"Lee County, IA",,banjo; fingerpicked acoustic; baritone; spiritual or gospel; bleak,Barn Song; Midnight,Essential,,,Documented,High
A1180,Neko Case,The Tigers Have Spoken,2004,Live,Anti-,L2,V,V6 2000s–2010s alt-country,,Alt-country,Chicago and the Midwest,"Tacoma, WA",,pedal steel; road songs; storytelling; harmonized guitars; live in the room,Loretta Lynn's Man (Van Lear Rose); If You Knew,Recommended,,Y,Documented,High
A1181,Old 97's,Drag It Up,2004,LP,New West Records,L2,V,V6 2000s–2010s alt-country,,Alt-country,Texas and Oklahoma,"Dallas, TX",,Telecaster twang; harmonized guitars; drawl; road songs; heartbreak,Won't Be Home; The New Kid,Recommended,,,Documented,High
A1182,The Sadies,Favourite Colours,2004,LP,Yep Roc Records,L2,V,V6 2000s–2010s alt-country,,Cosmic country,"The UK, Ireland and Canada","Toronto, ON",,pedal steel; long solos; harmonized guitars; cosmic; road songs,Northumberland West; Why Would Anybody Live Here,Recommended,,,Documented,High
A1183,Slaid Cleaves,Wishbones,2004,LP,Philo/Rounder Records,L2,V,V6 2000s–2010s alt-country,,Country folk,Texas and Oklahoma,"Austin, TX",,fingerpicked acoustic; pedal steel; drawl; storytelling; heartbreak,Twistin'; Horseshoe Moon,Recommended,,,Both,High
A1184,Th' Legendary Shack Shakers,Believe,2004,LP,Yep Roc Records,L2,V,V6 2000s–2010s alt-country,,Punk,The South,"Murray, KY",,slide guitar; harmonica; shouted; Southern gothic; spiritual or gospel,Agony Wagon; CB Song,Deep cut,,,Documented,High
A1185,Tift Merritt,Tambourine,2004,LP,Lost Highway Records,L2,V,V6 2000s–2010s alt-country,,Country rock,The Carolinas,"Raleigh, NC",Raleigh,Telecaster twang; harmonized guitars; anthemic; heartbreak; breezy,Good Hearted Man; Stray Paper,Essential,,,Documented,High
A1186,Corb Lund,Hair in My Eyes Like a Highland Steer,2005,LP,Stony Plain Records,L2,V,V6 2000s–2010s alt-country,,Country folk,"The UK, Ireland and Canada","Taber, Alberta",,fiddle; pedal steel; drawl; storytelling; funny-sad,Hair in My Eyes Like a Highland Steer; Truth Comes Out,Recommended,,,Inferred,High
A1187,Deadstring Brothers,Starving Winter Report,2005,LP,Bloodshot Records,L2,V,V6 2000s–2010s alt-country,,Country rock,Chicago and the Midwest,"Detroit, MI",,slide guitar; harmonized guitars; drawl; road songs; rowdy,Starving Winter Report; One Match Fire,Recommended,,,Documented,High
A1188,Hayes Carll,Little Rock,2005,LP,Highway 87 Records,L2,V,V6 2000s–2010s alt-country,X2,Country folk,Texas and Oklahoma,"The Woodlands, TX",,fingerpicked acoustic; drawl; funny-sad; drinking songs; storytelling,Wish I Hadn't Stayed So Long; She Left Me for Jesus,Recommended,,,Both,Medium
A1189,Kathleen Edwards,Back to Me,2005,LP,MapleMusic Recordings,L2,V,V6 2000s–2010s alt-country,,Alt-country,"The UK, Ireland and Canada","Ottawa, ON",,Telecaster twang; drawl; heartbreak; storytelling; anthemic,Back to Me; In State,Recommended,,,Inferred,High
A1190,Richmond Fontaine,The Fitzgerald,2005,LP,Decor Records,L2,V,V6 2000s–2010s alt-country,,Alt-country,The West,"Portland, OR",Portland,pedal steel; strings; storytelling; Southern gothic; bleak; small-town,The Longer You Wait; Disappeared,Recommended,,,Documented,High
A1191,Robbie Fulks,Georgia Hard,2005,LP,Yep Roc Records,L2,V,V6 2000s–2010s alt-country,,Honky-tonk,Chicago and the Midwest,"Chicago, IL",,pedal steel; fiddle; drawl; drinking songs; funny-sad,Doin' Right (for All the Wrong Reasons); All You Can Cheat,Essential,,,Both,High
A1192,Ryan Adams,29,2005,LP,Lost Highway Records,L2,V,V6 2000s–2010s alt-country,,Country rock,The South,"Nashville, TN",,fingerpicked acoustic; long songs (7+ minutes); drawl; storytelling; bleak,Strawberry Wine; Blue Sky Blues,Deep cut,,,Documented,High
A1193,Ryan Adams,Cold Roses,2005,LP,Lost Highway Records,L2,V,V6 2000s–2010s alt-country,,Country rock,The South,"Nashville, TN",,pedal steel; long solos; Crazy Horse fuzz; harmonized guitars; road songs,Magnolia Mountain; Let It Ride,Essential,,,Inferred,High
A1194,Ryan Adams,Jacksonville City Nights,2005,LP,Lost Highway Records,L2,V,V6 2000s–2010s alt-country,,Honky-tonk,The South,"Nashville, TN",,pedal steel; fiddle; drawl; duets; heartbreak; drinking songs,The End; Games,Recommended,,,Both,High
A1195,Scott H. Biram,The Dirty Old One Man Band,2005,LP,Bloodshot Records,L2,V,V6 2000s–2010s alt-country,,Punk,Texas and Oklahoma,"Austin, TX",,slide guitar; harmonica; shouted; cracked or yelping; drinking songs; lo-fi,18 Wheels of Hate; Dontcha Lie to Me,Recommended,,,Documented,Medium
A1196,The Bottle Rockets,Zoysia,2006,LP,Bloodshot Records,L2,V,V6 2000s–2010s alt-country,,Southern rock,Chicago and the Midwest,"Festus, MO",,Telecaster twang; harmonized guitars; storytelling; small-town; funny-sad,Wind Won't Blow; Middle Man,Recommended,,,Documented,High
A1197,Eilen Jewell,Boundary County,2006,LP,Signature Sounds,L2,V,V6 2000s–2010s alt-country,,Country folk,The West,"Boise, ID",,fingerpicked acoustic; pedal steel; hushed; drawl; lo-fi,Boundary County,Deep cut,,,Inferred,Medium
A1198,Neko Case,Fox Confessor Brings the Flood,2006,LP,Anti-,L2,V,V6 2000s–2010s alt-country,,Alt-country,Chicago and the Midwest,"Tacoma, WA",,pedal steel; strings; Southern gothic; storytelling; cosmic; hushed,"Star Witness; Hold On, Hold On",Essential,Y,Y,Documented,High
A1199,Scott H. Biram,Graveyard Shift,2006,LP,Bloodshot Records,L2,V,V6 2000s–2010s alt-country,,Punk,Texas and Oklahoma,"Austin, TX",,slide guitar; harmonica; shouted; cracked or yelping; drinking songs,Feelin' Good Again; Backdoor Man,Deep cut,,,Documented,High
A1200,Slaid Cleaves,Unsung,2006,LP,Rounder Records,L2,V,V6 2000s–2010s alt-country,,Country folk,Texas and Oklahoma,"Austin, TX",,fingerpicked acoustic; drawl; storytelling; heartbreak; road songs,Horses,Deep cut,,,Documented,High
A1201,William Elliott Whitmore,Song of the Blackbird,2006,LP,Southern Records,L2,V,V6 2000s–2010s alt-country,,Country folk,Chicago and the Midwest,"Lee County, IA",,banjo; fingerpicked acoustic; baritone; spiritual or gospel; bleak,Diggin' My Grave; Dry,Recommended,,,Documented,High
A1202,Corb Lund,Horse Soldier! Horse Soldier!,2007,LP,Stony Plain Records,L2,V,V6 2000s–2010s alt-country,,Country folk,"The UK, Ireland and Canada","Taber, Alberta",,fiddle; pedal steel; drawl; storytelling; political,I Wanna Be in the Cavalry; Family Reunion,Recommended,,,Documented,High
A1203,Deadstring Brothers,Silver Mountain,2007,LP,Bloodshot Records,L2,V,V6 2000s–2010s alt-country,,Country rock,Chicago and the Midwest,"Detroit, MI",,slide guitar; harmonized guitars; drawl; road songs; rowdy,Silver Mountain; Can't Find My Way Home,Deep cut,,,Documented,High
A1204,Eilen Jewell,Letters from Sinners & Strangers,2007,LP,Signature Sounds,L2,V,V6 2000s–2010s alt-country,,Country folk,The West,"Boise, ID",,pedal steel; slide guitar; hushed; drawl; bleak,Where They Never Say Your Name,Recommended,,,Inferred,High
A1205,Elizabeth Cook,Balls,2007,LP,31 Tigers,L2,V,V6 2000s–2010s alt-country,,Honky-tonk,The South,"Nashville, TN",,pedal steel; fiddle; drawl; funny-sad; drinking songs,Sometimes It Takes Balls to Be a Woman; Times Are Tough in Rock 'n' Roll,Essential,,,Inferred,High
A1206,Kelly Willis,Translated from Love,2007,LP,Rykodisc,L2,V,V6 2000s–2010s alt-country,,Alt-country,Texas and Oklahoma,"Austin, TX",,Telecaster twang; drawl; heartbreak; road songs; anthemic,Success; Nobody Wants to Go to the Moon Anymore,Recommended,,,Inferred,High
A1207,Richmond Fontaine,Thirteen Cities,2007,LP,Decor Records,L2,V,V6 2000s–2010s alt-country,,Alt-country,The West,"Portland, OR",Portland,pedal steel; fiddle; drawl; road songs; bleak; storytelling,A Ghost I Became; Moving Back Home #2,Essential,,,Documented,High
A1208,Ryan Adams,Easy Tiger,2007,LP,Lost Highway Records,L2,V,V6 2000s–2010s alt-country,,Country rock,The South,"Nashville, TN",,Telecaster twang; harmonized guitars; breezy; heartbreak; anthemic,Two; Halloweenhead,Recommended,,,Documented,High
A1209,The Sadies,New Seasons,2007,LP,Yep Roc Records,L2,V,V6 2000s–2010s alt-country,,Cosmic country,"The UK, Ireland and Canada","Toronto, ON",,pedal steel; harmonized guitars; cosmic; road songs; storytelling,Anna Leigh; The Trial,Recommended,,,Documented,High
A1210,Caitlin Rose,Dead Flowers,2008,EP,Names Records,L2,V,V6 2000s–2010s alt-country,,Country folk,The South,"Nashville, TN",,pedal steel; drawl; heartbreak; hushed; fingerpicked acoustic,Dead Flowers,Deep cut,,,Documented,High
A1211,Hayes Carll,Trouble in Mind,2008,LP,Lost Highway Records,L2,V,V6 2000s–2010s alt-country,X2,Country folk,Texas and Oklahoma,"The Woodlands, TX",,fingerpicked acoustic; pedal steel; drawl; funny-sad; drinking songs,She Left Me for Jesus; Bad Liver and a Broken Heart,Essential,,,Documented,High
A1212,Jessica Lea Mayfield,With Blasphemy So Heartfelt,2008,LP,Polymer Sounds/Third Man Records,L2,V,V6 2000s–2010s alt-country,V12,Country folk,Chicago and the Midwest,"Kent, OH",,fingerpicked acoustic; pedal steel; hushed; drawl; heartbreak,Blue Skies Again; Kiss Me Again,Recommended,,,Documented,High
A1213,Justin Townes Earle,The Good Life,2008,LP,Bloodshot Records,L2,V,V6 2000s–2010s alt-country,,Country folk,The South,"Nashville, TN",,fingerpicked acoustic; fiddle; drawl; storytelling; road songs,Lone Pine Hill; Turn Out My Lights,Essential,,,Documented,High
A1214,Kathleen Edwards,Asking for Flowers,2008,LP,MapleMusic Recordings,L2,V,V6 2000s–2010s alt-country,,Alt-country,"The UK, Ireland and Canada","Ottawa, ON",,Telecaster twang; drawl; political; storytelling; heartbreak,Scared at Night; Alicia Ross,Essential,,,Inferred,High
A1215,Old 97's,Blame It on Gravity,2008,LP,New West Records,L2,V,V6 2000s–2010s alt-country,,Alt-country,Texas and Oklahoma,"Dallas, TX",,Telecaster twang; harmonized guitars; breezy; heartbreak; anthemic,Dance With Me; Color of a Lonely Heart No. 2,Recommended,,,Documented,High
A1216,Tift Merritt,Another Country,2008,LP,Fantasy Records,L2,V,V6 2000s–2010s alt-country,,Country folk,The Carolinas,"Raleigh, NC",Raleigh,fingerpicked acoustic; pedal steel; hushed; heartbreak; breezy,Broken; Keep You Happy,Recommended,,,Documented,High
A1217,The Bottle Rockets,Lean Forward,2009,LP,Bloodshot Records,L2,V,V6 2000s–2010s alt-country,,Southern rock,Chicago and the Midwest,"Festus, MO",,Telecaster twang; harmonized guitars; storytelling; political; small-town,The Long Way; Done It All; Hard Times,Deep cut,,,Both,High
A1218,Cory Chisel,Death Won't Send a Letter,2009,LP,Black Seal,L2,V,V6 2000s–2010s alt-country,,Country folk,Chicago and the Midwest,"Appleton, WI",,fingerpicked acoustic; piano; spiritual or gospel; hushed; storytelling,Home in Your Arms; This Trouble,Recommended,,,Inferred,High
A1219,Ha Ha Tonka,Novel Sounds of the Nouveau South,2009,LP,Bloodshot Records,L2,V,V6 2000s–2010s alt-country,,Southern rock,Chicago and the Midwest,"Springfield, MO",,harmonized guitars; close harmonies; storytelling; Southern gothic; anthemic,Caney Mountain; Hangman,Recommended,,,Documented,High
A1220,Justin Townes Earle,Midnight at the Movies,2009,LP,Bloodshot Records,L2,V,V6 2000s–2010s alt-country,,Country folk,The South,"Nashville, TN",,fingerpicked acoustic; harmonica; drawl; storytelling; small-town,Halfway to Jackson; Mama's Eyes,Recommended,,,Both,High
A1221,Neko Case,Middle Cyclone,2009,LP,Anti-,L2,V,V6 2000s–2010s alt-country,,Alt-country,Chicago and the Midwest,"Tacoma, WA",,strings; piano; cosmic; storytelling; anthemic; glacial,This Tornado Loves You; People Got a Lotta Nerve,Essential,,Y,Documented,High
A1222,Wayne Hancock,Viper of Melody,2009,LP,Bloodshot Records,L2,V,V6 2000s–2010s alt-country,V26,Honky-tonk,Texas and Oklahoma,"Austin, TX",,pedal steel; fiddle; slide guitar; drawl; drinking songs,Viper of Melody; Working at Working,Deep cut,,,Documented,High
A1223,William Elliott Whitmore,Animals in the Dark,2009,LP,ANTI-,L2,V,V6 2000s–2010s alt-country,,Country folk,Chicago and the Midwest,"Lee County, IA",,banjo; baritone; political; spiritual or gospel; storytelling,Everything Gets Gone; Hell or High Water,Recommended,,,Documented,High
A1224,Caitlin Rose,Own Side Now,2010,LP,Names Records,L2,V,V6 2000s–2010s alt-country,,Country folk,The South,"Nashville, TN",,pedal steel; strings; drawl; heartbreak; close harmonies,Own Side; Shanghai Cigarettes,Essential,,,Documented,High
A1225,Elizabeth Cook,Welder,2010,LP,31 Tigers,L2,V,V6 2000s–2010s alt-country,,Alt-country,The South,"Nashville, TN",,pedal steel; fiddle; drawl; storytelling; funny-sad,El Camino; Mama's Funeral,Essential,,,Documented,High
A1226,Hurray for the Riff Raff,Young Blood Blues,2010,LP,Self-released,L2,V,V6 2000s–2010s alt-country,,Country folk,The South,"New Orleans, LA",New Orleans,fingerpicked acoustic; fiddle; drawl; lo-fi; road songs,Little Black Star,Deep cut,,,Documented,High
A1227,Joe Pug,Messenger,2010,LP,Lightning Rod Records,L2,V,V6 2000s–2010s alt-country,,Country folk,Chicago and the Midwest,"Chicago, IL",,fingerpicked acoustic; harmonica; drawl; storytelling; spiritual or gospel,Hymn #101; Unsophisticated Heart,Recommended,,,Inferred,High
A1228,Justin Townes Earle,Harlem River Blues,2010,LP,Bloodshot Records,L2,V,V6 2000s–2010s alt-country,,Country folk,The South,"Nashville, TN",,fingerpicked acoustic; horns; spiritual or gospel; storytelling; drawl,Harlem River Blues; One More Night in Brooklyn,Essential,,,Both,High
A1229,Old 97's,"The Grand Theatre, Volume One",2010,LP,New West Records,L2,V,V6 2000s–2010s alt-country,,Alt-country,Texas and Oklahoma,"Dallas, TX",,Telecaster twang; harmonized guitars; storytelling; road songs; rowdy,Every Night Is Friday Night (Without You); You Were Born to Be in Battle,Deep cut,,,Documented,High
A1230,Amanda Shires,Carrying Lightning,2011,LP,Self-released,L2,V,V6 2000s–2010s alt-country,V7,Country folk,The South,"Nashville, TN",,fiddle; fingerpicked acoustic; drawl; storytelling; heartbreak,Ghost Bird; When You're Gone,Recommended,,,Documented,High
A1231,Eilen Jewell,Queen of the Minor Key,2011,LP,Signature Sounds,L2,V,V6 2000s–2010s alt-country,,Country folk,The West,"Boise, ID",,pedal steel; slide guitar; hushed; cosmic; drawl,Rain Roll In; Nothing Left to Lose,Essential,,,Inferred,High
A1232,Ha Ha Tonka,Death of a Decade,2011,LP,Bloodshot Records,L2,V,V6 2000s–2010s alt-country,,Southern rock,Chicago and the Midwest,"Springfield, MO",,harmonized guitars; close harmonies; storytelling; anthemic; political,Usual Suspects; Lessons,Deep cut,,,Documented,High
A1233,Hayes Carll,KMAG YOYO,2011,LP,Lost Highway Records,L2,V,V6 2000s–2010s alt-country,X2,Country folk,Texas and Oklahoma,"The Woodlands, TX",,fingerpicked acoustic; harmonized guitars; funny-sad; storytelling; political,KMAG YOYO; Chances Are,Recommended,,,Documented,High
A1234,Jessica Lea Mayfield,Tell Me,2011,LP,Polymer Sounds/Nonesuch Records,L2,V,V6 2000s–2010s alt-country,V12,Country folk,Chicago and the Midwest,"Kent, OH",,Telecaster twang; pedal steel; hushed; drawl; heartbreak,Do I Have the Time; Trouble,Deep cut,,,Documented,High
A1235,Jonny Fritz,Down on the Bikini Line,2011,LP,Nasty Memories Records,L2,V,V6 2000s–2010s alt-country,C2,Country folk,The South,"Nashville, TN",,fingerpicked acoustic; drawl; funny-sad; deadpan; storytelling,Rockin' Chair; Trucker's Son,Recommended,,,Both,High
A1236,Lydia Loveless,Indestructible Machine,2011,LP,Bloodshot Records,L2,V,V6 2000s–2010s alt-country,,Cowpunk,Chicago and the Midwest,"Columbus, OH",Columbus,Telecaster twang; drawl; rowdy; drinking songs; heartbreak; shouted,Steve Earle; Bad Way to Go,Essential,,,Documented,High
A1237,Richmond Fontaine,The High Country,2011,LP,Decor Records,L2,V,V6 2000s–2010s alt-country,,Alt-country,The West,"Portland, OR",Portland,pedal steel; storytelling; Southern gothic; bleak; spiritual or gospel,The High Country; Lost in This World,Recommended,,,Documented,High
A1238,Ryan Adams,Ashes & Fire,2011,LP,Pax-Am/Capitol Records,L2,V,V6 2000s–2010s alt-country,,Country folk,The South,"Nashville, TN",,fingerpicked acoustic; piano; hushed; heartbreak; breezy,Come Home; Lucky Now,Recommended,,,Documented,High
A1239,Andrew Combs,Worried Man,2012,LP,Coin Records,L2,V,V6 2000s–2010s alt-country,,Country folk,The South,"Nashville, TN",,fingerpicked acoustic; pedal steel; drawl; heartbreak; hushed,Worried Man; Hourglass,Recommended,,,Inferred,High
A1240,Corb Lund,Cabin Fever,2012,LP,New West Records,L2,V,V6 2000s–2010s alt-country,,Country folk,"The UK, Ireland and Canada","Taber, Alberta",,fiddle; pedal steel; drawl; storytelling; funny-sad,Gettin' Down on the Mountain; September,Recommended,,,Documented,High
A1241,Cory Chisel,Old Believers,2012,LP,Readymade Records,L2,V,V6 2000s–2010s alt-country,,Country folk,Chicago and the Midwest,"Appleton, WI",,strings; piano; spiritual or gospel; hushed; storytelling,Times Won't Change Me; Roman Candles,Recommended,,,Documented,High
A1242,Hurray for the Riff Raff,Look Out Mama,2012,LP,Loose Music,L2,V,V6 2000s–2010s alt-country,,Country folk,The South,"New Orleans, LA",New Orleans,fiddle; fingerpicked acoustic; drawl; storytelling; small-town,Look Out Mama; Blue Ridge Mountain,Recommended,,,Documented,High
A1243,Joe Pug,The Great Despiser,2012,LP,Lightning Rod Records,L2,V,V6 2000s–2010s alt-country,,Country folk,Chicago and the Midwest,"Chicago, IL",,fingerpicked acoustic; harmonica; drawl; storytelling; bleak,Hymn #35; Bury Me Far (From My Uniform),Deep cut,,,Documented,High
A1244,Kathleen Edwards,Voyageur,2012,LP,MapleMusic Recordings,L2,V,V6 2000s–2010s alt-country,,Indie folk,"The UK, Ireland and Canada","Ottawa, ON",,synths; strings; hushed; heartbreak; breezy,Empty Threat; Change the Sheets,Recommended,,,Documented,High
A1245,Amanda Shires,Down Fell the Doves,2013,LP,Lightning Rod Records,L2,V,V6 2000s–2010s alt-country,V7,Country folk,The South,"Nashville, TN",,fiddle; fingerpicked acoustic; hushed; storytelling; bleak,Devastate; The Garden (Song for Iris),Recommended,,,Both,High
A1246,Caitlin Rose,The Stand-In,2013,LP,ATO Records,L2,V,V6 2000s–2010s alt-country,,Country folk,The South,"Nashville, TN",,pedal steel; strings; drawl; heartbreak; breezy,Silver Sings; Only a Clown,Recommended,,,Inferred,High
A1247,Daniel Romano,Come Cry with Me,2013,LP,Normaltown Records,L2,V,V6 2000s–2010s alt-country,,Honky-tonk,"The UK, Ireland and Canada","Welland, ON",,pedal steel; fiddle; drawl; heartbreak; drinking songs,Old Fires (Rowdy Blues); Learning to Be Alone,Recommended,,,Documented,High
A1248,Jonny Fritz,Dad Country,2013,LP,Loose Music,L2,V,V6 2000s–2010s alt-country,C2,Country folk,The South,"Nashville, TN",,pedal steel; fiddle; drawl; funny-sad; deadpan,Dad Country; Fever Dream,Recommended,,,Inferred,High
A1249,Neko Case,"The Worse Things Get, the Harder I Fight, the Harder I Fight, the More I Love You",2013,LP,Anti-,L2,V,V6 2000s–2010s alt-country,,Alt-country,Chicago and the Midwest,"Tacoma, WA",,strings; horns; baritone; bleak; storytelling; political,Man; Night Still Comes,Recommended,,Y,Documented,High
A1250,Robbie Fulks,Gone Away Backward,2013,LP,Bloodshot Records,L2,V,V6 2000s–2010s alt-country,,Bluegrass,Chicago and the Midwest,"Chicago, IL",,banjo; fiddle; fingerpicked acoustic; bleak; storytelling; spiritual or gospel,Gone Away Backward; Where I Fell,Recommended,,,Documented,High
A1251,The Delines,Colfax,2014,LP,Decor Records,L1,V,V6 2000s–2010s alt-country,,Country folk,The West,"Portland, OR",Portland,pedal steel; horns; hushed; storytelling; small-town; heartbreak,Colfax Avenue; Wichita Ain't So Far Away,Essential,,,Documented,High
A1252,Hurray for the Riff Raff,Small Town Heroes,2014,LP,ATO Records,L1,V,V6 2000s–2010s alt-country,,Country folk,The South,"New Orleans, LA",New Orleans,fiddle; fingerpicked acoustic; drawl; storytelling; political; small-town,The Body Electric; Blue Ridge Mountain,Essential,,,Both,High
A1253,Justin Townes Earle,Single Mothers,2014,LP,Vagrant Records,L1,V,V6 2000s–2010s alt-country,,Country folk,The South,"Nashville, TN",,fingerpicked acoustic; drawl; heartbreak; storytelling; bleak,Worried 'Bout the Weather; White Gardenias,Recommended,,,Documented,High
A1254,Kelsey Waldon,The Goldmine,2014,LP,Self-released,L1,V,V6 2000s–2010s alt-country,V7,Honky-tonk,Chicago and the Midwest,"Monkey's Eyebrow, KY",,pedal steel; fiddle; drawl; storytelling; small-town,Dirty Old Town; Lived and Let Go,Recommended,,,Documented,High
A1255,Lydia Loveless,Somewhere Else,2014,LP,Bloodshot Records,L1,V,V6 2000s–2010s alt-country,,Alt-country,Chicago and the Midwest,"Columbus, OH",Columbus,Telecaster twang; drawl; heartbreak; rowdy; funny-sad,To Love Somebody; Really Wanna See You,Essential,,,Both,High
A1256,Old 97's,Most Messed Up,2014,LP,ATO Records,L1,V,V6 2000s–2010s alt-country,,Alt-country,Texas and Oklahoma,"Dallas, TX",,Telecaster twang; drinking songs; rowdy; funny-sad; road songs,Longer Than You've Been Alive; Most Messed Up,Recommended,,,Documented,High
A1257,Scott H. Biram,Nothin' But Blood,2014,LP,Bloodshot Records,L1,V,V6 2000s–2010s alt-country,,Punk,Texas and Oklahoma,"Austin, TX",,slide guitar; harmonica; shouted; spiritual or gospel; drinking songs,Righteous Ways; Just Bad Luck,Deep cut,,,Documented,High
A1258,Andrew Combs,All These Dreams,2015,LP,Coin Records,L1,V,V6 2000s–2010s alt-country,,Country folk,The South,"Nashville, TN",,strings; pedal steel; drawl; heartbreak; breezy,Nothing to Lose; Rose Colored Blues,Recommended,,,Both,High
A1259,The Bottle Rockets,South Broadway Athletic Club,2015,LP,Bloodshot Records,L1,V,V6 2000s–2010s alt-country,,Southern rock,Chicago and the Midwest,"Festus, MO",,Telecaster twang; harmonized guitars; storytelling; small-town; funny-sad,Monday (Everytime I Turn Around); Building Chryslers,Recommended,,,Documented,High
A1260,Daniel Romano,If I've Only One Time Askin',2015,LP,New West Records,L1,V,V6 2000s–2010s alt-country,,Honky-tonk,"The UK, Ireland and Canada","Welland, ON",,pedal steel; fiddle; close harmonies; heartbreak; drinking songs,Sorrow (For Leon); Ugly Hearer,Recommended,,,Documented,High
A1261,The Deslondes,The Deslondes,2015,LP,New West Records,L1,V,V6 2000s–2010s alt-country,C3,Country folk,The South,"New Orleans, LA",New Orleans,pedal steel; fiddle; harmonized guitars; drawl; storytelling,Muddy Water; Less Honkin' More Tonkin',Recommended,,,Documented,High
A1262,Sarah Shook & the Disarmers,Sidelong,2015,LP,Self-released,L1,V,V6 2000s–2010s alt-country,C3,Cowpunk,The Carolinas,"Chapel Hill, NC",Durham and Chapel Hill,drawl; storytelling; drinking songs; small-town; heartbreak,The Nail; Fuck Up,Recommended,,,Both,High
A1263,Whitney Rose,Heartbreaker of the Year,2015,LP,Cameron House Records,L1,V,V6 2000s–2010s alt-country,,Honky-tonk,Texas and Oklahoma,"Austin, TX",,pedal steel; fiddle; drawl; heartbreak; drinking songs,Heartbreaker of the Year; Ain't Talkin' 'Bout You,Recommended,,,Inferred,High
A1264,Amanda Shires,My Piece of Land,2016,LP,BMG,L1,V,V6 2000s–2010s alt-country,V7,Country folk,The South,"Nashville, TN",,fiddle; fingerpicked acoustic; storytelling; spiritual or gospel; heartbreak,Slippin'; Nursery Rhyme,Recommended,,,Documented,High
A1265,Daniel Romano,Mosey,2016,LP,New West Records,L1,V,V6 2000s–2010s alt-country,,Country rock,"The UK, Ireland and Canada","Welland, ON",,pedal steel; strings; cosmic; drawl; anthemic,Valerie Leon; Hard on Everyone,Recommended,,,Inferred,High
A1266,Elizabeth Cook,Exodus of Venus,2016,LP,Agent Love Records,L1,V,V6 2000s–2010s alt-country,,Alt-country,The South,"Nashville, TN",,Telecaster twang; cracked or yelping; bleak; storytelling; drawl,Exodus of Venus; Slow Pain,Recommended,,,Documented,High
A1267,Hayes Carll,Lovers and Leavers,2016,LP,Highway 87 Records,L1,V,V6 2000s–2010s alt-country,X2,Country folk,Texas and Oklahoma,"The Woodlands, TX",,fingerpicked acoustic; pedal steel; hushed; heartbreak; storytelling,Sake of the Song; The Magic Kid,Recommended,,,Documented,High
A1268,Kelsey Waldon,I've Got a Way,2016,LP,Monkey's Eyebrow Records,L1,V,V6 2000s–2010s alt-country,V7,Honky-tonk,Chicago and the Midwest,"Monkey's Eyebrow, KY",,pedal steel; fiddle; drawl; storytelling; small-town,Anyhow; High in Heels,Recommended,,,Documented,High
A1269,Lydia Loveless,Real,2016,LP,Bloodshot Records,L1,V,V6 2000s–2010s alt-country,,Alt-country,Chicago and the Midwest,"Columbus, OH",Columbus,synths; drawl; heartbreak; anthemic; funny-sad,Longer; Heaven,Recommended,,,Both,High
A1270,Robbie Fulks,Upland Stories,2016,LP,Bloodshot Records,L1,V,V6 2000s–2010s alt-country,,Country folk,Chicago and the Midwest,"Chicago, IL",,fingerpicked acoustic; fiddle; storytelling; spiritual or gospel; bleak,Alabama at Night; Never Come Home,Essential,,,Documented,High
A1271,Andrew Combs,Canyons of My Mind,2017,LP,Loose Music,L1,V,V6 2000s–2010s alt-country,,Country folk,The South,"Nashville, TN",,synths; pedal steel; drawl; heartbreak; hushed,Dirty Rain; Blood Hunters,Deep cut,,,Documented,High
A1272,Daniel Romano,Modern Pressure,2017,LP,New West Records,L1,V,V6 2000s–2010s alt-country,,Country rock,"The UK, Ireland and Canada","Welland, ON",,pedal steel; strings; cosmic; anthemic; drawl,Modern Pressure; Chords of An Innocent Man,Deep cut,,,Inferred,High
A1273,The Deslondes,Hurry Home,2017,LP,New West Records,L1,V,V6 2000s–2010s alt-country,C3,Country folk,The South,"New Orleans, LA",New Orleans,pedal steel; fiddle; harmonized guitars; drawl; road songs,Hurry Home; Real Deal,Deep cut,,,Documented,High
A1274,Hurray for the Riff Raff,The Navigator,2017,LP,ATO Records,L1,V,V6 2000s–2010s alt-country,,Country folk,The South,"New Orleans, LA",New Orleans,horns; strings; storytelling; political; Southern gothic; anthemic,Living in the City; Rican Beach,Essential,,,Documented,High
A1275,Justin Townes Earle,Kids in the Street,2017,LP,New West Records,L1,V,V6 2000s–2010s alt-country,,Country folk,The South,"Nashville, TN",,fingerpicked acoustic; harmonica; storytelling; small-town; drawl,Kids in the Street; Champagne Corolla,Recommended,,,Documented,High
A1276,The Sadies,Northern Passages,2017,LP,Yep Roc Records,L1,V,V6 2000s–2010s alt-country,,Cosmic country,"The UK, Ireland and Canada","Toronto, ON",,pedal steel; harmonized guitars; cosmic; storytelling; breezy,The Elements Song; There Are No Words,Recommended,,,Documented,High
A1277,Whitney Rose,Rule 62,2017,LP,Six Shooter Records,L1,V,V6 2000s–2010s alt-country,,Honky-tonk,Texas and Oklahoma,"Austin, TX",,pedal steel; fiddle; drawl; heartbreak; breezy,You'd Blush Too; In a Rut,Recommended,,,Inferred,High
A1278,Neko Case,Hell-On,2018,LP,Anti-,L1,V,V6 2000s–2010s alt-country,,Alt-country,Chicago and the Midwest,"Tacoma, WA",,strings; synths; cosmic; political; storytelling; bleak,Bad Luck; Curse of the I-5 Corridor,Recommended,,Y,Documented,High
A1279,Sarah Shook & the Disarmers,Years,2018,LP,Bloodshot Records,L1,V,V6 2000s–2010s alt-country,C3,Cowpunk,The Carolinas,"Chapel Hill, NC",Durham and Chapel Hill,drawl; storytelling; heartbreak; drinking songs; harmonized guitars,Good as Gold,Recommended,,,Both,High
A1280,The Delines,The Imperial,2019,LP,Decor Records,L1,V,V6 2000s–2010s alt-country,,Country folk,The West,"Portland, OR",Portland,pedal steel; horns; hushed; storytelling; small-town; heartbreak,Cheap Wine; He Don't Burn for Me,Recommended,,,Documented,High
A1281,Esther Rose,You Made It This Far,2019,LP,Father/Daughter Records,L1,V,V6 2000s–2010s alt-country,,Country folk,The South,"New Orleans, LA",New Orleans,fiddle; fingerpicked acoustic; drawl; heartbreak; hushed,Coyote Creek; Good Time,Recommended,,,Documented,High
A1282,Justin Townes Earle,The Saint of Lost Causes,2019,LP,New West Records,L1,V,V6 2000s–2010s alt-country,,Country folk,The South,"Nashville, TN",,fingerpicked acoustic; harmonica; political; storytelling; bleak,Ain't Got No Money; Appalachian Nightmare,Essential,,,Both,High
A1283,Kelsey Waldon,White Noise/White Lines,2019,LP,Oh Boy Records,L1,V,V6 2000s–2010s alt-country,V7,Honky-tonk,Chicago and the Midwest,"Monkey's Eyebrow, KY",,pedal steel; fiddle; drawl; storytelling; political,"White Noise, White Lines; Kentucky, 1988",Essential,,,Documented,High
A1284,Elizabeth Cook,Aftermath,2020,LP,Agent Love Records,L1,V,V6 2000s–2010s alt-country,,Alt-country,The South,"Nashville, TN",,Telecaster twang; drawl; bleak; storytelling; heartbreak,Perfect Girls of Pop; Bones,Recommended,,,Documented,High
A1285,Lydia Loveless,Daughter,2020,LP,"Honey, You're Gonna Be Late Records",L1,V,V6 2000s–2010s alt-country,,Alt-country,Chicago and the Midwest,"Columbus, OH",Columbus,synths; drawl; heartbreak; anthemic; drinking songs,Dead Writer; Say My Name,Recommended,,,Documented,High
A1286,Old 97's,Twelfth,2020,LP,ATO Records,L1,V,V6 2000s–2010s alt-country,,Alt-country,Texas and Oklahoma,"Dallas, TX",,Telecaster twang; harmonized guitars; storytelling; heartbreak; breezy,Turns Out I'm Trouble; Diamond Willow,Deep cut,,,Documented,High
A1287,Esther Rose,How Many Times,2021,LP,Father/Daughter Records,L1,V,V6 2000s–2010s alt-country,,Country folk,The South,"New Orleans, LA",New Orleans,fiddle; pedal steel; drawl; heartbreak; hushed,How Many Times; Only Loving You,Recommended,,,Documented,High
A1288,Caitlin Rose,Cazimi,2022,LP,Missing Piece Records,L1,V,V6 2000s–2010s alt-country,,Country folk,The South,"Nashville, TN",,pedal steel; strings; drawl; heartbreak; cosmic,Getting It Right,Deep cut,,,Documented,High
A1289,The Delines,The Sea Drift,2022,LP,Decor Records,L1,V,V6 2000s–2010s alt-country,,Country folk,The West,"Portland, OR",Portland,pedal steel; horns; hushed; storytelling; Southern gothic; bleak,Sea Drift; Kid Codeine,Recommended,,,Documented,High
A1290,The Deslondes,Ways & Means,2022,LP,New West Records,L1,V,V6 2000s–2010s alt-country,C3,Country folk,The South,"New Orleans, LA",New Orleans,pedal steel; fiddle; harmonized guitars; drawl; storytelling,Howl at the Moon,Deep cut,,,Documented,High
A1291,Hurray for the Riff Raff,Life on Earth,2022,LP,Nonesuch Records,L1,V,V6 2000s–2010s alt-country,,Indie folk,The South,"New Orleans, LA",New Orleans,synths; drum machine; storytelling; political; anthemic,Rhododendron; Precious Cargo,Recommended,,,Documented,High
A1292,The Sadies,Colder Streams,2022,LP,Yep Roc Records,L1,V,V6 2000s–2010s alt-country,,Cosmic country,"The UK, Ireland and Canada","Toronto, ON",,pedal steel; harmonized guitars; cosmic; bleak; storytelling,Message to Belial; Riverview Fog,Recommended,,,Documented,High
A1293,Sarah Shook & the Disarmers,Nightroamer,2022,LP,Thirty Tigers,L1,V,V6 2000s–2010s alt-country,C3,Cowpunk,The Carolinas,"Chapel Hill, NC",Durham and Chapel Hill,drawl; storytelling; harmonized guitars; road songs; heartbreak,Nightroamer,Recommended,,,Documented,High
A1294,Esther Rose,Safe to Run,2023,LP,New West Records,L1,V,V6 2000s–2010s alt-country,C3,Alt-country,The South,"New Orleans, LA",New Orleans,pedal steel; synths; drawl; heartbreak; breezy,Safe to Run; Chet Baker,Recommended,,,Documented,High
A1295,Lydia Loveless,Nothing's Gonna Stand in My Way Again,2023,LP,Bloodshot Records,L1,V,V6 2000s–2010s alt-country,,Alt-country,Chicago and the Midwest,"Columbus, OH",Columbus,Telecaster twang; drawl; anthemic; heartbreak; rowdy,Runaway; French Restaurant,Recommended,,,Both,High
A1296,Hurray for the Riff Raff,The Past Is Still Alive,2024,LP,Nonesuch Records,L1,V,V6 2000s–2010s alt-country,,Indie folk,The South,"New Orleans, LA",New Orleans,pedal steel; fingerpicked acoustic; storytelling; road songs; bleak,Alibi; Vetiver,Essential,,,Documented,High
A1297,Sarah Shook & the Disarmers,Revelations,2024,LP,Thirty Tigers,L1,V,V6 2000s–2010s alt-country,C3,Cowpunk,The Carolinas,"Chapel Hill, NC",Durham and Chapel Hill,drawl; storytelling; heartbreak; harmonized guitars; funny-sad,Revelations,Recommended,,,Documented,High
A1298,The Delines,Mr. Luck & Ms. Doom,2025,LP,Decor Records,L1,V,V6 2000s–2010s alt-country,,Country folk,The West,"Portland, OR",Portland,pedal steel; horns; hushed; storytelling; heartbreak; small-town,Mr. Luck,Deep cut,,,Documented,High
A1299,Esther Rose,Want,2025,LP,New West Records,L1,V,V6 2000s–2010s alt-country,C3,Alt-country,The South,"New Orleans, LA",New Orleans,pedal steel; drawl; heartbreak; storytelling; breezy,Want,Recommended,,,Documented,High
A1300,Neko Case,Neon Grey Midnight Green,2025,LP,Anti-,L1,V,V6 2000s–2010s alt-country,,Alt-country,Chicago and the Midwest,"Tacoma, WA",,strings; baritone; storytelling; hushed; cosmic; bleak,Wreck,Recommended,,Y,Documented,High
A1301,Nikki Lane,Walk of Shame,2011,LP,IAMSOUND Records,L2,V,V7 Neo-traditional and 'new outlaw' country,,Honky-tonk,The South,"Nashville, TN",,Telecaster twang; drawl; drinking songs; rowdy; storytelling,Walk of Shame; Sleep With a Stranger,Recommended,,,Inferred,High
A1302,Sturgill Simpson,High Top Mountain,2013,LP,High Top Mountain Records,L2,V,V7 Neo-traditional and 'new outlaw' country,,Outlaw,The South,"Nashville, TN",,Telecaster twang; pedal steel; drawl; storytelling; small-town,Life of Sin; You Can Have the Crown; Water in a Well,Essential,,,Documented,High
A1303,Nikki Lane,All or Nothin',2014,LP,New West Records,L1,V,V7 Neo-traditional and 'new outlaw' country,,Honky-tonk,The South,"Nashville, TN",,pedal steel; Telecaster twang; drawl; rowdy; heartbreak,Right Time; Man Up,Essential,,,Inferred,High
A1304,Sturgill Simpson,Metamodern Sounds in Country Music,2014,LP,High Top Mountain Records,L1,V,V7 Neo-traditional and 'new outlaw' country,,Cosmic country,The South,"Nashville, TN",,pedal steel; drawl; cosmic; fingerpicked acoustic; spiritual or gospel,Turtles All the Way Down; Living the Dream; It Ain't All Flowers,Essential,Y,,Both,High
A1305,Charley Crockett,A Stolen Jewel,2015,LP,Son of Davy,L1,V,V7 Neo-traditional and 'new outlaw' country,X2,Country folk,Texas and Oklahoma,"San Benito, TX",,fingerpicked acoustic; drawl; storytelling; harmonica; road songs,Trinity River; Borrowed Time,Deep cut,,,Documented,High
A1306,Cody Jinks,Adobe Sessions,2015,LP,Cody Jinks Music,L1,V,V7 Neo-traditional and 'new outlaw' country,X2,Outlaw,Texas and Oklahoma,"Fort Worth, TX",,baritone; drawl; storytelling; drinking songs; small-town,Vein; Grey,Recommended,,,Inferred,High
A1307,Colter Wall,Imaginary Appalachia,2015,EP,Young Mary's Record Co.,L1,V,V7 Neo-traditional and 'new outlaw' country,,Country folk,"The UK, Ireland and Canada","Swift Current, Saskatchewan",,baritone; fingerpicked acoustic; storytelling; drawl; small-town,Sleeping on the Blacktop; Bald Butte,Recommended,,,Inferred,High
A1308,Sam Outlaw,Angeleno,2015,LP,Six Shooter Records,L1,V,V7 Neo-traditional and 'new outlaw' country,,Country rock,The West,"Los Angeles, CA",,pedal steel; strings; drawl; road songs; hushed,Who Do You Think You Are; Angeleno,Recommended,,,Inferred,High
A1309,Whitey Morgan and the 78's,Sonic Ranch,2015,LP,Whitey Morgan Music,L1,V,V7 Neo-traditional and 'new outlaw' country,,Honky-tonk,Chicago and the Midwest,"Flint, MI",,pedal steel; Telecaster twang; drawl; drinking songs; rowdy,Buick City; Ain't Gonna Take It No More,Recommended,,,Inferred,High
A1310,Brent Cobb,Shine on Rainy Day,2016,LP,Low Country Sound / Elektra,L1,V,V7 Neo-traditional and 'new outlaw' country,X1,Southern rock,The South,"Ellaville, GA",,pedal steel; harmonica; drawl; small-town; spiritual or gospel,Shine On Rainy Day; Solving Problems,Recommended,,,Inferred,High
A1311,Cody Jinks,I'm Not the Devil,2016,LP,Cody Jinks Music,L1,V,V7 Neo-traditional and 'new outlaw' country,X2,Outlaw,Texas and Oklahoma,"Fort Worth, TX",,baritone; drawl; storytelling; drinking songs; anthemic,I'm Not the Devil; Somewhere Between I Love You and I'm Leaving,Essential,,,Both,High
A1312,Margo Price,Midwest Farmer's Daughter,2016,LP,Third Man Records,L1,V,V7 Neo-traditional and 'new outlaw' country,,Honky-tonk,The South,"Nashville, TN",,pedal steel; fiddle; drawl; heartbreak; storytelling,Hands of Time; About to Find Out; Since You Put Me Down,Essential,,,Documented,High
A1313,Paul Cauthen,My Gospel,2016,LP,Lightning Rod Records,L1,V,V7 Neo-traditional and 'new outlaw' country,,Outlaw,Texas and Oklahoma,"Tyler, TX",,baritone; strings; spiritual or gospel; drawl; anthemic,My Gospel; Still Drivin',Recommended,,,Documented,High
A1314,Sturgill Simpson,A Sailor's Guide to Earth,2016,LP,Atlantic Records,L1,V,V7 Neo-traditional and 'new outlaw' country,,Country rock,The South,"Nashville, TN",,horns; strings; storytelling; baritone; anthemic,Brace for Impact (Live a Little); In Bloom; Call to Arms,Essential,,,Inferred,High
A1315,Charley Crockett,Lil' G.L.'s Honky Tonk Jubilee,2017,LP,Thirty Tigers,L1,V,V7 Neo-traditional and 'new outlaw' country,X2,Honky-tonk,Texas and Oklahoma,"San Benito, TX",,pedal steel; fiddle; drawl; Telecaster twang; drinking songs,Ain't Got a Dime; I Wanna Cry,Recommended,,,Inferred,High
A1316,Colter Wall,Colter Wall,2017,LP,Young Mary's Record Co.,L1,V,V7 Neo-traditional and 'new outlaw' country,,Country folk,"The UK, Ireland and Canada","Swift Current, Saskatchewan",,baritone; fingerpicked acoustic; storytelling; drawl; harmonica,Kate McCannon; Thirteen Silver Dollars; Codeine Dream,Essential,,,Documented,High
A1317,Jaime Wyatt,Felony Blues,2017,LP,Forty Below Records,L1,V,V7 Neo-traditional and 'new outlaw' country,,Outlaw,The West,"Los Angeles, CA",,pedal steel; Telecaster twang; drawl; storytelling; road songs,Stone Hotel; Wishing Well,Recommended,,,Inferred,High
A1318,Margo Price,All American Made,2017,LP,Third Man Records,L1,V,V7 Neo-traditional and 'new outlaw' country,,Country rock,The South,"Nashville, TN",,pedal steel; horns; political; duets; storytelling,Pay Gap; All American Made; Learning to Lose,Essential,,,Inferred,High
A1319,Nikki Lane,Highway Queen,2017,LP,New West Records,L1,V,V7 Neo-traditional and 'new outlaw' country,,Cosmic country,The South,"Nashville, TN",,pedal steel; drawl; road songs; cosmic; rowdy,Highway Queen; Jackpot,Recommended,,,Inferred,High
A1320,Sam Outlaw,Tenderheart,2017,LP,Six Shooter Records,L1,V,V7 Neo-traditional and 'new outlaw' country,,Country rock,The West,"Los Angeles, CA",,pedal steel; strings; drawl; heartbreak; hushed,"Everyone's Looking for Home; Bougainvillea, I Think",Deep cut,,,Documented,High
A1321,Tyler Childers,Purgatory,2017,LP,Hickman Holler Records / Thirty Tigers,L1,V,V7 Neo-traditional and 'new outlaw' country,,Country folk,The South,"Lawrence County, KY",,fingerpicked acoustic; drawl; storytelling; small-town; drinking songs,Feathered Indians; Whitehouse Road; Lady May,Essential,Y,,Both,High
A1322,Zephaniah OHora,This Highway,2017,LP,Last Roundup Records,L1,V,V7 Neo-traditional and 'new outlaw' country,,Classic country,The Northeast,"Brooklyn, NY",,pedal steel; baritone; close harmonies; drawl; heartbreak,Way Down in My Soul; Something's Not Right,Recommended,,,Documented,Medium
A1323,Brent Cobb,Providence Canyon,2018,LP,Low Country Sound / Elektra,L1,V,V7 Neo-traditional and 'new outlaw' country,X1,Southern rock,The South,"Ellaville, GA",,pedal steel; harmonica; drawl; small-town; storytelling,Providence Canyon; Ford Bronco,Recommended,,,Documented,High
A1324,Charley Crockett,Lonesome as a Shadow,2018,LP,Son of Davy,L1,V,V7 Neo-traditional and 'new outlaw' country,X2,Honky-tonk,Texas and Oklahoma,"San Benito, TX",,pedal steel; horns; drawl; heartbreak; storytelling,Lonesome as a Shadow; Ain't Gotta Worry,Recommended,,,Documented,High
A1325,Cody Jinks,Lifers,2018,LP,Rounder Records,L1,V,V7 Neo-traditional and 'new outlaw' country,X2,Outlaw,Texas and Oklahoma,"Fort Worth, TX",,baritone; drawl; anthemic; storytelling; drinking songs,Hippies and Cowboys; Must Be the Whiskey,Recommended,,,Documented,High
A1326,Colter Wall,Songs of the Plains,2018,LP,Young Mary's Record Co.,L1,V,V7 Neo-traditional and 'new outlaw' country,,Classic country,"The UK, Ireland and Canada","Swift Current, Saskatchewan",,harmonica; baritone; storytelling; small-town; drawl,Plain to See Plainsman; Wild Dogs; Rocky Mountain Rangers,Essential,,,Both,High
A1327,Joshua Hedley,Mr. Jukebox,2018,LP,Third Man Records,L1,V,V7 Neo-traditional and 'new outlaw' country,,Classic country,The South,"Nashville, TN",,pedal steel; strings; baritone; drawl; heartbreak,Mr. Jukebox; Weekend Lover,Recommended,,,Inferred,High
A1328,Whitey Morgan and the 78's,Hard Times and White Lines,2018,LP,Whitey Morgan Music,L1,V,V7 Neo-traditional and 'new outlaw' country,,Honky-tonk,Chicago and the Midwest,"Flint, MI",,pedal steel; drawl; drinking songs; rowdy; storytelling,Hard Times; Trucker's Boogie,Deep cut,,,Documented,High
A1329,Willi Carlisle,To Tell You the Truth,2018,LP,Self-released,L1,V,V7 Neo-traditional and 'new outlaw' country,C5,Country folk,The South,"Fayetteville, AR",,fingerpicked acoustic; harmonica; storytelling; funny-sad; spiritual or gospel,Vanlife; To Tell You the Truth,Deep cut,,,Inferred,High
A1330,Charles Wesley Godwin,Seneca,2019,LP,Self-released,L1,V,V7 Neo-traditional and 'new outlaw' country,X2,Southern rock,The South,"Morgantown, WV",,pedal steel; harmonica; drawl; storytelling; small-town,Coal Country; Seneca Creek,Recommended,,,Inferred,High
A1331,Charley Crockett,The Valley,2019,LP,Son of Davy,L1,V,V7 Neo-traditional and 'new outlaw' country,X2,Honky-tonk,Texas and Oklahoma,"San Benito, TX",,pedal steel; drawl; storytelling; small-town; heartbreak,The Valley; Jamestown Ferry,Recommended,,,Documented,High
A1332,Ian Noe,Between the Country,2019,LP,National Treasury Recordings,L1,V,V7 Neo-traditional and 'new outlaw' country,,Country folk,The South,"Beattyville, KY",,fingerpicked acoustic; harmonica; drawl; Southern gothic; small-town,Meth Head; Irene (Ravin' Bomb); Junk Town,Essential,,,Inferred,High
A1333,Joshua Ray Walker,Wish You Were Here,2019,LP,State Fair Records,L1,V,V7 Neo-traditional and 'new outlaw' country,,Honky-tonk,Texas and Oklahoma,"Dallas, TX",,pedal steel; fiddle; cracked or yelping; storytelling; small-town,Canyon; Working Girl; Lot Lizard,Essential,,,Inferred,Medium
A1334,Nick Shoulders,"Okay, Crawdad",2019,LP,Self-released,L1,V,V7 Neo-traditional and 'new outlaw' country,C3,Classic country,The South,"Fayetteville, AR",,fingerpicked acoustic; harmonica; baritone; funny-sad; small-town,Snakes and Waterfalls; Bottomland,Recommended,,,Documented,High
A1335,Paul Cauthen,Room 41,2019,LP,Lightning Rod Records,L1,V,V7 Neo-traditional and 'new outlaw' country,,Outlaw,Texas and Oklahoma,"Tyler, TX",,baritone; strings; drawl; drinking songs; anthemic,Cocaine Country Dancing; Everybody Walkin' This Land,Recommended,,,Documented,High
A1336,Sturgill Simpson,Sound & Fury,2019,LP,Elektra Records,L1,V,V7 Neo-traditional and 'new outlaw' country,,Southern rock,The South,"Nashville, TN",,Crazy Horse fuzz; synths; long solos; feedback; anthemic,Sing Along; Best Clockmaker on Mars; Mercury in Retrograde,Recommended,,,Inferred,High
A1337,Tyler Childers,Country Squire,2019,LP,Hickman Holler Records / RCA,L1,V,V7 Neo-traditional and 'new outlaw' country,,Country rock,The South,"Lawrence County, KY",,fiddle; pedal steel; storytelling; road songs; drawl,House Fire; All Your'n; Creeker,Essential,,,Documented,High
A1338,Vincent Neil Emerson,Fried Chicken and Evil Women,2019,LP,La Honda Records / Thirty Tigers,L1,V,V7 Neo-traditional and 'new outlaw' country,,Country folk,Texas and Oklahoma,"Van Zandt County, TX",,fingerpicked acoustic; drawl; storytelling; small-town; heartbreak,7 Come 11; Learnin' to Drown,Recommended,,,Inferred,High
A1339,Arlo McKinley,Die Midwestern,2020,LP,Oh Boy Records,L1,V,V7 Neo-traditional and 'new outlaw' country,V3,Country folk,Chicago and the Midwest,"Cincinnati, OH",,pedal steel; drawl; heartbreak; small-town; bleak,Die Midwestern; Bag of Pills,Essential,,,Both,High
A1340,Brennen Leigh,Prairie Love Letter,2020,LP,Self-released,L1,V,V7 Neo-traditional and 'new outlaw' country,X4,Country folk,Chicago and the Midwest,"Nashville, TN",,fiddle; mandolin; fingerpicked acoustic; storytelling; small-town,"Elizabeth, Minnesota; The John Deere H",Recommended,,,Documented,Medium
A1341,Charley Crockett,Welcome to Hard Times,2020,LP,Son of Davy,L1,V,V7 Neo-traditional and 'new outlaw' country,X2,Honky-tonk,Texas and Oklahoma,"San Benito, TX",,pedal steel; strings; drawl; storytelling; cosmic,Welcome to Hard Times; Run Horse Run,Essential,,,Documented,High
A1342,Colter Wall,Western Swing & Waltzes and Other Punchy Songs,2020,LP,La Honda Records / Thirty Tigers,L1,V,V7 Neo-traditional and 'new outlaw' country,,Classic country,"The UK, Ireland and Canada","Swift Current, Saskatchewan",,fiddle; pedal steel; storytelling; small-town; road songs,Wild Bill Hickock; Big Iron; Manitoba Man,Recommended,,,Inferred,High
A1343,Jaime Wyatt,Neon Cross,2020,LP,New West Records,L1,V,V7 Neo-traditional and 'new outlaw' country,,Cosmic country,The West,"Los Angeles, CA",,pedal steel; synths; drawl; road songs; heartbreak,Neon Cross; Just a Woman,Essential,,,Documented,High
A1344,Joshua Ray Walker,Glad You Made It,2020,LP,State Fair Records,L1,V,V7 Neo-traditional and 'new outlaw' country,,Honky-tonk,Texas and Oklahoma,"Dallas, TX",,pedal steel; cracked or yelping; drawl; heartbreak; storytelling,Voices; Sexy After Dark,Recommended,,,Documented,Medium
A1345,Margo Price,That's How Rumors Get Started,2020,LP,Loma Vista Recordings,L1,V,V7 Neo-traditional and 'new outlaw' country,,Country rock,The South,"Nashville, TN",,synths; long solos; anthemic; heartbreak; storytelling,Letting Me Down; Twinkle Twinkle; What Happened to Our Love?,Recommended,,,Documented,High
A1346,Sturgill Simpson,"Cuttin' Grass, Vol. 1 (The Butcher Shoppe Sessions)",2020,LP,High Top Mountain Records / Thirty Tigers,L1,V,V7 Neo-traditional and 'new outlaw' country,X4,Bluegrass,The South,"Nashville, TN",,banjo; mandolin; fiddle; fingerpicked acoustic; storytelling,Life of Sin; Long White Line; Old King Coal,Recommended,,,Both,High
A1347,Sturgill Simpson,"Cuttin' Grass, Vol. 2 (The Cowboy Arms Sessions)",2020,LP,High Top Mountain Records / Thirty Tigers,L1,V,V7 Neo-traditional and 'new outlaw' country,X4,Bluegrass,The South,"Nashville, TN",,banjo; mandolin; fiddle; fingerpicked acoustic; drawl,In Bloom; Hobo Cartoon,Deep cut,,,Documented,High
A1348,Tyler Childers,Long Violent History,2020,LP,Hickman Holler Records / RCA,L1,V,V7 Neo-traditional and 'new outlaw' country,,Country folk,The South,"Lawrence County, KY",,fiddle; fingerpicked acoustic; political; spiritual or gospel; storytelling,Long Violent History; Send in the Clowns,Recommended,,,Documented,High
A1349,Zephaniah OHora,Listening to the Music,2020,LP,Last Roundup Records,L1,V,V7 Neo-traditional and 'new outlaw' country,,Classic country,The Northeast,"Brooklyn, NY",,pedal steel; baritone; close harmonies; drawl; hushed,Heaven's on the Way; Black & Blue,Recommended,,,Documented,Medium
A1350,Charles Wesley Godwin,How the Mighty Fall,2021,LP,Self-released,L1,V,V7 Neo-traditional and 'new outlaw' country,X2,Southern rock,The South,"Morgantown, WV",,pedal steel; harmonica; storytelling; heartbreak; anthemic,Miner Imperfections; How the Mighty Fall,Recommended,,,Inferred,High
A1351,Joshua Ray Walker,See You Next Time,2021,LP,State Fair Records,L1,V,V7 Neo-traditional and 'new outlaw' country,,Honky-tonk,Texas and Oklahoma,"Dallas, TX",,pedal steel; cracked or yelping; storytelling; small-town; heartbreak,Witch; Play You a Song,Recommended,,,Documented,Medium
A1352,Nick Shoulders,Home on the Rage,2021,LP,Gar Hole Records,L1,V,V7 Neo-traditional and 'new outlaw' country,C3,Classic country,The South,"Fayetteville, AR",,harmonica; baritone; funny-sad; political; small-town,Won't Fence Us In; Removendo,Recommended,,,Documented,High
A1353,Riddy Arman,Riddy Arman,2021,LP,La Honda Records,L1,V,V7 Neo-traditional and 'new outlaw' country,,Country folk,The West,"Livingston, MT",,fingerpicked acoustic; pedal steel; drawl; small-town; heartbreak,Long Haul; Time Piece,Recommended,,,Inferred,Medium
A1354,Sturgill Simpson,The Ballad of Dood & Juanita,2021,LP,High Top Mountain Records / Thirty Tigers,L1,V,V7 Neo-traditional and 'new outlaw' country,,Classic country,The South,"Nashville, TN",,fiddle; banjo; storytelling; Southern gothic; fingerpicked acoustic,Sam; Juanita; The Ballad of Dood and Juanita,Recommended,,,Documented,High
A1355,Sunny War,Simple Syrup,2021,LP,Hen House Studios,L1,V,V7 Neo-traditional and 'new outlaw' country,V5,Country folk,The South,"Nashville, TN",,fingerpicked acoustic; drawl; bleak; deadpan; hushed,Deployed and Destroyed; Rock and Roll,Recommended,,,Both,Medium
A1356,Vincent Neil Emerson,Vincent Neil Emerson,2021,LP,La Honda Records / Thirty Tigers,L1,V,V7 Neo-traditional and 'new outlaw' country,,Country folk,Texas and Oklahoma,"Van Zandt County, TX",,fingerpicked acoustic; fiddle; storytelling; Southern gothic; drawl,Texas Moon; High on the Mountain; The Ballad of the Choctaw-Apache,Essential,,,Both,High
A1357,Arlo McKinley,This Mess We're In,2022,LP,Oh Boy Records,L1,V,V7 Neo-traditional and 'new outlaw' country,V3,Country folk,Chicago and the Midwest,"Cincinnati, OH",,pedal steel; drawl; heartbreak; bleak; storytelling,This Mess We're In; Whatever Happened,Recommended,,,Both,High
A1358,Brennen Leigh,Obsessed with the West,2022,LP,Signature Sounds Recordings,L1,V,V7 Neo-traditional and 'new outlaw' country,X4,Classic country,Chicago and the Midwest,"Nashville, TN",,fiddle; pedal steel; mandolin; storytelling; road songs,In Texas with a Band; Obsessed with the West,Recommended,,,Documented,High
A1359,Charley Crockett,The Man from Waco,2022,LP,Son of Davy,L1,V,V7 Neo-traditional and 'new outlaw' country,X2,Classic country,Texas and Oklahoma,"San Benito, TX",,pedal steel; strings; storytelling; Southern gothic; drawl,The Man from Waco; Time of the Cottonwood Trees,Essential,,,Inferred,High
A1360,Emily Nenni,On the Ranch,2022,LP,Normaltown Records / New West Records,L1,V,V7 Neo-traditional and 'new outlaw' country,C3,Honky-tonk,The South,"Nashville, TN",,pedal steel; Telecaster twang; drawl; storytelling; road songs,On the Ranch; Runaway Blues,Recommended,,,Inferred,High
A1361,Ian Noe,River Fools & Mountain Saints,2022,LP,Thirty Tigers,L1,V,V7 Neo-traditional and 'new outlaw' country,,Country rock,The South,"Beattyville, KY",,fiddle; drawl; storytelling; Southern gothic; small-town,Pine Grove (Madhouse); River Fool,Recommended,,,Inferred,High
A1362,Joshua Hedley,Neon Blue,2022,LP,New West Records,L1,V,V7 Neo-traditional and 'new outlaw' country,,Classic country,The South,"Nashville, TN",,pedal steel; fiddle; drawl; heartbreak; drinking songs,Broke Again; Neon Blue,Recommended,,,Documented,High
A1363,Kaitlin Butts,What Else Can She Do,2022,LP,Soundly Music,L1,V,V7 Neo-traditional and 'new outlaw' country,X2,Country rock,The South,"Nashville, TN",,pedal steel; drawl; storytelling; heartbreak; anthemic,What Else Can She Do; Come As You Are,Deep cut,,,Inferred,High
A1364,Kelsey Waldon,No Regular Dog,2022,LP,Oh Boy Records,L1,V,V7 Neo-traditional and 'new outlaw' country,,Classic country,The South,"Monkey's Eyebrow, KY",,pedal steel; fiddle; drawl; storytelling; spiritual or gospel,Season's Ending; Simple as Love,Recommended,,,Documented,High
A1365,Melissa Carper,Ramblin' Soul,2022,LP,Thirty Tigers,L1,V,V7 Neo-traditional and 'new outlaw' country,X4,Classic country,The South,"Nashville, TN",,fiddle; fingerpicked acoustic; close harmonies; storytelling; drawl,Ramblin' Soul; I Won't Cry,Recommended,,,Inferred,High
A1366,Nikki Lane,Denim & Diamonds,2022,LP,New West Records,L1,V,V7 Neo-traditional and 'new outlaw' country,,Honky-tonk,The South,"Nashville, TN",,Telecaster twang; drawl; rowdy; drinking songs; heartbreak,First High; Denim & Diamonds,Recommended,,,Documented,High
A1367,Tyler Childers,Can I Take My Hounds to Heaven?,2022,LP,Hickman Holler Records / RCA,L1,V,V7 Neo-traditional and 'new outlaw' country,,Country rock,The South,"Lawrence County, KY",,pedal steel; synths; spiritual or gospel; long songs (7+ minutes); storytelling,In Your Love; Way of the Triune God; Angel Band,Essential,,,Both,High
A1368,Willi Carlisle,"Peculiar, Missouri",2022,LP,Free Dirt Records,L1,V,V7 Neo-traditional and 'new outlaw' country,C3,Country folk,The South,"Fayetteville, AR",,fingerpicked acoustic; harmonica; storytelling; spiritual or gospel; funny-sad,Vanlife; When the Pills Wear Off; I Won't Be Afraid,Essential,,,Inferred,High
A1369,Brent Cobb,Southern Star,2023,LP,Ol' Buddy Records,L1,V,V7 Neo-traditional and 'new outlaw' country,X1,Southern rock,The South,"Ellaville, GA",,pedal steel; harmonica; drawl; spiritual or gospel; hushed,Southern Star; Livin' the Dream,Essential,,,Inferred,High
A1370,Charles Wesley Godwin,Family Ties,2023,LP,Big Loud Rock,L1,V,V7 Neo-traditional and 'new outlaw' country,X2,Southern rock,The South,"Morgantown, WV",,pedal steel; storytelling; anthemic; small-town; heartbreak,Same Way You Found Me; Bill of Rights,Recommended,,,Inferred,High
A1371,Colter Wall,Little Songs,2023,LP,Black Hole Records / La Honda Records / RCA,L1,V,V7 Neo-traditional and 'new outlaw' country,,Classic country,"The UK, Ireland and Canada","Swift Current, Saskatchewan",,fiddle; pedal steel; storytelling; drawl; small-town,Corralling the Blues; Little Songs; Western Swing & Waltzes,Recommended,,,Documented,High
A1372,Jaime Wyatt,Feel Good,2023,LP,New West Records,L1,V,V7 Neo-traditional and 'new outlaw' country,,Country rock,The West,"Los Angeles, CA",,synths; strings; drawl; heartbreak; anthemic,Rattlesnake Girl; World Worth Keeping,Recommended,,,Inferred,High
A1373,Margo Price,Strays,2023,LP,Loma Vista Recordings,L1,V,V7 Neo-traditional and 'new outlaw' country,,Country rock,The South,"Nashville, TN",,synths; long solos; cosmic; drinking songs; storytelling,Been to the Mountain; Change of Heart; County Road,Recommended,,,Documented,High
A1374,Nick Shoulders,All Bad,2023,LP,Gar Hole Records,L1,V,V7 Neo-traditional and 'new outlaw' country,C3,Classic country,The South,"Fayetteville, AR",,harmonica; baritone; funny-sad; storytelling; political,Won't Fence Us In; Cluck Ol' Hen,Recommended,,,Documented,High
A1375,Summer Dean,The Biggest Life,2023,LP,Blue Corn Music,L1,V,V7 Neo-traditional and 'new outlaw' country,,Honky-tonk,Texas and Oklahoma,"Fort Worth, TX",,pedal steel; Telecaster twang; drawl; storytelling; heartbreak,The Biggest Life; Big Wheel,Recommended,,,Inferred,Medium
A1376,Tyler Childers,Rustin' in the Rain,2023,LP,Hickman Holler Records / RCA,L1,V,V7 Neo-traditional and 'new outlaw' country,,Country folk,The South,"Lawrence County, KY",,pedal steel; drawl; duets; heartbreak; storytelling,In Your Love; Percheron Mules; Rustin' in the Rain,Recommended,,,Documented,High
A1377,Vincent Neil Emerson,The Golden Crystal Kingdom,2023,LP,La Honda Records / RCA,L1,V,V7 Neo-traditional and 'new outlaw' country,,Country rock,Texas and Oklahoma,"Van Zandt County, TX",,pedal steel; fiddle; storytelling; cosmic; anthemic,The Golden Crystal Kingdom; Little Wolf,Recommended,,,Documented,High
A1378,Charley Crockett,$10 Cowboy,2024,LP,Son of Davy,L1,V,V7 Neo-traditional and 'new outlaw' country,X2,Classic country,Texas and Oklahoma,"San Benito, TX",,pedal steel; fiddle; storytelling; drinking songs; road songs,$10 Cowboy; Solitary Road,Recommended,,,Documented,High
A1379,Emily Nenni,Drive & Cry,2024,LP,New West Records,L1,V,V7 Neo-traditional and 'new outlaw' country,C3,Honky-tonk,The South,"Nashville, TN",,pedal steel; Telecaster twang; heartbreak; road songs; drawl,Drive & Cry; Get to Know Ya,Recommended,,,Documented,High
A1380,Johnny Blue Skies,Passage du Desir,2024,LP,High Top Mountain Records,L1,V,V7 Neo-traditional and 'new outlaw' country,,Country rock,The South,"Nashville, TN",,pedal steel; synths; long songs (7+ minutes); cosmic; baritone,Swangin'; If the Sun Never Rises Again; One for the Road,Recommended,,,Documented,High
A1381,Kaitlin Butts,Roadrunner!,2024,LP,Soundly Music,L1,V,V7 Neo-traditional and 'new outlaw' country,X2,Country rock,The South,"Nashville, TN",,pedal steel; storytelling; anthemic; duets; Southern gothic,Roadrunner; Blood; Love Don't Belong,Recommended,,,Inferred,High
A1382,Willi Carlisle,Critterland,2024,LP,Signature Sounds Recordings,L1,V,V7 Neo-traditional and 'new outlaw' country,C3,Country folk,The South,"Fayetteville, AR",,fingerpicked acoustic; fiddle; storytelling; spiritual or gospel; funny-sad,The Money Grows on Trees; Higher Lonesome,Essential,,,Documented,High
A1383,Zach Top,Cold Beer & Country Music,2024,LP,Leo33,L1,V,V7 Neo-traditional and 'new outlaw' country,,Classic country,The West,"Sunnyside, WA",,pedal steel; fiddle; drawl; drinking songs; anthemic,Sounds Like the Radio; I Never Lie,Essential,,,Inferred,High
A1384,Charley Crockett,Lonesome Drifter,2025,LP,Island Records,L1,V,V7 Neo-traditional and 'new outlaw' country,X2,Classic country,Texas and Oklahoma,"San Benito, TX",,pedal steel; drawl; storytelling; road songs; heartbreak,Lonesome Drifter,Recommended,,,Documented,High
A1385,Margo Price,Hard Headed Woman,2025,LP,Loma Vista Recordings,L1,V,V7 Neo-traditional and 'new outlaw' country,,Country rock,The South,"Nashville, TN",,pedal steel; drawl; storytelling; heartbreak; anthemic,Hard Headed Woman,Recommended,,,Documented,High
A1386,Tyler Childers,Snipe Hunter,2025,LP,Hickman Holler Records / RCA,L1,V,V7 Neo-traditional and 'new outlaw' country,,Country rock,The South,"Lawrence County, KY",,pedal steel; fiddle; drawl; funny-sad; storytelling,Snipe Hunt; Tirtha Yatra; Poison River,Recommended,,,Documented,High
A1387,Willi Carlisle,Winged Victory,2025,LP,Signature Sounds Recordings,L1,V,V7 Neo-traditional and 'new outlaw' country,C3,Country folk,The South,"Fayetteville, AR",,fingerpicked acoustic; fiddle; storytelling; spiritual or gospel; hushed,Winged Victory,Recommended,,,Inferred,High
A1388,John Fahey,Blind Joe Death,1959,LP,Takoma,L6,V,V8 American Primitive and solo guitar,,Country folk,The South,"Takoma Park, MD",Takoma,fingerpicked acoustic; hushed; spiritual or gospel; lo-fi; storytelling,Sligo River Blues; John Henry,Essential,,,Documented,High
A1389,John Fahey,"Death Chants, Breakdowns, and Military Waltzes",1963,LP,Takoma,L6,V,V8 American Primitive and solo guitar,,Country folk,The South,"Takoma Park, MD",Takoma,fingerpicked acoustic; hushed; storytelling; lo-fi; spiritual or gospel,Wine and Roses; In Christ There Is No East or West,Recommended,,,Documented,High
A1390,Sandy Bull,Fantasias for Guitar and Banjo,1963,LP,Vanguard,L6,V,V8 American Primitive and solo guitar,,Country folk,The Northeast,"New York, NY",,fingerpicked acoustic; glacial; cosmic; long songs (7+ minutes); spiritual or gospel,Blend; Carmina Burana Fantasy,Recommended,,,Inferred,High
A1391,John Fahey,The Dance of Death & Other Plantation Favorites,1964,LP,Takoma,L6,V,V8 American Primitive and solo guitar,,Country folk,The South,"Takoma Park, MD",Takoma,fingerpicked acoustic; storytelling; lo-fi; breezy; spiritual or gospel,Sunflower River Blues; Beautiful Linda Getchel,Deep cut,,,Both,High
A1392,Harry Taussig,Fate Is Only Once,1965,LP,Self-released,L5,V,V8 American Primitive and solo guitar,,Country folk,The West,California,Takoma,fingerpicked acoustic; lo-fi; breezy; spiritual or gospel; storytelling,Fate Is Only Once; Fantasy for Guitar,Deep cut,,,Documented,High
A1393,John Fahey,The Transfiguration of Blind Joe Death,1965,LP,Riverboat,L5,V,V8 American Primitive and solo guitar,,Country folk,The South,"Takoma Park, MD",Takoma,fingerpicked acoustic; cosmic; storytelling; spiritual or gospel; lo-fi,On the Sunny Side of the Ocean; Orinda-Moraga; How Green Was My Valley,Essential,Y,,Both,High
A1394,Robbie Basho,The Seal of the Blue Lotus,1965,LP,Takoma,L5,V,V8 American Primitive and solo guitar,,Country folk,The West,"Berkeley, CA",Takoma,fingerpicked acoustic; glacial; cosmic; spiritual or gospel; storytelling,Song for the Queen; Wounded Knee Soliloquy,Essential,,,Both,High
A1395,John Fahey,Requia,1967,LP,Vanguard,L5,V,V8 American Primitive and solo guitar,,Country folk,The South,"Takoma Park, MD",,fingerpicked acoustic; glacial; noise wall; long songs (7+ minutes); bleak,"Requiem for Molly; Fight on Christians, Fight On",Recommended,,,Both,High
A1396,John Fahey,The Yellow Princess,1968,LP,Vanguard,L5,V,V8 American Primitive and solo guitar,,Country folk,The South,"Takoma Park, MD",,fingerpicked acoustic; glacial; cosmic; long songs (7+ minutes); storytelling,The Yellow Princess; Dance of the Inhabitants of the Palace of King Philip XIV of Spain,Recommended,,,Both,High
A1397,Leo Kottke,6- and 12-String Guitar,1969,LP,Takoma,L5,V,V8 American Primitive and solo guitar,,Country folk,Chicago and the Midwest,"Minneapolis, MN",Takoma,fingerpicked acoustic; storytelling; breezy; drawl; long solos,Vaseline Machine Gun; Busted Bicycle,Essential,,,Both,High
A1398,Robbie Basho,Venus in Cancer,1969,LP,Blue Thumb,L5,V,V8 American Primitive and solo guitar,,Country folk,The West,"Berkeley, CA",,fingerpicked acoustic; glacial; cosmic; spiritual or gospel; baritone,Venus in Cancer; Green River Suite,Recommended,,,Both,High
A1399,John Fahey,America,1971,LP,Takoma,L5,V,V8 American Primitive and solo guitar,,Country folk,The South,"Takoma Park, MD",Takoma,fingerpicked acoustic; glacial; long songs (7+ minutes); cosmic; storytelling,Voice of the Turtle; Mark 1:15,Recommended,,,Inferred,High
A1400,John Fahey,Fare Forward Voyagers (Soldier's Choice),1973,LP,Takoma,L5,V,V8 American Primitive and solo guitar,,Country folk,The South,"Takoma Park, MD",Takoma,fingerpicked acoustic; glacial; long songs (7+ minutes); cosmic; spiritual or gospel,Fare Forward Voyagers; Guaranteed Not to Rust,Recommended,,,Both,High
A1401,John Fahey,Old Fashioned Love,1975,LP,Takoma,L5,V,V8 American Primitive and solo guitar,,Country folk,The South,"Takoma Park, MD",Takoma,fingerpicked acoustic; storytelling; breezy; spiritual or gospel; lo-fi,Old Fashioned Love; Je Ne M'en Connais Pas,Deep cut,,,Documented,Medium
A1402,Robbie Basho,Visions of the Country,1978,LP,Windham Hill,L4,V,V8 American Primitive and solo guitar,,Country folk,The West,"Berkeley, CA",,fingerpicked acoustic; cosmic; spiritual or gospel; storytelling; breezy,Blue Crystal Fire; Rocky Mountain Raga,Essential,,,Documented,High
A1403,Jim O'Rourke,Bad Timing,1997,LP,Drag City,L3,V,V8 American Primitive and solo guitar,,Folk rock,Chicago and the Midwest,"Chicago, IL",,fingerpicked acoustic; glacial; long songs (7+ minutes); horns; strings,There's Hell in Hello but More in Goodbye; 94 the Long Way,Essential,,,Documented,High
A1404,John Fahey,City of Refuge,1997,LP,Tim/Kerr,L3,V,V8 American Primitive and solo guitar,,Noise,The West,"Salem, OR",,noise wall; feedback; fingerpicked acoustic; bleak; lo-fi,City of Refuge; Sunflower River Blues (reprise),Deep cut,,,Documented,Medium
A1405,Jack Rose,"Red Horse, White Mule",2002,LP,Eclipse Records,L2,V,V8 American Primitive and solo guitar,,Country folk,Philadelphia,"Philadelphia, PA",Philly Free Folk,fingerpicked acoustic; breezy; long solos; slide guitar; road songs,"Red Horse, White Mule",Recommended,,,Documented,High
A1406,Glenn Jones,This Is the Wind That Blows It Out,2004,LP,Strange Attractors Audio House,L2,V,V8 American Primitive and solo guitar,,Country folk,The Northeast,"Boston, MA",Philly Free Folk,fingerpicked acoustic; breezy; storytelling; banjo; hushed,Alcouer Woods; This Is the Wind That Blows It Out,Recommended,,,Documented,High
A1407,Jack Rose,Raag Manifestos,2004,LP,Eclipse Records,L2,V,V8 American Primitive and solo guitar,,Country folk,Philadelphia,"Philadelphia, PA",Philly Free Folk,fingerpicked acoustic; glacial; cosmic; long songs (7+ minutes); long solos,Cathedral et Chartres; Kailash,Deep cut,,,Both,Medium
A1408,Jack Rose,Kensington Blues,2005,LP,VHF Records,L2,V,V8 American Primitive and solo guitar,,Country folk,Philadelphia,"Philadelphia, PA",Philly Free Folk,fingerpicked acoustic; slide guitar; breezy; road songs; long solos,Kensington Blues; Sunflower River Blues; Flirtin' with the Undertaker,Essential,Y,,Both,High
A1409,James Blackshaw,The Cloud of Unknowing,2007,LP,Tompkins Square,L2,V,V8 American Primitive and solo guitar,,Indie folk,"The UK, Ireland and Canada","London, UK",,fingerpicked acoustic; glacial; strings; cosmic; long songs (7+ minutes),Cloud of Unknowing; In Deep Gratitude,Recommended,,,Both,High
A1410,Glenn Jones,Barbecue Bob in Fishtown,2009,LP,Strange Attractors Audio House,L2,V,V8 American Primitive and solo guitar,,Country folk,The Northeast,"Boston, MA",Philly Free Folk,fingerpicked acoustic; banjo; storytelling; hushed; fiddle,Barbecue Bob in Fishtown; Chest of Drawers,Recommended,,,Inferred,High
A1411,Steve Gunn,Boerum Palace,2009,LP,Three Lobed Recordings,L2,V,V8 American Primitive and solo guitar,C6,Country folk,The Northeast,"Brooklyn, NY",,fingerpicked acoustic; breezy; long solos; hushed; road songs,Ancient Jules; House of Knowledge,Recommended,,,Both,High
A1412,Jack Rose,Luck in the Valley,2010,LP,Thrill Jockey,L2,V,V8 American Primitive and solo guitar,,Country folk,Philadelphia,"Philadelphia, PA",Philly Free Folk,fingerpicked acoustic; slide guitar; road songs; drinking songs; breezy,Blues for Percy Danforth; Rappahannock Farewell,Essential,,,Both,High
A1413,William Tyler,Behold the Spirit,2010,LP,Tompkins Square,L2,V,V8 American Primitive and solo guitar,C6,Indie folk,The South,"Nashville, TN",,fingerpicked acoustic; breezy; cosmic; storytelling; long songs (7+ minutes),Terrace of the Leper King; Tears and Saints,Essential,,,Documented,High
A1414,Bill Orcutt,How the Thing Sings,2011,LP,Editions Mego,L2,V,V8 American Primitive and solo guitar,,Noise,The West,"San Francisco, CA",,noise wall; fingerpicked acoustic; feedback; short songs (under 2 minutes); bleak,Ohrwasher; A Line from Ol' Man River,Recommended,,,Inferred,High
A1415,Cian Nugent,Doubles,2011,LP,VHF Records,L2,V,V8 American Primitive and solo guitar,,Country folk,"The UK, Ireland and Canada","Dublin, Ireland",,fingerpicked acoustic; glacial; long solos; long songs (7+ minutes); breezy,Doubles No. 1; Sixty Six Voices,Deep cut,,,Both,High
A1416,Glenn Jones,The Wanting,2011,LP,Thrill Jockey,L2,V,V8 American Primitive and solo guitar,,Country folk,The Northeast,"Boston, MA",,fingerpicked acoustic; banjo; hushed; storytelling; lullaby,The Wanting; Chimes,Deep cut,,,Documented,High
A1417,Nathan Salsburg,Affirmed,2011,LP,No Quarter,L2,V,V8 American Primitive and solo guitar,,Country folk,The South,"Louisville, KY",,fingerpicked acoustic; breezy; storytelling; close harmonies; long solos,Affirmed; Impossible Air,Recommended,,,Both,High
A1418,Daniel Bachman,Seven Pines,2012,LP,Tompkins Square,L2,V,V8 American Primitive and solo guitar,,Country folk,The South,"Fredericksburg, VA",,fingerpicked acoustic; breezy; storytelling; banjo; spiritual or gospel,Sycamore City; Levee,Essential,,,Both,High
A1419,Nathan Salsburg,Hard for to Win and Can't Be Won,2013,LP,No Quarter,L2,V,V8 American Primitive and solo guitar,,Country folk,The South,"Louisville, KY",,fingerpicked acoustic; breezy; storytelling; banjo; close harmonies,Impossible Air II; Poor Rambler,Recommended,,,Both,High
A1420,William Tyler,Impossible Truth,2013,LP,Merge Records,L2,V,V8 American Primitive and solo guitar,,Indie folk,The South,"Nashville, TN",,fingerpicked acoustic; cosmic; long songs (7+ minutes); breezy; storytelling,Country of Illusion; The World Set Free,Essential,,,Both,High
A1421,Chuck Johnson,Blood Moon Boulder,2015,LP,Scissor Tail Editions,L1,V,V8 American Primitive and solo guitar,C6,Cosmic country,The West,"Oakland, CA",,fingerpicked acoustic; slide guitar; long songs (7+ minutes); cosmic,Corvid Tactics; Silver Teeth in the Sun; The Deer and the Snake,Deep cut,,,Inferred,High
A1422,Marisa Anderson,Into the Light,2016,LP,Chaos Kitchen Music,L1,V,V8 American Primitive and solo guitar,,Country folk,The West,"Portland, OR",,fingerpicked acoustic; slide guitar; cosmic; glacial; long songs (7+ minutes),Into the Light; In Waves,Essential,,,Inferred,High
A1423,William Tyler,Modern Country,2016,LP,Merge Records,L1,V,V8 American Primitive and solo guitar,C6,Indie folk,The South,"Nashville, TN",,fingerpicked acoustic; cosmic; breezy; long songs (7+ minutes); storytelling,Highway Anxiety; Gone Clear,Essential,,,Both,High
A1424,Hayden Pedigo,Greetings from Amarillo,2017,LP,Driftless Recordings,L1,V,V8 American Primitive and solo guitar,,Country folk,Texas and Oklahoma,"Amarillo, TX",,fingerpicked acoustic; small-town; breezy; road songs; storytelling,Greetings from Amarillo; Western Skies,Deep cut,,,Inferred,High
A1425,Michael Chapman,50,2017,LP,Paradise of Bachelors,L1,V,V8 American Primitive and solo guitar,,Folk rock,"The UK, Ireland and Canada","Leeds, UK",,fingerpicked acoustic; drawl; storytelling; baritone; hushed,That Time of Night; Falling from Grace,Deep cut,,,Documented,High
A1426,Daniel Bachman,The Morning Star,2018,LP,Three Lobed Recordings,L1,V,V8 American Primitive and solo guitar,,Noise,The South,"Fredericksburg, VA",,feedback; noise wall; fingerpicked acoustic; long songs (7+ minutes); bleak,Invocation; The Morning Star,Essential,,,Inferred,High
A1427,Gwenifer Raymond,You Never Were Much of a Dancer,2018,LP,Tompkins Square,L1,V,V8 American Primitive and solo guitar,,Country folk,"The UK, Ireland and Canada","Cardiff, Wales",,fingerpicked acoustic; banjo; lo-fi; bleak; storytelling,Sometimes There's Blood; Off to Booneville,Essential,,,Both,High
A1428,Marisa Anderson,Cloud Corner,2018,LP,Thrill Jockey,L1,V,V8 American Primitive and solo guitar,,Country folk,The West,"Portland, OR",,fingerpicked acoustic; slide guitar; glacial; spiritual or gospel; hushed,Cloud Corner; The Coast,Essential,,,Inferred,High
A1429,Nathan Salsburg,Third,2018,LP,No Quarter,L1,V,V8 American Primitive and solo guitar,,Country folk,The South,"Louisville, KY",,fingerpicked acoustic; storytelling; breezy; long solos; close harmonies,Impossible Air III; Trellis,Recommended,,,Documented,High
A1430,Yasmin Williams,Unwind,2018,LP,Self-released,L1,V,V8 American Primitive and solo guitar,,Country folk,The South,"Woodbridge, VA",,fingerpicked acoustic; banjo; breezy; storytelling; hushed,Unwind; Swift Breeze,Recommended,,,Inferred,High
A1431,William Tyler,Goes West,2019,LP,Merge Records,L1,V,V8 American Primitive and solo guitar,,Indie folk,The South,"Nashville, TN",,fingerpicked acoustic; breezy; cosmic; strings; long songs (7+ minutes),Not in Our Stars; Fail Safe,Recommended,,,Both,High
A1432,Hayden Pedigo,Letting Go,2021,LP,Mexican Summer,L1,V,V8 American Primitive and solo guitar,,Indie folk,Texas and Oklahoma,"Amarillo, TX",,fingerpicked acoustic; breezy; small-town; road songs; cosmic,Letting Go; In Air,Essential,,,Both,High
A1433,Yasmin Williams,Urban Driftwood,2021,LP,Spinster Records,L1,V,V8 American Primitive and solo guitar,,Country folk,The South,"Woodbridge, VA",,fingerpicked acoustic; banjo; harmonized guitars; political; storytelling,Urban Driftwood; Adrift,Essential,,,Inferred,High
A1434,Eli Winter,Eli Winter,2022,LP,Three Lobed Recordings,L1,V,V8 American Primitive and solo guitar,,Indie folk,Chicago and the Midwest,"Chicago, IL",,fingerpicked acoustic; horns; cosmic; long solos; breezy,For a Chisos Bluebonnet; Davening in Threes,Essential,,,Inferred,High
A1435,Marisa Anderson,"Still, Here",2022,LP,Thrill Jockey,L1,V,V8 American Primitive and solo guitar,,Country folk,The West,"Portland, OR",,fingerpicked acoustic; bleak; slide guitar; hushed; glacial,Weeping Willow; Waking Up,Recommended,,,Inferred,High
A1436,Hayden Pedigo,The Happiest Times I Ever Ignored,2023,LP,Mexican Summer,L1,V,V8 American Primitive and solo guitar,,Indie folk,Texas and Oklahoma,"Amarillo, TX",,fingerpicked acoustic; breezy; cosmic; hushed; road songs,The Happiest Times I Ever Ignored; Muted Gold,Recommended,,,Both,High
A1437,Eli Winter,A Trick of the Light,2025,LP,Three Lobed Recordings,L1,V,V8 American Primitive and solo guitar,,Indie folk,Chicago and the Midwest,"Chicago, IL",,fingerpicked acoustic; cosmic; long solos; strings; breezy,A Trick of the Light; Vanishing Point,Recommended,,,Both,High
A1438,Hayden Pedigo,I'll Be Waving as You Drive Away,2025,LP,Mexican Summer,L1,V,V8 American Primitive and solo guitar,,Indie folk,Texas and Oklahoma,"Amarillo, TX",,fingerpicked acoustic; cosmic; breezy; hushed; road songs,I'll Be Waving as You Drive Away; Amarillo Roses,Recommended,,,Both,High
A1439,William Tyler,Time Indefinite,2025,LP,Psychic Hotline,L1,V,V8 American Primitive and solo guitar,,Indie folk,The South,"Nashville, TN",,fingerpicked acoustic; long songs (7+ minutes); glacial; cosmic; hushed,Concern; Star of Hope,Recommended,,,Documented,High
A1440,The Jayhawks,The Jayhawks,1986,LP,Bunkhouse Records,L4,V,V9 No Depression and insurgent country,,Country rock,Chicago and the Midwest,"Minneapolis, MN",Minneapolis,Telecaster twang; close harmonies; drawl; road songs; small-town; harmonized guitars,Falling Star; Ann Jane; Election Day,Deep cut,,Y,Documented,Medium
A1441,The Silos,Cuba,1987,LP,Record Collect,L3,V,V9 No Depression and insurgent country,,Alt-country,The Northeast,"New York, NY",,Telecaster twang; drawl; harmonized guitars; road songs; storytelling; heartbreak,Tennessee Fire; She's Cold; Every Alibi,Recommended,,,Documented,Medium
A1442,Souled American,Fe,1988,LP,Rough Trade Records,L3,V,V9 No Depression and insurgent country,,Alt-country,Chicago and the Midwest,"Chicago, IL",Chicago insurgent country,pedal steel; drawl; hushed; glacial; bleak; storytelling,Native Air; Soul; Notes Campfire,Deep cut,,,Inferred,Medium
A1443,The Jayhawks,Blue Earth,1989,LP,Twin/Tone Records,L3,V,V9 No Depression and insurgent country,,Country rock,Chicago and the Midwest,"Minneapolis, MN",Minneapolis,Telecaster twang; close harmonies; drawl; road songs; harmonized guitars; Midwestern,Two Angels; Sioux City; Ain't No End,Essential,,Y,Documented,Medium
A1444,Souled American,Flubber,1989,LP,Rough Trade Records,L3,V,V9 No Depression and insurgent country,,Alt-country,Chicago and the Midwest,"Chicago, IL",Chicago insurgent country,pedal steel; drawl; hushed; glacial; bleak; lo-fi,Six Feet of Snow; Family Dog; Heaven,Deep cut,,,Documented,Medium
A1445,Blood Oranges,Corn River,1990,LP,East Side Digital,L3,V,V9 No Depression and insurgent country,,Alt-country,The Northeast,"Boston, MA",,mandolin; close harmonies; drawl; storytelling; heartbreak,Poor Little Fish,Recommended,,,Inferred,Medium
A1446,Cordelia's Dad,Cordelia's Dad,1990,LP,OKra,L3,V,V9 No Depression and insurgent country,,Punk,The Northeast,"Northampton, MA",,drawl; storytelling; shouted; rowdy; Southern gothic,Rambling Boy,Deep cut,,,Inferred,Medium
A1447,The Silos,The Silos,1990,LP,RCA Records,L3,V,V9 No Depression and insurgent country,,Alt-country,The Northeast,"New York, NY",,Telecaster twang; drawl; harmonized guitars; road songs; storytelling; heartbreak,Picture of Helen; Commodore Peter; I'm Gone,Recommended,,,Inferred,Medium
A1448,Souled American,Around the Horn,1990,LP,Rough Trade Records,L3,V,V9 No Depression and insurgent country,,Alt-country,Chicago and the Midwest,"Chicago, IL",Chicago insurgent country,pedal steel; drawl; hushed; glacial; bleak; storytelling,Xmas Tree; Sun Dog; Been There,Deep cut,,,Both,Medium
A1449,Uncle Tupelo,No Depression,1990,LP,Rockville Records,L3,V,V9 No Depression and insurgent country,,Alt-country,Chicago and the Midwest,"Belleville, IL",Belleville and St. Louis,Telecaster twang; drawl; storytelling; small-town; Midwestern; political,Graveyard Shift; Factory Belt; Whiskey Bottle,Essential,,Y,Both,High
A1450,Southern Culture on the Skids,Too Much Pork for Just One Fork,1991,LP,Moist Records,L3,V,V9 No Depression and insurgent country,,Southern rock,The Carolinas,"Chapel Hill, NC",Durham and Chapel Hill,slide guitar; rowdy; pop-culture references; storytelling; Southern gothic; funny-sad,Voodoo Cadillac; Fried Chicken and Gasoline; Banana Puddin',Recommended,,,Documented,Medium
A1451,Uncle Tupelo,Still Feel Gone,1991,LP,Rockville Records,L3,V,V9 No Depression and insurgent country,,Alt-country,Chicago and the Midwest,"Belleville, IL",Belleville and St. Louis,Telecaster twang; drawl; storytelling; small-town; Midwestern; heartbreak,Gun; Watch Me Fall; Postcard,Essential,,Y,Documented,High
A1452,The Walkabouts,Scavenger,1991,LP,Sub Pop,L3,V,V9 No Depression and insurgent country,,Alt-country,The West,"Seattle, WA",,pedal steel; baritone; drawl; storytelling; bleak,Court Case,Recommended,,,Both,Medium
A1453,Bad Livers,Delusions of Banjer,1992,LP,Quarterstick,L3,V,V9 No Depression and insurgent country,,Bluegrass,Texas and Oklahoma,"Austin, TX",,banjo; mandolin; fiddle; shouted; rowdy,Turpentine Willie,Recommended,,,Inferred,Medium
A1454,The Jayhawks,Hollywood Town Hall,1992,LP,Def American Recordings,L3,V,V9 No Depression and insurgent country,,Alt-country,Chicago and the Midwest,"Minneapolis, MN",Minneapolis,Telecaster twang; close harmonies; harmonized guitars; road songs; heartbreak; drawl,Waiting for the Sun; Settled Down Like Rain; Take Me With You,Essential,Y,Y,Documented,Medium
A1455,Souled American,Sonny,1992,LP,Rough Trade Records,L3,V,V9 No Depression and insurgent country,,Alt-country,Chicago and the Midwest,"Chicago, IL",Chicago insurgent country,pedal steel; drawl; glacial; bleak; storytelling; hushed,Hobo; Notes Campfire; Shadow of Your Doubt,Deep cut,,,Documented,Medium
A1456,Uncle Tupelo,"March 16-20, 1992",1992,LP,Rockville Records,L3,V,V9 No Depression and insurgent country,,Country folk,Chicago and the Midwest,"Belleville, IL",Belleville and St. Louis,fingerpicked acoustic; drawl; storytelling; spiritual or gospel; bleak; Southern gothic,Grindstone; Wait Up; Moonshiner,Essential,,Y,Both,High
A1457,The Bottle Rockets,The Bottle Rockets,1993,LP,East Side Digital,L3,V,V9 No Depression and insurgent country,,Alt-country,Chicago and the Midwest,"Festus, MO",Belleville and St. Louis,Telecaster twang; drawl; storytelling; small-town; rowdy; drinking songs,Trailer Mama; Every Kind of Everything; Radar Gun,Recommended,,,Documented,High
A1458,Freakwater,Feels Like the Third Time,1993,LP,Thrill Jockey,L3,V,V9 No Depression and insurgent country,,Country folk,Chicago and the Midwest,"Louisville, KY",Chicago insurgent country,fiddle; close harmonies; drawl; bleak; Southern gothic; spiritual or gospel,My Old Drunk Friend; Georgia Moon; Louisville Lip,Essential,,,Both,Medium
A1459,Uncle Tupelo,Anodyne,1993,LP,Sire Records,L3,V,V9 No Depression and insurgent country,,Alt-country,Chicago and the Midwest,"Belleville, IL",Belleville and St. Louis,Telecaster twang; pedal steel; drawl; storytelling; Midwestern; road songs,Slate; Chickamauga; New Madrid,Essential,Y,Y,Documented,High
A1460,The Walkabouts,New West Motel,1993,LP,Sub Pop,L3,V,V9 No Depression and insurgent country,,Alt-country,The West,"Seattle, WA",,pedal steel; baritone; drawl; storytelling; road songs,Jack Candy,Deep cut,,,Documented,Medium
A1461,The Bottle Rockets,The Brooklyn Side,1994,LP,East Side Digital,L3,V,V9 No Depression and insurgent country,,Southern rock,Chicago and the Midwest,"Festus, MO",Belleville and St. Louis,Telecaster twang; long solos; drawl; storytelling; small-town; political,Welfare Music; 1000 Dollar Car; Radar Gun,Essential,,,Inferred,High
A1462,The Handsome Family,Odessa,1994,LP,Carrot Top Records,L3,V,V9 No Depression and insurgent country,,Country folk,Chicago and the Midwest,"Chicago, IL",Chicago insurgent country,drum machine; baritone; Southern gothic; bleak; deadpan; storytelling,Amelia Earhart vs. the Dancing Bear; Weightless Again; Winnebago Skeletons,Recommended,,,Documented,Medium
A1463,Old 97's,Hitchhike to Rhome,1994,LP,Idol Records,L3,V,V9 No Depression and insurgent country,,Cowpunk,Texas and Oklahoma,"Dallas, TX",,Telecaster twang; drawl; road songs; rowdy; storytelling; short songs (under 2 minutes),Doreen; St. Ignatius; Never Mind the Phone Bill,Recommended,,,Documented,Medium
A1464,Richard Buckner,Bloomed,1994,LP,Dejadisc,L3,V,V9 No Depression and insurgent country,,Alt-country,Texas and Oklahoma,"Lubbock, TX",,pedal steel; fingerpicked acoustic; drawl; hushed; heartbreak; storytelling,Lil Wallet Picture; Blue and Wonder; Rider Down,Recommended,,,Documented,High
A1465,Souled American,Frozen,1994,LP,Moll Tonträger,L3,V,V9 No Depression and insurgent country,,Alt-country,Chicago and the Midwest,"Chicago, IL",Chicago insurgent country,pedal steel; drawl; glacial; hushed; bleak; spiritual or gospel,Kayo; Wow Wow; Jealous,Deep cut,,,Documented,Medium
A1466,Blue Mountain,Dog Days,1995,LP,Roadrunner Records,L3,V,V9 No Depression and insurgent country,,Southern rock,The South,"Oxford, MS",,Telecaster twang; drawl; harmonized guitars; small-town; storytelling; road songs,Blue Canoe; Soul Sister; Jimmy Carter,Recommended,,,Inferred,Medium
A1467,Dolly Varden,Mouthful of Lies,1995,LP,Mid-Fi Records,L3,V,V9 No Depression and insurgent country,,Alt-country,Chicago and the Midwest,"Chicago, IL",Chicago insurgent country,Telecaster twang; close harmonies; duets; drawl; storytelling,Your Last Mistake,Recommended,,,Documented,Medium
A1468,Freakwater,Old Paint,1995,LP,Thrill Jockey,L3,V,V9 No Depression and insurgent country,,Country folk,Chicago and the Midwest,"Louisville, KY",Chicago insurgent country,fiddle; close harmonies; drawl; bleak; Southern gothic; hushed,Washed in the Blood; Little Sad Song; Jailer,Recommended,,,Documented,Medium
A1469,The Geraldine Fibbers,Lost Somewhere Between the Earth and My Home,1995,LP,Virgin,L3,V,V9 No Depression and insurgent country,,Alt-country,The West,"Los Angeles, CA",,fiddle; noise wall; shouted; cracked or yelping; Southern gothic,Lilybelle,Recommended,,,Documented,Medium
A1470,Golden Smog,Down by the Old Mainstream,1995,LP,Rykodisc,L3,V,V9 No Depression and insurgent country,,Jangle,Chicago and the Midwest,"Minneapolis, MN",Minneapolis,jangle; harmonized guitars; close harmonies; breezy; road songs; storytelling,Please Tell My Brother; V; Radio King,Recommended,,,Documented,Medium
A1471,The Jayhawks,Tomorrow the Green Grass,1995,LP,American Recordings,L3,V,V9 No Depression and insurgent country,,Alt-country,Chicago and the Midwest,"Minneapolis, MN",Minneapolis,close harmonies; harmonized guitars; piano; heartbreak; breezy; drawl,Blue; I'd Run Away; Miss Williams' Guitar,Essential,,Y,Documented,Medium
A1472,Old 97's,Wreck Your Life,1995,LP,Bloodshot Records,L3,V,V9 No Depression and insurgent country,,Cowpunk,Texas and Oklahoma,"Dallas, TX",,Telecaster twang; drawl; drinking songs; road songs; rowdy; storytelling,Victoria; The Other Shoe; Doreen,Essential,,,Documented,Medium
A1473,Scud Mountain Boys,Pine Box,1995,LP,Chunk,L3,V,V9 No Depression and insurgent country,,Alt-country,The Northeast,"Northampton, MA",,pedal steel; hushed; drawl; storytelling; bleak,Grudge Fuck,Recommended,,,Documented,Medium
A1474,Son Volt,Trace,1995,LP,Warner Bros. Records,L3,V,V9 No Depression and insurgent country,,Alt-country,Chicago and the Midwest,"Belleville, IL",Belleville and St. Louis,pedal steel; fiddle; drawl; baritone; storytelling; small-town,Windfall; Drown; Tonight,Essential,,Y,Documented,High
A1475,Southern Culture on the Skids,Dirt Track Date,1995,LP,Geffen Records,L3,V,V9 No Depression and insurgent country,,Southern rock,The Carolinas,"Chapel Hill, NC",Durham and Chapel Hill,slide guitar; rowdy; pop-culture references; storytelling; breezy; funny-sad,Camel Walk; Soul City; 8 Piece Box,Essential,,,Documented,Medium
A1476,Waco Brothers,To the Last Dead Cowboy,1995,LP,Bloodshot Records,L3,V,V9 No Depression and insurgent country,,Cowpunk,Chicago and the Midwest,"Chicago, IL",Chicago insurgent country,Telecaster twang; shouted; political; rowdy; drinking songs; storytelling,Plenty Tuff Union Made; Do What I Say; Take Me to the Fires,Essential,,,Documented,Medium
A1477,Whiskeytown,Faithless Street,1995,LP,Mood Food Records,L3,V,V9 No Depression and insurgent country,,Alt-country,The Carolinas,"Raleigh, NC",Raleigh,pedal steel; fiddle; drawl; heartbreak; drinking songs; storytelling,Faithless Street; Midway Park; Matrimony,Essential,,Y,Documented,High
A1478,Wilco,A.M.,1995,LP,Reprise Records,L3,V,V9 No Depression and insurgent country,V4,Alt-country,Chicago and the Midwest,"Chicago, IL",Chicago insurgent country,Telecaster twang; drawl; road songs; drinking songs; storytelling; harmonized guitars,Box Full of Letters; Casino Queen; Passenger Side,Essential,,Y,Documented,High
A1479,16 Horsepower,Sackcloth 'n' Ashes,1996,LP,A&M Records,L3,V,V9 No Depression and insurgent country,,Alt-country,The West,"Denver, CO",,banjo; slide guitar; baritone; Southern gothic; spiritual or gospel; bleak,Black Soul Choir; American Wheeze; Haw,Essential,,,Both,Medium
A1480,The Gourds,Dem's Good Beeble,1996,LP,Watermelon Records,L3,V,V9 No Depression and insurgent country,,Alt-country,Texas and Oklahoma,"Austin, TX",,mandolin; banjo; fiddle; rowdy; funny-sad; drawl,Left Nut; Bloodyshirt Roustabout; El Paso,Recommended,,,Documented,Medium
A1481,The Handsome Family,Milk and Scissors,1996,LP,Carrot Top Records,L3,V,V9 No Depression and insurgent country,,Country folk,Chicago and the Midwest,"Chicago, IL",Chicago insurgent country,drum machine; baritone; Southern gothic; bleak; deadpan; funny-sad,My Ghost; The Sad Milkman; Ain't No Bethlehem,Recommended,,,Documented,Medium
A1482,Robbie Fulks,Country Love Songs,1996,LP,Bloodshot Records,L3,V,V9 No Depression and insurgent country,,Honky-tonk,Chicago and the Midwest,"Chicago, IL",Chicago insurgent country,pedal steel; fiddle; drawl; funny-sad; drinking songs; storytelling,Every Kind of Music but Country; Cigarette State; Cold Statesville Ground,Essential,,,Both,High
A1483,Souled American,Notes Campfire,1996,LP,Moll Tonträger,L3,V,V9 No Depression and insurgent country,,Alt-country,Chicago and the Midwest,"Chicago, IL",Chicago insurgent country,pedal steel; drawl; glacial; hushed; bleak; lullaby,Deep Blue Sea; Six Feet of Snow; Notes Campfire,Deep cut,,,Documented,Medium
A1484,Wilco,Being There,1996,LP,Reprise Records,L3,V,V9 No Depression and insurgent country,V4,Alt-country,Chicago and the Midwest,"Chicago, IL",Chicago insurgent country,Telecaster twang; drawl; piano; horns; storytelling; anthemic,Misunderstood; Outtasite (Outta Mind); Monday,Essential,,Y,Documented,High
A1485,16 Horsepower,Low Estate,1997,LP,A&M Records,L3,V,V9 No Depression and insurgent country,,Alt-country,The West,"Denver, CO",,banjo; slide guitar; baritone; Southern gothic; shouted; bleak,Coal Black Horse; Brimstone Rock; Low Estate,Essential,,,Documented,Medium
A1486,Bad Livers,Hogs on the Highway,1997,LP,Sugar Hill,L3,V,V9 No Depression and insurgent country,,Bluegrass,Texas and Oklahoma,"Austin, TX",,banjo; mandolin; drawl; storytelling; funny-sad,Been All Around This World,Recommended,,,Documented,Medium
A1487,The Bottle Rockets,24 Hours a Day,1997,LP,Atlantic Records,L3,V,V9 No Depression and insurgent country,,Southern rock,Chicago and the Midwest,"Festus, MO",Belleville and St. Louis,Telecaster twang; long solos; drawl; storytelling; small-town; drinking songs,Indianapolis; Radar Gun; Perfect Far Away,Recommended,,,Documented,High
A1488,The Jayhawks,Sound of Lies,1997,LP,American Recordings,L3,V,V9 No Depression and insurgent country,V6,Crossover,Chicago and the Midwest,"Minneapolis, MN",Minneapolis,jangle; drawl; heartbreak; hushed; bleak; harmonized guitars,Trouble; Sound of Lies; Big Star,Recommended,,Y,Documented,Medium
A1489,Old 97's,Too Far to Care,1997,LP,Elektra Records,L3,V,V9 No Depression and insurgent country,,Alt-country,Texas and Oklahoma,"Dallas, TX",,Telecaster twang; drawl; harmonized guitars; heartbreak; road songs; rowdy,Timebomb; Barrier Reef; Big Brown Eyes,Essential,,,Documented,Medium
A1490,Richard Buckner,Devotion + Doubt,1997,LP,MCA Records,L3,V,V9 No Depression and insurgent country,V6,Crossover,The West,"San Francisco, CA",,pedal steel; hushed; storytelling; heartbreak; long songs (7+ minutes); bleak,A Goodbye Rye; Fater; On Travelling,Recommended,,,Inferred,Medium
A1491,Robbie Fulks,South Mouth,1997,LP,Bloodshot Records,L3,V,V9 No Depression and insurgent country,,Alt-country,Chicago and the Midwest,"Chicago, IL",Chicago insurgent country,pedal steel; banjo; drawl; funny-sad; storytelling; rowdy,Fuck This Town; Roots; Cocaine and Ashes,Essential,,,Documented,High
A1492,Slaid Cleaves,No Angel Knows,1997,LP,Rounder/Philo,L3,V,V9 No Depression and insurgent country,,Country folk,Texas and Oklahoma,"Austin, TX",,fingerpicked acoustic; drawl; storytelling; small-town; heartbreak,No Angel Knows,Recommended,,,Both,Medium
A1493,Son Volt,Straightaways,1997,LP,Warner Bros. Records,L3,V,V9 No Depression and insurgent country,,Alt-country,Chicago and the Midwest,"Belleville, IL",Belleville and St. Louis,pedal steel; drawl; baritone; road songs; storytelling; Midwestern,Caryatid Easy; Way Down Watson; Been Set Free,Recommended,,Y,Documented,Medium
A1494,Trailer Bride,Trailer Bride,1997,LP,Yep Roc,L3,V,V9 No Depression and insurgent country,,Country folk,The Carolinas,"Chapel Hill, NC",Durham and Chapel Hill,slide guitar; drawl; Southern gothic; bleak; storytelling,Trailer Bride; Arrowheads,Recommended,,,Both,High
A1495,Waco Brothers,Cowboy in Flames,1997,LP,Bloodshot Records,L3,V,V9 No Depression and insurgent country,,Cowpunk,Chicago and the Midwest,"Chicago, IL",Chicago insurgent country,Telecaster twang; shouted; political; rowdy; harmonized guitars; drinking songs,Death of Country Music; Harm's Way; Nothing at All,Essential,,,Documented,Medium
A1496,Waco Brothers,Do You Think About Me?,1997,LP,Bloodshot Records,L3,V,V9 No Depression and insurgent country,,Cowpunk,Chicago and the Midwest,"Chicago, IL",Chicago insurgent country,Telecaster twang; shouted; rowdy; drinking songs; storytelling; harmonized guitars,Do You Think About Me; Bad Times Better; Never Gonna Change,Deep cut,,,Documented,Medium
A1497,Whiskeytown,Strangers Almanac,1997,LP,Outpost Recordings,L3,V,V9 No Depression and insurgent country,,Alt-country,The Carolinas,"Raleigh, NC",Raleigh,pedal steel; close harmonies; drawl; heartbreak; drinking songs; road songs,Yesterday's News; 16 Days; Everything I Do,Essential,,Y,Both,High
A1498,Freakwater,Springtime,1998,LP,Thrill Jockey,L2,V,V9 No Depression and insurgent country,,Country folk,Chicago and the Midwest,"Louisville, KY",Chicago insurgent country,fiddle; banjo; close harmonies; drawl; Southern gothic; bleak,Lorraine; What the People Want; Louisville Lip,Recommended,,,Documented,Medium
A1499,Golden Smog,Weird Tales,1998,LP,Rykodisc,L2,V,V9 No Depression and insurgent country,,Alt-country,Chicago and the Midwest,"Minneapolis, MN",Minneapolis,pedal steel; harmonized guitars; drawl; road songs; breezy; close harmonies,Until You Came Along; Keys; Please Tell My Brother,Recommended,,,Documented,Medium
A1500,The Gourds,Stadium Blitzer,1998,LP,Watermelon Records,L2,V,V9 No Depression and insurgent country,,Alt-country,Texas and Oklahoma,"Austin, TX",,mandolin; banjo; fiddle; rowdy; storytelling; small-town,Gin and Juice; Get Nekkid; Jesus Christ with Signs Following,Recommended,,,Documented,Medium
A1501,The Handsome Family,Through the Trees,1998,LP,Carrot Top Records,L2,V,V9 No Depression and insurgent country,,Country folk,Chicago and the Midwest,"Chicago, IL",Chicago insurgent country,drum machine; baritone; Southern gothic; bleak; deadpan; spiritual or gospel,Far From Any Road; My Sister's Tiny Hands; Down in the Ground,Essential,,,Documented,Medium
A1502,Jon Langford,Skull Orchard,1998,LP,Bloodshot Records,L2,V,V9 No Depression and insurgent country,,Cowpunk,Chicago and the Midwest,"Chicago, IL",Chicago insurgent country,Telecaster twang; shouted; storytelling; small-town; political,Sentimental Marching Song,Recommended,,,Documented,Medium
A1503,The Pine Valley Cosmonauts,Salute the Majesty of Bob Wills,1998,Compilation,Bloodshot Records,L2,V,V9 No Depression and insurgent country,,Classic country,Chicago and the Midwest,"Chicago, IL",Chicago insurgent country,pedal steel; fiddle; duets; storytelling; anthemic,Take Me Back to Tulsa,Recommended,,,Documented,Medium
A1504,Richard Buckner,Since,1998,LP,MCA Records,L2,V,V9 No Depression and insurgent country,V6,Crossover,The West,"San Francisco, CA",,pedal steel; hushed; storytelling; heartbreak; long songs (7+ minutes); bleak,Ariel Ramirez; Once; On Traveling (reprise),Recommended,,,Documented,Medium
A1505,The Sadies,Precious Moments,1998,LP,Bloodshot Records,L2,V,V9 No Depression and insurgent country,,Cosmic country,"The UK, Ireland and Canada","Toronto, ON",,pedal steel; long solos; harmonized guitars; cosmic; road songs; storytelling,Guns Speak; Little Sadie; Pretty Polly,Recommended,,,Documented,High
A1506,Son Volt,Wide Swing Tremolo,1998,LP,Warner Bros. Records,L2,V,V9 No Depression and insurgent country,,Alt-country,Chicago and the Midwest,"Belleville, IL",Belleville and St. Louis,pedal steel; drawl; baritone; long solos; feedback; Midwestern,Straightface; Question; Blind Hope,Recommended,,Y,Documented,Medium
A1507,Freakwater,End Time,1999,LP,Thrill Jockey,L2,V,V9 No Depression and insurgent country,,Country folk,Chicago and the Midwest,"Louisville, KY",Chicago insurgent country,fiddle; close harmonies; drawl; spiritual or gospel; bleak; Southern gothic,Cloak of Frogs; New Star; For Marion,Recommended,,,Documented,Medium
A1508,The Gourds,Ghosts of Hallelujah,1999,LP,Watermelon Records,L2,V,V9 No Depression and insurgent country,,Alt-country,Texas and Oklahoma,"Austin, TX",,mandolin; banjo; fiddle; storytelling; funny-sad; spiritual or gospel,Hearts of Gold; Ghosts of Hallelujah; Burn the Honky Tonk Down,Deep cut,,,Documented,Medium
A1509,Old 97's,Fight Songs,1999,LP,Elektra Records,L2,V,V9 No Depression and insurgent country,,Alt-country,Texas and Oklahoma,"Dallas, TX",,Telecaster twang; harmonized guitars; heartbreak; breezy; storytelling; drawl,Murder (Or a Heart Attack); Nineteen; Question,Recommended,,,Documented,Medium
A1510,Trailer Bride,Whine de Lune,1999,LP,Bloodshot Records,L2,V,V9 No Depression and insurgent country,,Country folk,The Carolinas,"Chapel Hill, NC",Durham and Chapel Hill,slide guitar; drawl; Southern gothic; bleak; hushed,Rats Nest,Recommended,,,Documented,Medium
A1511,Waco Brothers,Wacoworld,1999,LP,Bloodshot Records,L2,V,V9 No Depression and insurgent country,,Cowpunk,Chicago and the Midwest,"Chicago, IL",Chicago insurgent country,Telecaster twang; shouted; political; rowdy; storytelling; drinking songs,Wreck Your Health; Revolution Blues; Fox River,Deep cut,,,Documented,Medium
A1512,16 Horsepower,Secret South,2000,LP,Razor & Tie,L2,V,V9 No Depression and insurgent country,,Alt-country,The West,"Denver, CO",,banjo; slide guitar; baritone; Southern gothic; hushed; spiritual or gospel,Clogger; Splinters; Cinder Alley,Recommended,,,Documented,Medium
A1513,The Handsome Family,In the Air,2000,LP,Carrot Top Records,L2,V,V9 No Depression and insurgent country,,Country folk,Chicago and the Midwest,"Chicago, IL",Chicago insurgent country,baritone; Southern gothic; bleak; deadpan; hushed; spiritual or gospel,Up Falling Rock Hill; The Sun Never Sets on Me; Grandmother Waits for You,Recommended,,,Documented,Medium
A1514,The Jayhawks,Smile,2000,LP,American Recordings,L2,V,V9 No Depression and insurgent country,V6,Power pop,Chicago and the Midwest,"Minneapolis, MN",Minneapolis,synths; drum machine; jangle; harmonized guitars; breezy; polished,Smile; I'm Gonna Make You Love Me; A Break in the Clouds,Deep cut,,Y,Documented,Medium
A1515,Kelly Hogan and the Pine Valley Cosmonauts,Beneath the Country Underdog,2000,Collab,Bloodshot Records,L2,V,V9 No Depression and insurgent country,,Classic country,Chicago and the Midwest,"Chicago, IL",Chicago insurgent country,pedal steel; duets; close harmonies; drawl; storytelling,13 Nights,Recommended,,,Documented,Medium
A1516,The Handsome Family,Twilight,2001,LP,Carrot Top Records,L2,V,V9 No Depression and insurgent country,,Country folk,Chicago and the Midwest,"Chicago, IL",Chicago insurgent country,baritone; Southern gothic; bleak; deadpan; hushed; cosmic,The White Dust; Gravity; Passenger Pigeons,Recommended,,,Documented,Medium
A1517,Jay Farrar,Sebastopol,2001,LP,Artemis Records,L2,V,V9 No Depression and insurgent country,V6,Crossover,Chicago and the Midwest,"Belleville, IL",Belleville and St. Louis,pedal steel; drawl; baritone; hushed; storytelling; cosmic,Feel Free; Damn Shame; Voodoo Candle,Recommended,,,Documented,Medium
A1518,Old 97's,Satellite Rides,2001,LP,Elektra Records,L2,V,V9 No Depression and insurgent country,,Power pop,Texas and Oklahoma,"Dallas, TX",,jangle; harmonized guitars; breezy; heartbreak; anthemic; drawl,King of All the World; Buick City Complex; Rollerskate Skinny,Deep cut,,,Documented,Medium
A1519,The Sadies,Tremendous Efforts,2001,LP,Bloodshot Records,L2,V,V9 No Depression and insurgent country,,Cosmic country,"The UK, Ireland and Canada","Toronto, ON",,pedal steel; long solos; harmonized guitars; cosmic; road songs; storytelling,Loved On Look; Pass The Chutney; The Creepy Butler,Recommended,,,Documented,High
A1520,Whiskeytown,Pneumonia,2001,LP,Lost Highway Records,L2,V,V9 No Depression and insurgent country,V6,Crossover,The Carolinas,"Raleigh, NC",Raleigh,pedal steel; strings; close harmonies; piano; heartbreak; polished,Don't Wanna Know Why; Ballad of Carol Lynn; Paper Moon,Recommended,,Y,Documented,High
A1521,The Jayhawks,Rainy Day Music,2003,LP,American Recordings,L2,V,V9 No Depression and insurgent country,,Folk rock,Chicago and the Midwest,"Minneapolis, MN",Minneapolis,fingerpicked acoustic; close harmonies; harmonized guitars; jangle; breezy; drawl,Save It for a Rainy Day; Tailspin; Angelyne,Recommended,,Y,Documented,Medium
A1522,Son Volt,Okemah and the Melody of Riot,2005,LP,Transmit Sound,L2,V,V9 No Depression and insurgent country,,Alt-country,Chicago and the Midwest,"Belleville, IL",Belleville and St. Louis,Telecaster twang; drawl; political; storytelling; baritone; anthemic,Bandages and Scars; Jetpilot; 6 String Belief,Deep cut,,Y,Both,Medium
A1523,Son Volt,American Central Dust,2009,LP,Rounder Records,L2,V,V9 No Depression and insurgent country,,Alt-country,Chicago and the Midwest,"Belleville, IL",Belleville and St. Louis,pedal steel; fiddle; drawl; hushed; storytelling; Midwestern,Down to the Wire; Exiles; Sultana,Deep cut,,Y,Documented,Medium
A1524,Superchunk,Superchunk,1990,LP,Matador Records,L3,V,V10 Slacker and '90s indie rock,,Punk,The Carolinas,"Chapel Hill, NC",Durham and Chapel Hill,shouted; short songs (under 2 minutes); feedback; rowdy; noise wall,Slack Motherfucker; Cast Iron,Recommended,,Y,Both,High
A1525,Superchunk,No Pocky for Kitty,1991,LP,Matador Records,L3,V,V10 Slacker and '90s indie rock,,Punk,The Carolinas,"Chapel Hill, NC",Durham and Chapel Hill,shouted; rowdy; noise wall; short songs (under 2 minutes); anthemic,Skip Steps 1 & 3; Seed Toss,Recommended,,Y,Documented,High
A1526,Buffalo Tom,Let Me Come Over,1992,LP,Beggars Banquet / RCA Records,L3,V,V10 Slacker and '90s indie rock,,Slacker,The Northeast,"Boston, MA",,Crazy Horse fuzz; drawl; heartbreak; storytelling; anthemic,Taillights Fade; Velvet Roof,Essential,,,Both,High
A1527,The Lemonheads,It's a Shame About Ray,1992,LP,Atlantic Records,L3,V,V10 Slacker and '90s indie rock,,Power pop,The Northeast,"Boston, MA",,breezy; heartbreak; jangle; drawl; short songs (under 2 minutes),My Drug Buddy; It's a Shame About Ray; Confetti,Essential,,,Both,High
A1528,Pavement,Slanted and Enchanted,1992,LP,Matador Records,L3,V,V10 Slacker and '90s indie rock,,Slacker,The West,"Stockton, CA",,lo-fi; deadpan; jangle; feedback; funny-sad,Summer Babe; Trigger Cut; In the Mouth a Desert,Essential,,Y,Documented,High
A1529,Polvo,Cor-Crane Secret,1992,LP,Merge Records,L3,V,V10 Slacker and '90s indie rock,,Post-punk,The Carolinas,"Chapel Hill, NC",Durham and Chapel Hill,feedback; noise wall; harmonized guitars; storytelling; shouted,Vibracobra; Tilebreaker,Recommended,,,Both,High
A1530,Seam,Headsparks,1992,LP,Homestead Records,L3,V,V10 Slacker and '90s indie rock,V12,Slowcore,Chicago and the Midwest,"Chicago, IL",,hushed; glacial; deadpan; feedback; bleak,Sussex; Rafael,Recommended,,,Both,High
A1531,Unrest,Imperial f.f.r.r.,1992,LP,TeenBeat Records,L3,V,V10 Slacker and '90s indie rock,,Post-punk,The Northeast,"Washington, D.C.",,jangle; deadpan; noise wall; feedback; short songs (under 2 minutes),Imperial,Recommended,,,Documented,High
A1532,Archers of Loaf,Icky Mettle,1993,LP,Alias Records,L3,V,V10 Slacker and '90s indie rock,,Slacker,The Carolinas,"Chapel Hill, NC",Durham and Chapel Hill,feedback; shouted; jangle; deadpan; short songs (under 2 minutes),Web in Front; Wrong,Essential,Y,Y,Both,High
A1533,Buffalo Tom,Big Red Letter Day,1993,LP,Beggars Banquet,L3,V,V10 Slacker and '90s indie rock,,Slacker,The Northeast,"Boston, MA",,Crazy Horse fuzz; anthemic; drawl; heartbreak; breezy,Sodajerk; Late at Night,Recommended,,,Both,High
A1534,Built to Spill,Ultimate Alternative Wavers,1993,LP,C/Z Records,L3,V,V10 Slacker and '90s indie rock,,Slacker,The West,"Boise, ID",Boise,lo-fi; long solos; deadpan; feedback; breezy,Get a Life; Built Too Long,Deep cut,,Y,Both,High
A1535,Eric's Trip,Love Tara,1993,LP,Sub Pop,L3,V,V10 Slacker and '90s indie rock,,Lo-fi,"The UK, Ireland and Canada","Moncton, New Brunswick, Canada",,lo-fi; feedback; drawl; heartbreak; hushed,Stove; Sixteen Wishes,Recommended,,,Both,High
A1536,The Lemonheads,Come On Feel the Lemonheads,1993,LP,Atlantic Records,L3,V,V10 Slacker and '90s indie rock,,Power pop,The Northeast,"Boston, MA",,breezy; pop-culture references; drawl; funny-sad; jangle,Into Your Arms; Big Gay Heart,Recommended,,,Documented,High
A1537,Liz Phair,Exile in Guyville,1993,LP,Matador Records,L3,V,V10 Slacker and '90s indie rock,,Slacker,Chicago and the Midwest,"Chicago, IL",,deadpan; heartbreak; lo-fi; funny-sad; storytelling,Never Said; Fuck and Run; Divorce Song,Essential,,,Documented,High
A1538,Pavement,Westing (By Musket and Sextant),1993,Compilation,Drag City,L3,V,V10 Slacker and '90s indie rock,,Lo-fi,The West,"Stockton, CA",,lo-fi; noise wall; feedback; deadpan; short songs (under 2 minutes),Box Elder; Debris Slide; Summer Babe (Winter Version),Recommended,,Y,Documented,High
A1539,Polvo,Today's Active Lifestyles,1993,LP,Merge Records,L3,V,V10 Slacker and '90s indie rock,,Post-punk,The Carolinas,"Chapel Hill, NC",Durham and Chapel Hill,feedback; noise wall; harmonized guitars; storytelling; bleak,Thermal Cradle; My Kimono,Deep cut,,,Documented,High
A1540,Seam,The Problem with Me,1993,LP,Touch and Go Records,L3,V,V10 Slacker and '90s indie rock,V12,Slowcore,Chicago and the Midwest,"Chicago, IL",,hushed; glacial; deadpan; bleak; feedback,Shame; Little Chang,Recommended,,,Both,High
A1541,Small Factory,I Do Not Love You,1993,LP,spinART Records,L3,V,V10 Slacker and '90s indie rock,,Lo-fi,The Northeast,"Providence, RI",,lo-fi; deadpan; jangle; short songs (under 2 minutes); hushed,Valentine; Keep On Smiling; I'm Not Giving Up,Deep cut,,,Inferred,High
A1542,The Spinanes,Manos,1993,LP,Sub Pop,L3,V,V10 Slacker and '90s indie rock,,Slacker,The West,"Portland, OR",,lo-fi; hushed; jangle; deadpan; breezy,"Noel, Jonah, and Me; Kid in Candy",Recommended,,,Both,High
A1543,Superchunk,On the Mouth,1993,LP,Matador Records,L3,V,V10 Slacker and '90s indie rock,,Punk,The Carolinas,"Chapel Hill, NC",Durham and Chapel Hill,shouted; anthemic; rowdy; jangle; short songs (under 2 minutes),Precision Auto; For Tension,Recommended,,Y,Documented,High
A1544,Tsunami,Deep End,1993,LP,Simple Machines,L3,V,V10 Slacker and '90s indie rock,,Jangle,The Northeast,"Arlington, VA",,jangle; close harmonies; deadpan; shouted; breezy,Genius Girl; Punk Means Cuddle,Deep cut,,,Documented,High
A1545,Unrest,Perfect Teeth,1993,LP,4AD Records,L3,V,V10 Slacker and '90s indie rock,,Jangle,The Northeast,"Washington, D.C.",,jangle; deadpan; close harmonies; breezy; pop-culture references,Make Out Club; Cath Carroll; Sugar Shack,Essential,,,Both,High
A1546,Yo La Tengo,Painful,1993,LP,Matador Records,L3,V,V10 Slacker and '90s indie rock,,Slacker,The Northeast,"Hoboken, NJ",,feedback; hushed; drawl; glacial; cosmic,I Heard You Looking; Big Day Coming,Essential,,,Documented,High
A1547,Built to Spill,There's Nothing Wrong with Love,1994,LP,Up Records,L3,V,V10 Slacker and '90s indie rock,,Slacker,The West,"Boise, ID",Boise,jangle; deadpan; small-town; breezy; funny-sad,Car; In the Morning,Essential,,Y,Both,High
A1548,Butterglory,Crumble,1994,LP,Merge Records,L3,V,V10 Slacker and '90s indie rock,,Lo-fi,Chicago and the Midwest,"Lawrence, KS",,lo-fi; deadpan; fingerpicked acoustic; short songs (under 2 minutes); funny-sad,Waiting on the Guns; Forty-Four; Cactus,Deep cut,,,Both,High
A1549,Eric's Trip,Forever Again,1994,LP,Sub Pop,L3,V,V10 Slacker and '90s indie rock,,Lo-fi,"The UK, Ireland and Canada","Moncton, New Brunswick, Canada",,lo-fi; feedback; drawl; heartbreak; hushed,View Master; Behind the Line,Recommended,,,Documented,High
A1550,The Grifters,Crappin' You Negative,1994,LP,Shangri-La Records,L3,V,V10 Slacker and '90s indie rock,,Lo-fi,The South,"Memphis, TN",,lo-fi; drawl; noise wall; deadpan; storytelling,Bummer; Corolla Hoist,Essential,,,Both,High
A1551,The Halo Benders,God Don't Make No Junk,1994,LP,K Records,L3,V,V10 Slacker and '90s indie rock,,Lo-fi,The West,"Boise, ID / Olympia, WA",Olympia and K Records,lo-fi; baritone; deadpan; funny-sad; small-town,Country Fair; Canned Oxygen,Deep cut,,,Documented,High
A1552,Liz Phair,Whip-Smart,1994,LP,Matador Records,L3,V,V10 Slacker and '90s indie rock,,Slacker,Chicago and the Midwest,"Chicago, IL",,deadpan; heartbreak; breezy; storytelling; pop-culture references,Supernova; Whip-Smart,Recommended,,,Documented,High
A1553,Pavement,"Crooked Rain, Crooked Rain",1994,LP,Matador Records,L3,V,V10 Slacker and '90s indie rock,,Slacker,The West,"Stockton, CA",,jangle; deadpan; funny-sad; pop-culture references; breezy,Gold Soundz; Cut Your Hair; Range Life,Essential,Y,Y,Documented,High
A1554,Silkworm,Libertine,1994,LP,El Recordo,L3,V,V10 Slacker and '90s indie rock,,Post-punk,The West,"Seattle, WA",,baritone; deadpan; drawl; storytelling; noise wall,There Is a Party in Warsaw Tonight; Couldn't You Wait?; Cotton Girl,Recommended,,,Documented,High
A1555,Superchunk,Foolish,1994,LP,Merge Records,L3,V,V10 Slacker and '90s indie rock,,Slacker,The Carolinas,"Chapel Hill, NC",Durham and Chapel Hill,heartbreak; jangle; deadpan; funny-sad; breezy,Like a Fool; The First Part,Essential,,Y,Documented,High
A1556,Thinking Fellers Union Local 282,Strangers from the Universe,1994,LP,Matador Records,L3,V,V10 Slacker and '90s indie rock,,Noise,The West,"San Francisco, CA",,noise wall; lo-fi; deadpan; shouted; feedback,Socket; Hundreds of Years; Guillotine,Deep cut,,,Both,High
A1557,Trumans Water,Godspeed the Punchline,1994,LP,Homestead Records,L3,V,V10 Slacker and '90s indie rock,,Noise,The West,"San Diego, CA",,noise wall; shouted; lo-fi; short songs (under 2 minutes); feedback,Long End of a Firearm; Enflamed; Antsmashes Yer Star (Dead Airwaves),Deep cut,,,Both,High
A1558,Tsunami,The Heart's Tremolo,1994,LP,Simple Machines,L3,V,V10 Slacker and '90s indie rock,,Jangle,The Northeast,"Arlington, VA",,jangle; close harmonies; breezy; heartbreak; deadpan,She's a Cloud; Old Life,Deep cut,,,Documented,High
A1559,Versus,The Stars Are Insane,1994,LP,TeenBeat Records,L3,V,V10 Slacker and '90s indie rock,,Jangle,The Northeast,"New York, NY",,jangle; close harmonies; heartbreak; breezy; storytelling,Wired; Let It Ride,Recommended,,,Documented,High
A1560,Archers of Loaf,Vee Vee,1995,LP,Alias Records,L3,V,V10 Slacker and '90s indie rock,,Noise,The Carolinas,"Chapel Hill, NC",Durham and Chapel Hill,feedback; noise wall; shouted; deadpan; storytelling,Harnessed in Slums; Underdogs of Nipomo,Recommended,,Y,Documented,High
A1561,Caustic Resin,Fly Me to the Moon,1995,LP,Up Records,L3,V,V10 Slacker and '90s indie rock,,Crossover,The West,"Boise, ID",Boise,Crazy Horse fuzz; long solos; feedback; drawl; noise wall,Spore; Kill You If You Want Me To; Water Moccasin,Deep cut,,,Both,High
A1562,Chavez,Gone Glimmering,1995,LP,Matador Records,L3,V,V10 Slacker and '90s indie rock,,Noise,The Northeast,"New York, NY",,feedback; noise wall; harmonized guitars; shouted; anthemic,Break Up Your Band; Repeat the Ending,Recommended,,,Both,High
A1563,Helium,The Dirt of Luck,1995,LP,Matador Records,L3,V,V10 Slacker and '90s indie rock,,Noise,The Northeast,"Boston, MA",,deadpan; feedback; baritone; storytelling; noise wall,Superball; Pat's Trick,Recommended,,,Documented,High
A1564,Number One Cup,Possum Trot Plan,1995,LP,Flydaddy Records,L3,V,V10 Slacker and '90s indie rock,,Power pop,Chicago and the Midwest,"Chicago, IL",,jangle; deadpan; drawl; breezy; funny-sad,Divebomb; Birth of a Gasser,Deep cut,,,Both,High
A1565,Pavement,Wowee Zowee,1995,LP,Matador Records,L3,V,V10 Slacker and '90s indie rock,,Lo-fi,The West,"Stockton, CA",,lo-fi; deadpan; funny-sad; breezy; feedback,Rattled by the Rush; Father to a Sister of Thought; AT&T,Recommended,,Y,Both,High
A1566,Seam,Are You Driving Me Crazy?,1995,LP,Touch and Go Records,L3,V,V10 Slacker and '90s indie rock,V12,Slowcore,Chicago and the Midwest,"Chicago, IL",,hushed; glacial; bleak; deadpan; storytelling,Days of Thunder; Sky Blue Sky,Deep cut,,,Documented,High
A1567,Superchunk,Here's Where the Strings Come In,1995,LP,Merge Records,L3,V,V10 Slacker and '90s indie rock,,Jangle,The Carolinas,"Chapel Hill, NC",Durham and Chapel Hill,jangle; anthemic; breezy; deadpan; short songs (under 2 minutes),Hyper Enough; Detroit Has a Skyline,Essential,,Y,Documented,High
A1568,Trumans Water,Milktrain to Paydirt,1995,LP,Homestead Records,L3,V,V10 Slacker and '90s indie rock,,Noise,The West,"San Diego, CA",,noise wall; shouted; lo-fi; long songs (7+ minutes); feedback,Lick Observatory; Concussed; Sour Synapse/St. Job Int'l Gore,Deep cut,,,Both,High
A1569,Yo La Tengo,Electr-O-Pura,1995,LP,Matador Records,L3,V,V10 Slacker and '90s indie rock,,Slacker,The Northeast,"Hoboken, NJ",,feedback; hushed; glacial; cosmic; drawl,Blue Line Swinger; Decora,Essential,,,Documented,High
A1570,Archers of Loaf,All the Nation's Airports,1996,LP,Alias Records,L3,V,V10 Slacker and '90s indie rock,,Slacker,The Carolinas,"Chapel Hill, NC",Durham and Chapel Hill,jangle; deadpan; pop-culture references; breezy; feedback,Chumming the Ocean; Scenic Pastures,Recommended,,Y,Both,High
A1571,Butterglory,Are You Building a Temple in Heaven?,1996,LP,Merge Records,L3,V,V10 Slacker and '90s indie rock,,Lo-fi,Chicago and the Midwest,"Lawrence, KS",,lo-fi; deadpan; jangle; funny-sad; short songs (under 2 minutes),She Clicks the Sticks; The Halo Over Your Head; Sit in the Car,Deep cut,,,Both,High
A1572,Chavez,Ride the Fader,1996,LP,Matador Records,L3,V,V10 Slacker and '90s indie rock,,Noise,The Northeast,"New York, NY",,feedback; noise wall; harmonized guitars; anthemic; shouted,Unreal Is Here; Nervous Breakthrough,Recommended,,,Both,High
A1573,The Grifters,Ain't My Lookout,1996,LP,Shangri-La Records / Sub Pop,L3,V,V10 Slacker and '90s indie rock,,Lo-fi,The South,"Memphis, TN",,drawl; storytelling; breezy; deadpan; polished,Bronze Cast; Eureka Moment,Recommended,,,Both,High
A1574,Heatmiser,Mic City Sons,1996,LP,Caroline Records,L3,V,V10 Slacker and '90s indie rock,,Slacker,The West,"Portland, OR",,deadpan; drawl; funny-sad; breezy; heartbreak,Get Lucky; Plainclothes Man,Recommended,,,Documented,High
A1575,The Karl Hendricks Trio,"For a While, It Was Funny",1996,LP,Merge Records,L3,V,V10 Slacker and '90s indie rock,,Slacker,The Northeast,"Pittsburgh, PA",,deadpan; drawl; funny-sad; storytelling; shouted,Naked and High on Drugs; A Boy Who Plays with Dolls; Secret of the Easy Yoke,Deep cut,,,Both,High
A1576,Modest Mouse,This Is a Long Drive for Someone with Nothing to Think About,1996,LP,Up Records,L3,V,V10 Slacker and '90s indie rock,,Slacker,The West,"Issaquah, WA",,cracked or yelping; road songs; small-town; feedback; deadpan,Dramamine; Novocain Stain,Recommended,,,Documented,High
A1577,Polvo,Exploded Drawing,1996,LP,Touch and Go Records,L3,V,V10 Slacker and '90s indie rock,,Post-punk,The Carolinas,"Chapel Hill, NC",Durham and Chapel Hill,harmonized guitars; feedback; storytelling; cosmic; noise wall,Time Isn't on My Side; Everything Isn't Right,Recommended,,,Documented,High
A1578,Silkworm,Firewater,1996,LP,Matador Records,L3,V,V10 Slacker and '90s indie rock,,Post-punk,The West,"Seattle, WA",,baritone; deadpan; drawl; storytelling; noise wall,Insomnia; The Bones,Recommended,,,Documented,High
A1579,The Spinanes,Strand,1996,LP,Sub Pop,L3,V,V10 Slacker and '90s indie rock,,Slacker,The West,"Portland, OR",,jangle; breezy; hushed; deadpan; storytelling,Souvenir; Azzurra,Deep cut,,,Both,High
A1580,Spoon,Telephono,1996,LP,Matador Records,L3,V,V10 Slacker and '90s indie rock,,Post-punk,Texas and Oklahoma,"Austin, TX",,shouted; noise wall; deadpan; feedback; short songs (under 2 minutes),Not Turning Off; Don't Buy the Realistic,Recommended,,,Both,High
A1581,Versus,Secret Swingers,1996,LP,Caroline Records,L3,V,V10 Slacker and '90s indie rock,,Jangle,The Northeast,"New York, NY",,jangle; close harmonies; breezy; storytelling; anthemic,Miss Out; Air,Recommended,,,Documented,High
A1582,The Wrens,Secaucus,1996,LP,Grass Records,L3,V,V10 Slacker and '90s indie rock,,Jangle,The Northeast,"Secaucus, NJ",,jangle; breezy; heartbreak; storytelling; anthemic,Won't Do You Wrong; Everyone Chooses Sides,Deep cut,,,Documented,High
A1583,Beulah,Handsome Western States,1997,LP,Elephant 6 Recording Company,L3,V,V10 Slacker and '90s indie rock,,Indie folk,The West,"San Francisco, CA",,horns; harmonized guitars; jangle; funny-sad; breezy,"Disco: The Secretaries Blues; Shotgun Dedication; I Love John, She Loves Paul",Deep cut,,,Both,High
A1584,Built to Spill,Perfect from Now On,1997,LP,Warner Bros. Records,L3,V,V10 Slacker and '90s indie rock,,Slacker,The West,"Boise, ID",Boise,long solos; long songs (7+ minutes); breezy; deadpan; cosmic,Randy Described Eternity; Stop the Show; Untrustable / Part 2,Essential,,Y,Both,High
A1585,Grandaddy,Under the Western Freeway,1997,LP,Will Records,L3,V,V10 Slacker and '90s indie rock,,Lo-fi,The West,"Modesto, CA",,synths; lo-fi; drawl; breezy; small-town,Summer Here Kids; Everything Beautiful Is Far Away,Recommended,,,Both,High
A1586,Helium,The Magic City,1997,LP,Matador Records,L3,V,V10 Slacker and '90s indie rock,,Noise,The Northeast,"Boston, MA",,synths; drum machine; deadpan; cosmic; storytelling,Medieval People; Leon's Space Song,Deep cut,,,Both,High
A1587,Modest Mouse,The Lonesome Crowded West,1997,LP,Up Records,L3,V,V10 Slacker and '90s indie rock,,Slacker,The West,"Issaquah, WA",,cracked or yelping; road songs; small-town; political; storytelling,Trucker's Atlas; Cowboy Dan; Doin' the Cockroach,Essential,,,Documented,High
A1588,Number One Cup,Wrecked by Lions,1997,LP,Flydaddy Records,L3,V,V10 Slacker and '90s indie rock,,Power pop,Chicago and the Midwest,"Chicago, IL",,jangle; deadpan; drawl; breezy; funny-sad,Waiting on the Lions; Three Miles from Talent; Malcolm's X-Ray Picnic,Deep cut,,,Documented,High
A1589,Pavement,Brighten the Corners,1997,LP,Matador Records,L3,V,V10 Slacker and '90s indie rock,,Jangle,The West,"Stockton, CA",,jangle; deadpan; breezy; pop-culture references; funny-sad,Stereo; Shady Lane; Type Slowly,Recommended,,Y,Documented,High
A1590,Silkworm,Developer,1997,LP,Matador Records,L3,V,V10 Slacker and '90s indie rock,,Post-punk,The West,"Seattle, WA",,baritone; drawl; storytelling; deadpan; noise wall,Developer; Never Met a Man I Didn't Like; The Devil Is Beating His Wife,Deep cut,,,Documented,High
A1591,Superchunk,Indoor Living,1997,LP,Merge Records,L3,V,V10 Slacker and '90s indie rock,,Jangle,The Carolinas,"Chapel Hill, NC",Durham and Chapel Hill,breezy; jangle; hushed; funny-sad; polished,Watery Hands; Song for Marion Brown,Recommended,,Y,Documented,High
A1592,The Van Pelt,Sultans of Sentiment,1997,LP,Gern Blandsten Records,L3,V,V10 Slacker and '90s indie rock,,Post-punk,The Northeast,"Jersey City, NJ",,deadpan; storytelling; baritone; jangle; small-town,"Nanzen Kills a Cat; The Good, the Bad, and the Blind; Yamato (Where People Really Die)",Deep cut,,,Both,High
A1593,Yo La Tengo,I Can Hear the Heart Beating as One,1997,LP,Matador Records,L3,V,V10 Slacker and '90s indie rock,,Indie folk,The Northeast,"Hoboken, NJ",,hushed; breezy; cosmic; duets; funny-sad,Autumn Sweater; Sugarcube; Center of Gravity,Essential,,,Documented,High
A1594,764-HERO,Get Here and Stay,1998,LP,Up Records,L2,V,V10 Slacker and '90s indie rock,,Slacker,The West,"Seattle, WA",Olympia and K Records,deadpan; jangle; drawl; small-town; breezy,History Lessons; Ward's Country; Coastline,Deep cut,,,Both,High
A1595,Archers of Loaf,White Trash Heroes,1998,LP,Alias Records,L2,V,V10 Slacker and '90s indie rock,,Noise,The Carolinas,"Chapel Hill, NC",Durham and Chapel Hill,noise wall; deadpan; bleak; feedback; storytelling,Fashion Bleeds,Deep cut,,Y,Both,High
A1596,Death Cab for Cutie,Something About Airplanes,1998,LP,Barsuk Records,L2,V,V10 Slacker and '90s indie rock,,Indie folk,The West,"Bellingham, WA",,hushed; jangle; drawl; heartbreak; fingerpicked acoustic,President of What?; Champagne from a Paper Cup; Line of Best Fit,Recommended,,,Documented,High
A1597,The Halo Benders,The Rebels Not In,1998,LP,K Records,L2,V,V10 Slacker and '90s indie rock,,Lo-fi,The West,"Boise, ID / Olympia, WA",Olympia and K Records,lo-fi; baritone; deadpan; small-town; breezy,Boy's Best Friend,Deep cut,,,Documented,High
A1598,The Karl Hendricks Trio,Declare Your Weapons,1998,LP,Merge Records,L2,V,V10 Slacker and '90s indie rock,,Slacker,The Northeast,"Pittsburgh, PA",,deadpan; drawl; storytelling; funny-sad; shouted,Like John Travolta; A Letter to the Coach; Surrender on Demand,Deep cut,,,Documented,High
A1599,Mary Lou Lord,Got No Shadow,1998,LP,Work Records,L2,V,V10 Slacker and '90s indie rock,,Jangle,The Northeast,"Boston, MA",,fingerpicked acoustic; jangle; drawl; breezy; storytelling,His Lamest Flame; Some Jingle Jangle Morning (When I'm Straight); Shake Sugaree,Deep cut,,,Both,Medium
A1600,The Minders,Hooray for Tuesday,1998,LP,spinART,L2,V,V10 Slacker and '90s indie rock,,Lo-fi,The West,"Denver, CO / Elephant 6",Elephant 6,jangle; fingerpicked acoustic; lo-fi; breezy; pop-culture references,Hooray for Tuesday; Yeah Yeah Yeah; Our Man in Bombay,Deep cut,,,Both,Medium
A1601,Quasi,"Featuring ""Birds""",1998,LP,Up Records,L2,V,V10 Slacker and '90s indie rock,,Lo-fi,The West,"Portland, OR",,deadpan; lo-fi; synths; storytelling; funny-sad,Only Success Can Fail Me; Slowly Alone,Recommended,,,Documented,High
A1602,Silkworm,Blueblood,1998,LP,Touch and Go Records,L2,V,V10 Slacker and '90s indie rock,,Post-punk,The West,"Chicago, IL",,baritone; drawl; deadpan; storytelling; noise wall,Slave Wages,Recommended,,,Documented,High
A1603,Spoon,A Series of Sneaks,1998,LP,Elektra Records,L2,V,V10 Slacker and '90s indie rock,,Post-punk,Texas and Oklahoma,"Austin, TX",,deadpan; shouted; jangle; short songs (under 2 minutes); breezy,Metal Detektor; The Minor Tough,Deep cut,,,Documented,High
A1604,Versus,Two Cents Plus Tax,1998,LP,Caroline Records,L2,V,V10 Slacker and '90s indie rock,,Jangle,The Northeast,"New York, NY",,jangle; close harmonies; storytelling; breezy; anthemic,Sunday Best; Crazy Eight,Deep cut,,,Documented,High
A1605,Beulah,When Your Heartstrings Break,1999,LP,Sugar Free Records,L2,V,V10 Slacker and '90s indie rock,,Power pop,The West,"San Francisco, CA",Elephant 6,horns; jangle; harmonized guitars; funny-sad; breezy,Emma Blowgun's Last Stand; Score from Augusta; Silverado Days,Recommended,,,Both,Medium
A1606,Built to Spill,Keep It Like a Secret,1999,LP,Warner Bros. Records,L2,V,V10 Slacker and '90s indie rock,,Slacker,The West,"Boise, ID",Boise,jangle; deadpan; breezy; long solos; small-town,Carry the Zero; Center of the Universe,Essential,,Y,Both,High
A1607,Pavement,Terror Twilight,1999,LP,Matador Records,L2,V,V10 Slacker and '90s indie rock,,Jangle,The West,"Stockton, CA",,jangle; breezy; deadpan; funny-sad; polished,Spit on a Stranger; Major Leagues; Carrot Rope,Recommended,,Y,Documented,High
A1608,Quasi,Field Studies,1999,LP,Up Records,L2,V,V10 Slacker and '90s indie rock,,Lo-fi,The West,"Portland, OR",,deadpan; lo-fi; synths; funny-sad; hushed,Nothing from Nothing,Deep cut,,,Documented,High
A1609,Radar Bros.,The Singing Hatchet,1999,LP,See Thru Broadcasting (US) / Chemikal Underground (UK),L2,V,V10 Slacker and '90s indie rock,V12,Slowcore,The West,"Los Angeles, CA",,hushed; glacial; fingerpicked acoustic; lullaby; bleak,Tar The Roofs; Shifty Lies; Open Ocean Sailing,Deep cut,,,Inferred,High
A1610,Superchunk,Come Pick Me Up,1999,LP,Merge Records,L2,V,V10 Slacker and '90s indie rock,,Indie folk,The Carolinas,"Chapel Hill, NC",Durham and Chapel Hill,horns; strings; hushed; breezy; funny-sad,Hello Hawk; So Convinced,Recommended,,Y,Documented,High
A1611,Death Cab for Cutie,We Have the Facts and We're Voting Yes,2000,LP,Barsuk Records,L2,V,V10 Slacker and '90s indie rock,,Indie folk,The West,"Bellingham, WA",,hushed; drawl; heartbreak; fingerpicked acoustic; bleak,The Employment Pages; Company Calls; No Joy in Mudville,Recommended,,,Both,High
A1612,Grandaddy,The Sophtware Slump,2000,LP,V2 Records,L2,V,V10 Slacker and '90s indie rock,,Lo-fi,The West,"Modesto, CA",,synths; cosmic; drawl; breezy; bleak,"He's Simple, He's Dumb, He's the Pilot; Hewlett's Daughter; Jed the Humanoid",Essential,,,Documented,Medium
A1613,Modest Mouse,The Moon & Antarctica,2000,LP,Epic Records,L2,V,V10 Slacker and '90s indie rock,,Slacker,The West,"Issaquah, WA",,cosmic; cracked or yelping; storytelling; bleak; political,3rd Planet; The Stars Are Projectors; Gravity Rides Everything,Essential,,,Documented,High
A1614,Silkworm,Lifestyle,2000,LP,Touch and Go Records,L2,V,V10 Slacker and '90s indie rock,,Post-punk,The West,"Chicago, IL",,baritone; drawl; storytelling; deadpan; bleak,Not Tomorrow; Plan of the Man,Recommended,,,Documented,High
A1615,Yo La Tengo,And Then Nothing Turned Itself Inside-Out,2000,LP,Matador Records,L2,V,V10 Slacker and '90s indie rock,,Indie folk,The Northeast,"Hoboken, NJ",,hushed; glacial; synths; lullaby; cosmic,Everyday; Cherry Chapstick,Recommended,,,Documented,High
A1616,Built to Spill,Ancient Melodies of the Future,2001,LP,Warner Bros. Records,L2,V,V10 Slacker and '90s indie rock,,Slacker,The West,"Boise, ID",Boise,jangle; breezy; deadpan; long solos; funny-sad,Strange; Alarmed,Recommended,,Y,Documented,High
A1617,The Shins,"Oh, Inverted World",2001,LP,Sub Pop,L2,V,V10 Slacker and '90s indie rock,V17,Jangle,The West,"Albuquerque, NM",,jangle; harmonized guitars; breezy; hushed; cosmic,Caring Is Creepy; New Slang; Know Your Onion!,Recommended,,,Both,Medium
A1618,Spoon,Girls Can Tell,2001,LP,Merge Records,L2,V,V10 Slacker and '90s indie rock,,Post-punk,Texas and Oklahoma,"Austin, TX",,deadpan; jangle; breezy; storytelling; anthemic,Everything Hits at Once; Chicago at Night,Essential,,,Documented,High
A1619,Stephen Malkmus,Stephen Malkmus,2001,LP,Matador Records,L2,V,V10 Slacker and '90s indie rock,,Slacker,The West,"Portland, OR",,deadpan; drawl; jangle; long solos; pop-culture references,Black Book; Phantasies; Jo Jo's Jacket,Recommended,,,Documented,High
A1620,Silkworm,Italian Platinum,2002,LP,Touch and Go Records,L2,V,V10 Slacker and '90s indie rock,,Post-punk,The West,"Chicago, IL",,baritone; drawl; storytelling; deadpan; anthemic,Young Cannons,Deep cut,,,Documented,High
A1621,Stephen Malkmus,Pig Lib,2003,LP,Matador Records,L2,V,V10 Slacker and '90s indie rock,,Slacker,The West,"Portland, OR",,deadpan; drawl; long solos; jangle; pop-culture references,Water and a Seat; Ramp of Death; (Do Not Feed the) Oyster,Deep cut,,,Documented,Medium
A1622,The Wrens,The Meadowlands,2003,LP,Absolutely Kosher Records,L2,V,V10 Slacker and '90s indie rock,,Jangle,The Northeast,"Secaucus, NJ",,jangle; heartbreak; storytelling; funny-sad; anthemic,Happy; This Boy Is Exhausted; She Sends Kisses,Essential,,,Documented,High
A1623,Built to Spill,You in Reverse,2006,LP,Warner Bros. Records,L2,V,V10 Slacker and '90s indie rock,,Slacker,The West,"Boise, ID",Boise,long solos; long songs (7+ minutes); cosmic; breezy; deadpan,Goin' Against Your Mind; Conventional Wisdom,Recommended,,Y,Documented,High
A1624,Superchunk,Majesty Shredding,2010,LP,Merge Records,L2,V,V10 Slacker and '90s indie rock,,Punk,The Carolinas,"Chapel Hill, NC",Durham and Chapel Hill,anthemic; rowdy; jangle; breezy; short songs (under 2 minutes),Digging for Something; Crossed Wires,Recommended,,Y,Documented,High
A1625,Daniel Johnston,"Hi, How Are You",1983,LP,Self-released,L4,V,V11 Lo-fi and home taping,,Lo-fi,Texas and Oklahoma,"Austin, TX",Austin,lo-fi; cracked or yelping; hushed; piano; lullaby,Walking the Cow; Impossible Love,Essential,,,Both,High
A1626,Daniel Johnston,Yip/Jump Music,1983,LP,Self-released,L4,V,V11 Lo-fi and home taping,,Lo-fi,Texas and Oklahoma,"Austin, TX",Austin,lo-fi; cracked or yelping; hushed; piano; lullaby,Speeding Motorcycle; True Love Will Find You in the End,Essential,,,Documented,High
A1627,Half Japanese,Charmed Life,1988,LP,50 Skidillion Watts,L3,V,V11 Lo-fi and home taping,V16,Lo-fi,The Northeast,"Uniontown, MD",,lo-fi; noise wall; cracked or yelping; shouted; short songs (under 2 minutes),Ventilator; Buttercups,Recommended,,,Both,Medium
A1628,The Frogs,It's Only Right and Natural,1989,LP,Homestead Records,L3,V,V11 Lo-fi and home taping,,Lo-fi,Chicago and the Midwest,"Milwaukee, WI",,lo-fi; shouted; funny-sad; noise wall; deadpan,Rosy Jack World; Homos,Deep cut,,,Inferred,High
A1629,Sebadoh,The Freed Man,1989,LP,Homestead Records,L3,V,V11 Lo-fi and home taping,,Lo-fi,The Northeast,"Westfield, MA",Western Mass DIY,lo-fi; cracked or yelping; hushed; short songs (under 2 minutes); deadpan,Healthy Sick; Wall of Doubt,Recommended,,Y,Documented,High
A1630,Daniel Johnston,1990,1990,LP,Shimmy-Disc,L3,V,V11 Lo-fi and home taping,,Lo-fi,Texas and Oklahoma,"Austin, TX",Austin,lo-fi; cracked or yelping; piano; hushed; bleak,Devil Town; Some Things Last a Long Time,Essential,,,Documented,High
A1631,Sebadoh,Weed Forestin',1990,LP,Homestead Records,L3,V,V11 Lo-fi and home taping,,Lo-fi,The Northeast,"Westfield, MA",Western Mass DIY,lo-fi; hushed; deadpan; heartbreak; cracked or yelping,Loud; Not a Friend,Recommended,,Y,Documented,High
A1632,Ween,GodWeenSatan: The Oneness,1990,LP,Twin/Tone Records,L3,V,V11 Lo-fi and home taping,,Lo-fi,The Northeast,"New Hope, PA",,lo-fi; cracked or yelping; short songs (under 2 minutes); funny-sad; drum machine,You Fucked Up; Common Bitch,Essential,,,Documented,High
A1633,Sebadoh,III,1991,LP,Homestead Records,L3,V,V11 Lo-fi and home taping,,Lo-fi,The Northeast,"Westfield, MA",Western Mass DIY,lo-fi; cracked or yelping; deadpan; short songs (under 2 minutes); hushed,Freed Pig,Essential,,Y,Documented,High
A1634,Ween,The Pod,1991,LP,Shimmy-Disc,L3,V,V11 Lo-fi and home taping,,Lo-fi,The Northeast,"New Hope, PA",,lo-fi; drum machine; cracked or yelping; funny-sad; short songs (under 2 minutes),"Strap on That Jammy Pac; Pork Roll, Egg & Cheese",Essential,,,Documented,High
A1635,Beat Happening,You Turn Me On,1992,LP,K Records,L3,V,V11 Lo-fi and home taping,V16,Lo-fi,The West,"Olympia, WA",Olympia and K Records,lo-fi; deadpan; hushed; drawl; small-town,Godsend; You Turn Me On; Tiger Trap,Recommended,,,Documented,High
A1636,Guided by Voices,Propeller,1992,LP,Rockathon Records,L3,V,V11 Lo-fi and home taping,V17,Lo-fi,Chicago and the Midwest,"Dayton, OH",Dayton lo-fi,lo-fi; short songs (under 2 minutes); jangle; cracked or yelping; anthemic,Weed King; Circus World; Ergo Space Pig,Essential,,Y,Documented,High
A1637,Sebadoh,Smash Your Head on the Punk Rock,1992,Compilation,Sub Pop,L3,V,V11 Lo-fi and home taping,,Lo-fi,The Northeast,"Westfield, MA",Western Mass DIY,lo-fi; cracked or yelping; short songs (under 2 minutes); noise wall; deadpan,Vampire; Brand New Love,Deep cut,,Y,Documented,High
A1638,Ween,Pure Guava,1992,LP,Elektra Records,L3,V,V11 Lo-fi and home taping,,Lo-fi,The Northeast,"New Hope, PA",,lo-fi; drum machine; cracked or yelping; funny-sad; short songs (under 2 minutes),Push th' Little Daisies; Sarah,Essential,,,Documented,High
A1639,Guided by Voices,Vampire on Titus,1993,LP,Scat Records,L3,V,V11 Lo-fi and home taping,V17,Lo-fi,Chicago and the Midwest,"Dayton, OH",Dayton lo-fi,lo-fi; short songs (under 2 minutes); cracked or yelping; deadpan; jangle,Wondering Boy Poet; Jar of Cardinals; Marchers in Orange,Essential,,Y,Documented,High
A1640,Sebadoh,Bubble & Scrape,1993,LP,Sub Pop,L3,V,V11 Lo-fi and home taping,,Lo-fi,The Northeast,"Westfield, MA",Western Mass DIY,lo-fi; hushed; deadpan; cracked or yelping; heartbreak,Soul and Fire,Essential,,Y,Documented,High
A1641,Beck,One Foot in the Grave,1994,LP,K Records,L3,V,V11 Lo-fi and home taping,,Lo-fi,The West,"Los Angeles, CA",Olympia and K Records,lo-fi; fingerpicked acoustic; drawl; deadpan; short songs (under 2 minutes),Girl Dreams; Sleeping Bag; He's a Mighty Good Leader,Recommended,,Y,Documented,High
A1642,Beck,Stereopathetic Soulmanure,1994,LP,Flipside Records,L3,V,V11 Lo-fi and home taping,,Lo-fi,The West,"Los Angeles, CA",,lo-fi; noise wall; drum machine; short songs (under 2 minutes); funny-sad,Rowboat; Total Soul Future (Eat It),Deep cut,,Y,Documented,High
A1643,Daniel Johnston,Fun,1994,LP,Atlantic,L3,V,V11 Lo-fi and home taping,,Lo-fi,Texas and Oklahoma,"Austin, TX",Austin,lo-fi; cracked or yelping; piano; hushed; funny-sad,Silly Love; Love Wheel,Recommended,,,Documented,High
A1644,East River Pipe,Poor Fricky,1994,LP,Sarah Records,L3,V,V11 Lo-fi and home taping,,Lo-fi,The Northeast,"Weehawken, NJ",,lo-fi; hushed; synths; drum machine; bleak,Cardboard Sam's Dream; Shiny Shiny Shoes,Recommended,,,Documented,High
A1645,Elliott Smith,Roman Candle,1994,LP,Cavity Search Records,L3,V,V11 Lo-fi and home taping,V10,Lo-fi,The West,"Portland, OR",Portland,lo-fi; hushed; fingerpicked acoustic; close harmonies; bleak,Condor Ave; No Name #1,Essential,,,Documented,High
A1646,The Folk Implosion,Take a Look Inside,1994,LP,Communion Label,L3,V,V11 Lo-fi and home taping,,Lo-fi,The Northeast,"Westfield, MA",Western Mass DIY,lo-fi; drum machine; deadpan; hushed; short songs (under 2 minutes),Blossom; Chicken Squawk,Recommended,,,Documented,High
A1647,Guided by Voices,Bee Thousand,1994,LP,Scat Records,L3,V,V11 Lo-fi and home taping,V17,Lo-fi,Chicago and the Midwest,"Dayton, OH",Dayton lo-fi,lo-fi; short songs (under 2 minutes); jangle; cracked or yelping; anthemic,I Am a Scientist; Echos Myron; Gold Star for Robot Boy,Essential,Y,Y,Documented,High
A1648,Lou Barlow,Winning Losers: A Collection of Home Recordings 89-93,1994,Compilation,Smells Like Records,L3,V,V11 Lo-fi and home taping,,Lo-fi,The Northeast,"Westfield, MA",Western Mass DIY,lo-fi; hushed; fingerpicked acoustic; deadpan; heartbreak,Losercore; Confusion Reigns,Deep cut,,,Documented,High
A1649,The Mountain Goats,Zopilote Machine,1994,LP,Ajax Records,L3,V,V11 Lo-fi and home taping,,Lo-fi,The West,"Claremont, CA",,lo-fi; cracked or yelping; storytelling; short songs (under 2 minutes); small-town,Orange Ball of Love; Going to Georgia; Alpha Sun Hat,Essential,,,Documented,High
A1650,Sebadoh,Bakesale,1994,LP,Sub Pop,L3,V,V11 Lo-fi and home taping,,Lo-fi,The Northeast,"Westfield, MA",Western Mass DIY,lo-fi; hushed; deadpan; heartbreak; short songs (under 2 minutes),Skull; Magnet's Coil,Essential,,Y,Documented,High
A1651,The Apples in Stereo,Fun Trick Noisemaker,1995,LP,spinART Records,L3,V,V11 Lo-fi and home taping,,Lo-fi,Chicago and the Midwest,"Denver, CO",Elephant 6,lo-fi; harmonized guitars; breezy; jangle; short songs (under 2 minutes),Tidal Wave; She's Only Happy in the Sun,Essential,,,Documented,High
A1652,Elf Power,Vainly Clutching at Phantom Limbs,1995,LP,Self-released,L3,V,V11 Lo-fi and home taping,,Lo-fi,The South,"Athens, GA",Elephant 6,lo-fi; noise wall; cosmic; small-town; breezy,Pioneer Mansion; Drug Store,Recommended,,,Documented,High
A1653,Elliott Smith,Elliott Smith,1995,LP,Kill Rock Stars,L3,V,V11 Lo-fi and home taping,V10,Lo-fi,The West,"Portland, OR",Portland,lo-fi; hushed; fingerpicked acoustic; bleak; close harmonies,Needle in the Hay; Clementine,Essential,,,Documented,High
A1654,Guided by Voices,Alien Lanes,1995,LP,Matador Records,L3,V,V11 Lo-fi and home taping,V17,Lo-fi,Chicago and the Midwest,"Dayton, OH",Dayton lo-fi,lo-fi; short songs (under 2 minutes); jangle; cracked or yelping; anthemic,Game of Pricks; My Valuable Hunting Knife; Motor Away,Essential,,Y,Both,High
A1655,The Mountain Goats,Nine Black Poppies,1995,EP,Emperor Jones,L3,V,V11 Lo-fi and home taping,,Lo-fi,The West,"Claremont, CA",,lo-fi; cracked or yelping; storytelling; short songs (under 2 minutes); bleak,Going to Bristol; Going to Queens,Deep cut,,,Documented,High
A1656,The Mountain Goats,Sweden,1995,LP,Shrimper Records,L3,V,V11 Lo-fi and home taping,,Lo-fi,The West,"Claremont, CA",,lo-fi; storytelling; cracked or yelping; road songs; small-town,The Recognition Scene; Downtown Seoul,Recommended,,,Documented,High
A1657,Sparklehorse,Vivadixiesubmarinetransmissionplot,1995,LP,Capitol Records,L3,V,V11 Lo-fi and home taping,,Lo-fi,The South,"Richmond, VA",,lo-fi; hushed; drawl; noise wall; bleak,Someday I Will Treat You Good; Homecoming Queen,Essential,,,Inferred,High
A1658,East River Pipe,Mel,1996,LP,Merge Records,L3,V,V11 Lo-fi and home taping,,Lo-fi,The Northeast,"Weehawken, NJ",,lo-fi; hushed; synths; drum machine; heartbreak,Beautiful Worn-Out Love; Spotlight,Recommended,,,Documented,High
A1659,Guided by Voices,Under the Bushes Under the Stars,1996,LP,Matador Records,L3,V,V11 Lo-fi and home taping,V17,Lo-fi,Chicago and the Midwest,"Dayton, OH",Dayton lo-fi,lo-fi; jangle; cracked or yelping; anthemic; short songs (under 2 minutes),Cut-Out Witch; Don't Stop Now; Underwater Explosions,Recommended,,Y,Documented,High
A1660,The Mountain Goats,Nothing for Juice,1996,LP,Ajax Records,L3,V,V11 Lo-fi and home taping,,Lo-fi,The West,"Claremont, CA",,lo-fi; storytelling; cracked or yelping; small-town; heartbreak,Going to Bogotá; Alabama Nova; Hellhound on My Trail,Recommended,,,Documented,High
A1661,Neutral Milk Hotel,On Avery Island,1996,LP,Merge Records,L3,V,V11 Lo-fi and home taping,,Lo-fi,The South,"Athens, GA",Elephant 6,lo-fi; noise wall; horns; cracked or yelping; hushed,Song Against Sex; Naomi,Essential,,Y,Documented,High
A1662,The Olivia Tremor Control,Music from the Unrealized Film Script: Dusk at Cubist Castle,1996,LP,Flydaddy Records,L3,V,V11 Lo-fi and home taping,,Lo-fi,The South,"Athens, GA",Elephant 6,lo-fi; cosmic; noise wall; harmonized guitars; breezy,Define a Transparent Dream; NYC-25,Essential,,,Documented,High
A1663,Robert Pollard,Not in My Airforce,1996,LP,Matador Records,L3,V,V11 Lo-fi and home taping,,Lo-fi,Chicago and the Midwest,"Dayton, OH",Dayton lo-fi,lo-fi; short songs (under 2 minutes); cracked or yelping; jangle; deadpan,Get Under It; Roofer's Union Fight Song; Girl Named Captain,Recommended,,,Documented,High
A1664,Sebadoh,Harmacy,1996,LP,Sub Pop,L3,V,V11 Lo-fi and home taping,,Lo-fi,The Northeast,"Westfield, MA",Western Mass DIY,lo-fi; heartbreak; deadpan; hushed; cracked or yelping,Ocean; On Fire,Recommended,,Y,Documented,High
A1665,Tobin Sprout,Carnival Boy,1996,LP,Matador Records,L3,V,V11 Lo-fi and home taping,,Lo-fi,Chicago and the Midwest,"Dayton, OH",Dayton lo-fi,lo-fi; hushed; jangle; fingerpicked acoustic; short songs (under 2 minutes),Gina; Angels Hang Their Socks on the Moon; Number Seven Loneliness Road,Recommended,,,Documented,High
A1666,The Apples in Stereo,Tone Soul Evolution,1997,LP,spinART Records,L3,V,V11 Lo-fi and home taping,,Lo-fi,Chicago and the Midwest,"Denver, CO",Elephant 6,lo-fi; harmonized guitars; breezy; jangle; synths,Ruby,Recommended,,,Documented,High
A1667,Bill Fox,Shelter from the Smoke,1997,LP,Cherry Pop Records,L3,V,V11 Lo-fi and home taping,,Lo-fi,Chicago and the Midwest,"Cleveland, OH",,lo-fi; jangle; fingerpicked acoustic; hushed; drawl,Old Beach Road; Rabbit Runs a Destiny,Recommended,,,Documented,High
A1668,The Folk Implosion,Dare to Be Surprised,1997,LP,Communion Label,L3,V,V11 Lo-fi and home taping,,Lo-fi,The Northeast,"Westfield, MA",Western Mass DIY,lo-fi; drum machine; deadpan; hushed; synths,Insinuation; Ball and Chain,Recommended,,,Documented,High
A1669,Guided by Voices,Mag Earwhig!,1997,LP,Matador Records,L3,V,V11 Lo-fi and home taping,V17,Lo-fi,Chicago and the Midwest,"Dayton, OH",Dayton lo-fi,lo-fi; jangle; cracked or yelping; anthemic; short songs (under 2 minutes),I Am a Tree; Bulldog Skin; Not Behind the Fighter Jet,Recommended,,Y,Documented,High
A1670,The Mountain Goats,Full Force Galesburg,1997,LP,Emperor Jones,L3,V,V11 Lo-fi and home taping,,Lo-fi,The West,"Claremont, CA",,lo-fi; storytelling; cracked or yelping; small-town; road songs,New Britain; Twin Human Highway Flares; Song for the Julian Calendar,Recommended,,,Documented,High
A1671,Of Montreal,Cherry Peel,1997,LP,Bar/None Records,L3,V,V11 Lo-fi and home taping,,Lo-fi,The South,"Athens, GA",Elephant 6,lo-fi; jangle; breezy; pop-culture references; short songs (under 2 minutes),Don't Ask Me to Explain; Baby,Recommended,,,Documented,High
A1672,Tobin Sprout,Moonflower Plastic,1997,LP,Matador Records,L3,V,V11 Lo-fi and home taping,,Lo-fi,Chicago and the Midwest,"Dayton, OH",Dayton lo-fi,lo-fi; hushed; jangle; fingerpicked acoustic; breezy,Moonflower Plastic (You're Here); Beast of Souls; Angels Hang Their Socks on the Moon,Recommended,,,Documented,High
A1673,Bill Fox,Transit Byzantium,1998,LP,spinART Records,L2,V,V11 Lo-fi and home taping,,Lo-fi,Chicago and the Midwest,"Cleveland, OH",,lo-fi; jangle; fingerpicked acoustic; hushed; drawl,From a Dark Night; Song of a Drunken Nightingale,Deep cut,,,Documented,High
A1674,Bright Eyes,A Collection of Songs Written and Recorded 1995-1997,1998,Compilation,Saddle Creek,L2,V,V11 Lo-fi and home taping,V4,Lo-fi,Chicago and the Midwest,"Omaha, NE",Omaha and Saddle Creek,lo-fi; drum machine; cracked or yelping; hushed; bleak,The City Has Sex; Falling Out of Love at This Volume,Deep cut,,,Documented,High
A1675,Bright Eyes,Letting Off the Happiness,1998,LP,Saddle Creek,L2,V,V11 Lo-fi and home taping,V4,Lo-fi,Chicago and the Midwest,"Omaha, NE",Omaha and Saddle Creek,lo-fi; cracked or yelping; hushed; heartbreak; drum machine,Padraic My Prince; June on the West Coast,Essential,,,Documented,High
A1676,Neutral Milk Hotel,In the Aeroplane Over the Sea,1998,LP,Merge Records,L2,V,V11 Lo-fi and home taping,,Lo-fi,The South,"Athens, GA",Elephant 6,lo-fi; horns; cracked or yelping; storytelling; cosmic,"King of Carrot Flowers Pt. One; In the Aeroplane Over the Sea; Holland, 1945",Essential,Y,Y,Both,High
A1677,Sparklehorse,Good Morning Spider,1998,LP,Capitol Records,L2,V,V11 Lo-fi and home taping,,Lo-fi,The South,"Richmond, VA",,lo-fi; hushed; drawl; bleak; noise wall,Sick of Goodbyes; Painbirds,Recommended,,,Documented,High
A1678,Elf Power,A Dream in Sound,1999,LP,Arena Rock Recording Co.,L2,V,V11 Lo-fi and home taping,,Lo-fi,The South,"Athens, GA",Elephant 6,lo-fi; cosmic; noise wall; harmonized guitars; breezy,Jane; Will My Feet Still Carry Me Home?,Recommended,,,Documented,High
A1679,The Folk Implosion,One Part Lullaby,1999,LP,Interscope,L2,V,V11 Lo-fi and home taping,,Lo-fi,The Northeast,"Westfield, MA",Western Mass DIY,lo-fi; drum machine; synths; deadpan; hushed,Free to Go; One Part Lullaby,Deep cut,,,Documented,High
A1680,The Microphones,Don't Wake Me Up,1999,LP,K Records,L2,V,V11 Lo-fi and home taping,,Lo-fi,The West,"Anacortes, WA",Olympia and K Records,lo-fi; noise wall; hushed; cracked or yelping; lullaby,My Heart Went Boom; The Pull,Recommended,,,Documented,High
A1681,The Music Tapes,1st Imaginary Symphony For Nomad,1999,LP,Merge Records,L2,V,V11 Lo-fi and home taping,,Lo-fi,The South,"Athens, GA",Elephant 6,lo-fi; strings; cosmic; storytelling; noise wall,The Television Tells Us; Song for Oscar Wilde,Deep cut,,,Documented,Medium
A1682,Of Montreal,The Gay Parade,1999,LP,Bar/None Records,L2,V,V11 Lo-fi and home taping,,Lo-fi,The South,"Athens, GA",Elephant 6,lo-fi; jangle; breezy; storytelling; pop-culture references,Old Familiar Way; The Autobiographical Grandpa,Deep cut,,,Documented,High
A1683,The Olivia Tremor Control,Black Foliage: Animation Music Volume One,1999,LP,Flydaddy Records,L2,V,V11 Lo-fi and home taping,,Lo-fi,The South,"Athens, GA",Elephant 6,lo-fi; cosmic; noise wall; breezy; harmonized guitars,Hideaway,Recommended,,,Documented,High
A1684,The Microphones,"It Was Hot, We Stayed in the Water",2000,LP,K Records,L2,V,V11 Lo-fi and home taping,,Lo-fi,The West,"Anacortes, WA",Olympia and K Records,lo-fi; noise wall; hushed; lullaby; feedback,The Glow; Ice,Deep cut,,,Documented,High
A1685,The Mountain Goats,The Coroner's Gambit,2000,LP,Absolutely Kosher Records,L2,V,V11 Lo-fi and home taping,,Lo-fi,The West,"Claremont, CA",,lo-fi; storytelling; cracked or yelping; small-town; bleak,Family Happiness; Baboon,Recommended,,,Documented,High
A1686,Daniel Johnston,Rejected Unknown,2001,LP,Gammon Records,L2,V,V11 Lo-fi and home taping,,Lo-fi,Texas and Oklahoma,"Austin, TX",Austin,lo-fi; cracked or yelping; piano; bleak; hushed,Party; Love Forever; Funeral Girl,Deep cut,,,Documented,High
A1687,The Microphones,The Glow Pt. 2,2001,LP,K Records,L2,V,V11 Lo-fi and home taping,,Lo-fi,The West,"Anacortes, WA",Olympia and K Records,lo-fi; noise wall; hushed; cracked or yelping; feedback,I Want Wind to Blow; The Glow Pt. 2; My Roots Are Strong and Deep,Essential,,,Documented,High
A1688,Sparklehorse,It's a Wonderful Life,2001,LP,Capitol Records,L2,V,V11 Lo-fi and home taping,,Lo-fi,The South,"Richmond, VA",,lo-fi; hushed; drawl; strings; bleak,Gold Day; Eyepennies,Recommended,,,Documented,High
A1689,The Mountain Goats,All Hail West Texas,2002,LP,Emperor Jones,L2,V,V11 Lo-fi and home taping,,Lo-fi,The West,"Claremont, CA",,lo-fi; storytelling; cracked or yelping; small-town; drinking songs,The Best Ever Death Metal Band Out of Denton; Fall of the High School Running Back,Essential,,,Documented,High
A1690,The Mountain Goats,Tallahassee,2002,LP,4AD,L2,V,V11 Lo-fi and home taping,V4,Lo-fi,The West,"Claremont, CA",,storytelling; drinking songs; bleak; small-town; heartbreak,No Children; International Small Arms Traffic Blues,Recommended,,,Documented,High
A1691,The Microphones,Mount Eerie,2003,LP,K Records,L2,V,V11 Lo-fi and home taping,,Lo-fi,The West,"Anacortes, WA",Olympia and K Records,lo-fi; hushed; noise wall; spiritual or gospel; bleak,The Mountain; Mt. Eerie,Recommended,,,Documented,Medium
A1692,Guided by Voices,Let's Go Eat the Factory,2012,LP,Guided by Voices Inc.,L2,V,V11 Lo-fi and home taping,V17,Lo-fi,Chicago and the Midwest,"Dayton, OH",Dayton lo-fi,lo-fi; short songs (under 2 minutes); cracked or yelping; jangle; anthemic,Doughnut for a Snowman; The Unsinkable Fats Domino,Recommended,,Y,Documented,High
A1693,American Music Club,California,1988,LP,Frontier Records,L3,V,V12 Slowcore and sadcore,,Slowcore,The West,"San Francisco, CA",San Francisco,baritone; hushed; pedal steel; bleak; storytelling,Firefly; Blue and Grey Shirt; Bad Liquor,Essential,,,Documented,High
A1694,Cowboy Junkies,The Trinity Session,1988,LP,RCA Records,L3,V,V12 Slowcore and sadcore,V9,Slowcore,"The UK, Ireland and Canada","Toronto, Ontario",,hushed; pedal steel; drawl; close harmonies; glacial,Misguided Angel; Sweet Jane; Blue Moon Revisited,Essential,,,Inferred,High
A1695,Galaxie 500,Today,1988,LP,Aurora Records,L3,V,V12 Slowcore and sadcore,,Slowcore,The Northeast,"Cambridge, MA",Boston,hushed; drawl; feedback; glacial; lo-fi,Flowers; Tugboat; Oblivious,Essential,,,Both,High
A1696,American Music Club,United Kingdom,1989,LP,Demon Records,L3,V,V12 Slowcore and sadcore,,Slowcore,The West,"San Francisco, CA",San Francisco,baritone; hushed; bleak; storytelling; drinking songs,Big Painted Sign; Torn Blue Foam Couch; What Godzilla Said to God,Deep cut,,,Documented,High
A1697,Galaxie 500,On Fire,1989,LP,Rough Trade,L3,V,V12 Slowcore and sadcore,,Slowcore,The Northeast,"Cambridge, MA",Boston,hushed; feedback; glacial; lullaby; bleak,Strange; Blue Thunder; Snowstorm,Essential,,,Both,High
A1698,Cowboy Junkies,The Caution Horses,1990,LP,RCA Records,L3,V,V12 Slowcore and sadcore,V9,Slowcore,"The UK, Ireland and Canada","Toronto, Ontario",,hushed; pedal steel; drawl; close harmonies; breezy,"Sun Comes Up, It's Tuesday Morning; 'Cause Cheap Is How I Feel; Rock and Bird",Recommended,,,Both,High
A1699,Galaxie 500,This Is Our Music,1990,LP,Rough Trade,L3,V,V12 Slowcore and sadcore,,Slowcore,The Northeast,"Cambridge, MA",Boston,hushed; drawl; feedback; cosmic; bleak,"Fourth of July; Way Up High; Listen, the Snow Is Falling",Essential,,,Both,High
A1700,Mazzy Star,She Hangs Brightly,1990,LP,Rough Trade,L3,V,V12 Slowcore and sadcore,,Slowcore,The West,"Los Angeles, CA",,hushed; drawl; slide guitar; cosmic; bleak,Halah; Ride It On; Give You My Lovin',Essential,,,Documented,High
A1701,American Music Club,Everclear,1991,LP,Alias Records,L3,V,V12 Slowcore and sadcore,,Slowcore,The West,"San Francisco, CA",San Francisco,baritone; hushed; bleak; storytelling; heartbreak,Rise; Miracle on 8th Street; Royal Cafe,Essential,,,Inferred,High
A1702,Codeine,Frigid Stars,1991,LP,Sub Pop,L3,V,V12 Slowcore and sadcore,,Slowcore,The Northeast,"New York, NY",,glacial; bleak; baritone; noise wall; hushed,D; Pickup Song; Cave-In,Essential,,Y,Both,High
A1703,Codeine,Barely Real,1992,EP,Sub Pop,L3,V,V12 Slowcore and sadcore,,Slowcore,The Northeast,"New York, NY",,glacial; bleak; baritone; hushed; long songs (7+ minutes),Realize; Jr.; Hard To Find,Deep cut,,Y,Documented,High
A1704,Damon & Naomi,More Sad Hits,1992,LP,Shimmy Disc,L3,V,V12 Slowcore and sadcore,,Slowcore,The Northeast,"Cambridge, MA",Boston,hushed; strings; lullaby; bleak; fingerpicked acoustic,E.T.A.; Memories; This Changing World,Recommended,,,Documented,High
A1705,Red House Painters,Down Colorful Hill,1992,LP,4AD,L3,V,V12 Slowcore and sadcore,,Slowcore,The West,"San Francisco, CA",San Francisco,hushed; fingerpicked acoustic; long songs (7+ minutes); bleak; baritone,Down Colorful Hill; Michael; Lord Kill the Pain,Essential,Y,Y,Both,High
A1706,Acetone,Cindy,1993,LP,Vernon Yard,L3,V,V12 Slowcore and sadcore,,Slowcore,The West,"Los Angeles, CA",,hushed; slide guitar; drawl; glacial; bleak,Come On; Louise; Chills,Recommended,,,Documented,High
A1707,American Music Club,Mercury,1993,LP,Reprise Records,L3,V,V12 Slowcore and sadcore,,Slowcore,The West,"San Francisco, CA",San Francisco,baritone; strings; bleak; storytelling; heartbreak,Johnny Mathis' Feet; Gratitude Walks; Challenger,Essential,,,Documented,High
A1708,Idaho,Year After Year,1993,LP,Caroline Records,L3,V,V12 Slowcore and sadcore,,Slowcore,The West,"Los Angeles, CA",,hushed; baritone; glacial; bleak; piano,Skin Soaked in Stinging Poison; Baby; This Bird Has Flown,Recommended,,,Both,Medium
A1709,Mazzy Star,So Tonight That I Might See,1993,LP,Capitol Records,L3,V,V12 Slowcore and sadcore,,Slowcore,The West,"Los Angeles, CA",,hushed; drawl; slide guitar; cosmic; harmonica,Fade Into You; Into Dust; Bells Ring,Essential,,,Documented,High
A1710,Red House Painters,Red House Painters (Bridge),1993,LP,4AD,L3,V,V12 Slowcore and sadcore,,Slowcore,The West,"San Francisco, CA",San Francisco,hushed; fingerpicked acoustic; baritone; bleak; storytelling,Blindfold; Uncle Joe; Evil,Recommended,,Y,Documented,High
A1711,Red House Painters,Red House Painters (Rollercoaster),1993,LP,4AD,L3,V,V12 Slowcore and sadcore,,Slowcore,The West,"San Francisco, CA",San Francisco,hushed; fingerpicked acoustic; long songs (7+ minutes); baritone; bleak,Katy Song; New Jersey; Mother,Essential,,Y,Documented,High
A1712,American Music Club,San Francisco,1994,LP,Reprise Records,L3,V,V12 Slowcore and sadcore,,Slowcore,The West,"San Francisco, CA",San Francisco,baritone; hushed; bleak; storytelling; breezy,What the Pillar of Salt Held Up; Wish the World Away; How Many Six Packs,Recommended,,,Documented,High
A1713,Bedhead,WhatFunLifeWas,1994,LP,Trance Syndicate,L3,V,V12 Slowcore and sadcore,,Slowcore,Texas and Oklahoma,"Dallas, TX",Denton,hushed; harmonized guitars; deadpan; glacial; drawl,Living Well; Bedside Table; The Present,Essential,,,Both,High
A1714,Codeine,The White Birch,1994,LP,Sub Pop,L3,V,V12 Slowcore and sadcore,,Slowcore,The Northeast,"New York, NY",,glacial; bleak; baritone; noise wall; long songs (7+ minutes),Sea; Loss Leader; Vacancy,Essential,,Y,Both,Medium
A1715,Idaho,This Way Out,1994,LP,Caroline Records,L3,V,V12 Slowcore and sadcore,,Slowcore,The West,"Los Angeles, CA",,hushed; baritone; glacial; bleak; strings,Palms; Return; Black As Silk,Deep cut,,,Documented,Medium
A1716,Kristin Hersh,Hips and Makers,1994,LP,4AD,L3,V,V12 Slowcore and sadcore,,Slowcore,The Northeast,"Providence, RI",,hushed; strings; cracked or yelping; fingerpicked acoustic; bleak,Your Ghost; Beestung; Sundrops,Deep cut,,,Both,Medium
A1717,Lisa Germano,Geek the Girl,1994,LP,4AD,L3,V,V12 Slowcore and sadcore,,Slowcore,Chicago and the Midwest,"New Albany, IN",,hushed; strings; cracked or yelping; bleak; lo-fi,When They Fade; Big Heart; Blue Train,Deep cut,,,Documented,Medium
A1718,Low,I Could Live in Hope,1994,LP,Vernon Yard,L3,V,V12 Slowcore and sadcore,,Slowcore,Chicago and the Midwest,"Duluth, MN",Minneapolis,hushed; close harmonies; glacial; bleak; spiritual or gospel,Words; Fear; Lullaby,Essential,Y,Y,Both,High
A1719,Bluetile Lounge,Lowercase,1995,LP,Summershine Records,L3,V,V12 Slowcore and sadcore,,Slowcore,Australia and New Zealand,"Perth, Western Australia",,hushed; noise wall; glacial; feedback; bleak,Ivy; Sky; Slo,Deep cut,,,Inferred,Medium
A1720,Low,Long Division,1995,LP,Vernon Yard,L3,V,V12 Slowcore and sadcore,,Slowcore,Chicago and the Midwest,"Duluth, MN",Minneapolis,hushed; close harmonies; glacial; bleak; drum machine,Violence; Shame; Throw Out the Line,Recommended,,Y,Both,High
A1721,Mojave 3,Ask Me Tomorrow,1995,LP,4AD,L3,V,V12 Slowcore and sadcore,,Slowcore,"The UK, Ireland and Canada","Reading, England",,hushed; pedal steel; close harmonies; breezy; bleak,Love Songs on the Radio; Sarah; Mercy,Recommended,,,Documented,High
A1722,Red House Painters,Ocean Beach,1995,LP,4AD,L3,V,V12 Slowcore and sadcore,,Slowcore,The West,"San Francisco, CA",San Francisco,hushed; fingerpicked acoustic; baritone; breezy; storytelling,Summer Dress; Cabezon; San Geronimo,Recommended,,Y,Documented,High
A1723,Spain,The Blue Moods of Spain,1995,LP,Restless Records,L3,V,V12 Slowcore and sadcore,,Slowcore,The West,"Los Angeles, CA",,hushed; baritone; slide guitar; glacial; bleak,Spiritual; Untitled #1; Every Time I Try,Recommended,,,Documented,Medium
A1724,Tarnation,Gentle Creatures,1995,LP,4AD,L3,V,V12 Slowcore and sadcore,V9,Slowcore,The West,"San Francisco, CA",San Francisco,hushed; pedal steel; drawl; Southern gothic; bleak,Gentle Creatures; Lonesome; Reconsider Baby,Recommended,,,Both,Medium
A1725,Acetone,If You Only Knew,1996,LP,Vernon Yard,L3,V,V12 Slowcore and sadcore,,Slowcore,The West,"Los Angeles, CA",,hushed; slide guitar; drawl; glacial; cosmic,If You Only Knew; In The Light; When You're Gone,Deep cut,,,Both,High
A1726,Bedhead,Beheaded,1996,LP,Trance Syndicate,L3,V,V12 Slowcore and sadcore,,Slowcore,Texas and Oklahoma,"Dallas, TX",Denton,hushed; harmonized guitars; deadpan; glacial; drawl,Extramundane; Psychosomatica; Bedside Table,Recommended,,,Documented,High
A1727,Cat Power,What Would the Community Think,1996,LP,Matador Records,L3,V,V12 Slowcore and sadcore,,Slowcore,The Northeast,"New York, NY",,hushed; cracked or yelping; bleak; lo-fi; baritone,In This Hole; Enough; Fate of the Human Carbine,Recommended,,,Both,High
A1728,Ida,I Know About You,1996,LP,Simple Machines Records,L3,V,V12 Slowcore and sadcore,,Slowcore,The Northeast,"Brooklyn, NY",,hushed; close harmonies; fingerpicked acoustic; lullaby; bleak,Little Things; Downtown; Treasure Chest,Recommended,,,Both,High
A1729,Idaho,Three Sheets to the Wind,1996,LP,Caroline Records,L3,V,V12 Slowcore and sadcore,,Slowcore,The West,"Los Angeles, CA",,hushed; baritone; bleak; glacial; piano,Sweep; Sun Drugs; Sadness,Recommended,,,Documented,Medium
A1730,Lisa Germano,Excerpts from a Love Circus,1996,LP,4AD,L3,V,V12 Slowcore and sadcore,,Slowcore,Chicago and the Midwest,"New Albany, IN",,hushed; strings; cracked or yelping; bleak; lo-fi,I Love a Snot; Lovesick; The Ballad of Tom Jones,Deep cut,,,Documented,Medium
A1731,Low,The Curtain Hits the Cast,1996,LP,Vernon Yard,L3,V,V12 Slowcore and sadcore,,Slowcore,Chicago and the Midwest,"Duluth, MN",Minneapolis,hushed; close harmonies; glacial; long songs (7+ minutes); bleak,Anon; Over the Ocean; Do You Know How to Waltz?,Recommended,,Y,Documented,High
A1732,Mark Eitzel,60 Watt Silver Lining,1996,LP,Warner Bros. Records,L3,V,V12 Slowcore and sadcore,,Slowcore,The West,"San Francisco, CA",San Francisco,baritone; piano; hushed; bleak; storytelling,Saved; Southend on Sea; Cleopatra Jones,Recommended,,,Both,High
A1733,Mazzy Star,Among My Swan,1996,LP,Capitol Records,L3,V,V12 Slowcore and sadcore,,Slowcore,The West,"Los Angeles, CA",,hushed; drawl; slide guitar; bleak; cosmic,Flowers in December; Look on Down from the Bridge; All Your Sisters,Recommended,,,Documented,Medium
A1734,Red House Painters,Songs for a Blue Guitar,1996,LP,Supreme Recordings,L3,V,V12 Slowcore and sadcore,,Slowcore,The West,"San Francisco, CA",San Francisco,baritone; long songs (7+ minutes); hushed; storytelling; breezy,Have You Forgotten; All Mixed Up; Trailways,Recommended,,Y,Documented,High
A1735,Scud Mountain Boys,Massachusetts,1996,LP,Sub Pop,L3,V,V12 Slowcore and sadcore,V9,Slowcore,The Northeast,"Northampton, MA",,hushed; pedal steel; drawl; storytelling; bleak,Grudge Fuck; Massachusetts; Freight of Fire,Recommended,,,Documented,Medium
A1736,Windsor for the Derby,Calm Hades Float,1996,LP,Trance Syndicate,L3,V,V12 Slowcore and sadcore,,Slowcore,The South,"Tampa, FL",,hushed; drum machine; glacial; cosmic; bleak,Untitled A1; Untitled A2; Untitled A3,Deep cut,,,Both,High
A1737,Julie Doiron,Loneliest in the Morning,1997,LP,Sub Pop,L3,V,V12 Slowcore and sadcore,,Slowcore,"The UK, Ireland and Canada","Moncton, New Brunswick",,hushed; fingerpicked acoustic; lo-fi; bleak; lullaby,Life of Dreams; Consolation Prize; The Wrong Guy,Recommended,,,Documented,Medium
A1738,Bedhead,Transaction de Novo,1998,LP,Trance Syndicate,L2,V,V12 Slowcore and sadcore,,Slowcore,Texas and Oklahoma,"Dallas, TX",Denton,hushed; harmonized guitars; deadpan; glacial; long songs (7+ minutes),The Present; Roman Candle; Dark Ages,Essential,,,Documented,High
A1739,Cat Power,Moon Pix,1998,LP,Matador Records,L2,V,V12 Slowcore and sadcore,,Slowcore,The Northeast,"New York, NY",,hushed; cracked or yelping; bleak; baritone; lullaby,Metal Heart; Colors and the Kids; Cross Bones Style,Essential,,,Both,High
A1740,Duster,Stratosphere,1998,LP,Up Records,L2,V,V12 Slowcore and sadcore,,Slowcore,The West,"San Jose, CA",,lo-fi; hushed; glacial; noise wall; bleak,Inside Out; The Twins/Romantica; Constellations,Essential,,Y,Both,Medium
A1741,Mojave 3,Out of Tune,1998,LP,4AD,L2,V,V12 Slowcore and sadcore,,Slowcore,"The UK, Ireland and Canada","Reading, England",,hushed; pedal steel; close harmonies; breezy; hushed,Some Kinda Angel; Give What You Take; Baby's Coming Home,Deep cut,,,Both,High
A1742,Pedro the Lion,It's Hard to Find a Friend,1998,LP,Made in Mexico,L2,V,V12 Slowcore and sadcore,V10,Slowcore,The West,"Seattle, WA",,hushed; deadpan; storytelling; fingerpicked acoustic; bleak,Secret of the Easy Yoke; The Bells; Of Up and Coming Monarchs,Deep cut,,,Both,Medium
A1743,Low,Secret Name,1999,LP,Kranky,L2,V,V12 Slowcore and sadcore,,Slowcore,Chicago and the Midwest,"Duluth, MN",Minneapolis,hushed; close harmonies; strings; spiritual or gospel; glacial,Starfire; Weight of Water; Don't Understand,Essential,,Y,Documented,High
A1744,Duster,Contemporary Movement,2000,LP,Up Records,L2,V,V12 Slowcore and sadcore,,Slowcore,The West,"San Jose, CA",,lo-fi; hushed; glacial; drum machine; bleak,Machine Dance; Gold Dust; Between Two Verses,Recommended,,Y,Both,Medium
A1745,Early Day Miners,Placer Found,2000,LP,Western Vinyl,L2,V,V12 Slowcore and sadcore,,Slowcore,Chicago and the Midwest,"Bloomington, IN",,hushed; pedal steel; glacial; long songs (7+ minutes); cosmic,Placer Found; A Huge Wave Coming; Cadillac,Deep cut,,,Inferred,Medium
A1746,The For Carnation,The For Carnation,2000,LP,Touch and Go Records,L2,V,V12 Slowcore and sadcore,,Slowcore,The South,"Louisville, KY",Louisville and Sophomore Lounge,hushed; baritone; drum machine; glacial; bleak,Being Held; Moonbeams; Tales (Live from Airport Novelties),Recommended,,,Documented,Medium
A1747,Ida,Will You Find Me,2000,LP,Tiger Style Records,L2,V,V12 Slowcore and sadcore,,Slowcore,The Northeast,"Brooklyn, NY",,hushed; close harmonies; fingerpicked acoustic; strings; lullaby,Maybelle; Shrug; The Radiator,Recommended,,,Inferred,High
A1748,Nina Nastasia,Dogs,2000,LP,Socialist Records,L2,V,V12 Slowcore and sadcore,,Slowcore,The Northeast,"New York, NY",,hushed; fingerpicked acoustic; strings; bleak; storytelling,Colourful; This Is Wanting; You Her and Me,Deep cut,,,Both,High
A1749,Pedro the Lion,Winners Never Quit,2000,LP,Jade Tree,L2,V,V12 Slowcore and sadcore,V10,Slowcore,The West,"Seattle, WA",,hushed; deadpan; storytelling; bleak; spiritual or gospel,Slow and Steady Wins the Race; Bad Things to Such Good People; Simple Economics,Deep cut,,,Both,Medium
A1750,Carissa's Wierd,You Should Be at Home Here,2001,LP,Brown Records,L2,V,V12 Slowcore and sadcore,,Slowcore,The West,"Seattle, WA",Seattle,hushed; close harmonies; lo-fi; bleak; lullaby,You Should Be At Home Here; The Ghost Of A Dead Hummingbird Flying Around The Room,Recommended,,,Documented,High
A1751,Hope Sandoval & the Warm Inventions,Bavarian Fruit Bread,2001,LP,Rough Trade,L2,V,V12 Slowcore and sadcore,,Slowcore,The West,"Los Angeles, CA",,hushed; drawl; lullaby; cosmic; bleak,Drop; Suzanne; Feeling of Gaze,Recommended,,,Documented,High
A1752,Julie Doiron,Désormais,2001,LP,Jagjaguwar,L2,V,V12 Slowcore and sadcore,,Slowcore,"The UK, Ireland and Canada","Moncton, New Brunswick",,hushed; fingerpicked acoustic; lo-fi; bleak; close harmonies,Told You; Life of Dreams; You Gave Me the Key,Deep cut,,,Documented,Medium
A1753,Low,Things We Lost in the Fire,2001,LP,Kranky,L2,V,V12 Slowcore and sadcore,,Slowcore,Chicago and the Midwest,"Duluth, MN",Minneapolis,hushed; close harmonies; strings; cracked or yelping; bleak,Dinosaur Act; Sunflower; In the Drugs,Essential,,Y,Both,High
A1754,The New Year,Newness Ends,2001,LP,Touch and Go Records,L2,V,V12 Slowcore and sadcore,,Slowcore,Texas and Oklahoma,"Denton, TX",Denton,hushed; harmonized guitars; deadpan; glacial; drawl,The Beach; Half a Believer; The Company I Can Get,Recommended,,,Documented,Medium
A1755,Red House Painters,Old Ramon,2001,LP,Sub Pop,L2,V,V12 Slowcore and sadcore,,Slowcore,The West,"San Francisco, CA",San Francisco,baritone; hushed; bleak; storytelling; long songs (7+ minutes),Wop-a-Din-Din; Michael; Byrd Joel,Recommended,,Y,Documented,High
A1756,Carissa's Wierd,Songs About Leaving,2002,LP,Sad Robot Records,L2,V,V12 Slowcore and sadcore,,Slowcore,The West,"Seattle, WA",Seattle,hushed; close harmonies; lo-fi; bleak; cracked or yelping,"Ignorant Piece of Shit; You Should Be Ashamed, Old Friend; Meridian",Recommended,,,Documented,High
A1757,Early Day Miners,Let Us Garlands Bring,2002,LP,Secretly Canadian,L2,V,V12 Slowcore and sadcore,,Slowcore,Chicago and the Midwest,"Bloomington, IN",,hushed; pedal steel; glacial; strings; cosmic,Sunrise; The Split of the Fittest; Wounded Astronomer,Deep cut,,,Documented,Medium
A1758,Hem,Rabbit Songs,2002,LP,DreamWorks Records,L2,V,V12 Slowcore and sadcore,,Slowcore,The Northeast,"Brooklyn, NY",,hushed; strings; pedal steel; close harmonies; lullaby,"Half-Acre; Lord, Blow the Moon Out, Please; We All Got Room",Deep cut,,,Inferred,Medium
A1759,Low,Trust,2002,LP,Kranky,L2,V,V12 Slowcore and sadcore,,Slowcore,Chicago and the Midwest,"Duluth, MN",Minneapolis,hushed; bleak; close harmonies; glacial; spiritual or gospel,Canada; Diamond; Little Argument,Recommended,,Y,Documented,High
A1760,Nina Nastasia,The Blackened Air,2002,LP,Touch and Go Records,L2,V,V12 Slowcore and sadcore,,Slowcore,The Northeast,"New York, NY",,hushed; fingerpicked acoustic; strings; storytelling; bleak,Superstar; This Is Wanting; Ugly Face,Deep cut,,,Documented,Medium
A1761,The Innocence Mission,Befriended,2003,LP,Badman Recording Co.,L2,V,V12 Slowcore and sadcore,,Slowcore,The Northeast,"Lancaster, PA",,hushed; fingerpicked acoustic; lullaby; spiritual or gospel; close harmonies,Beautiful; Our Lady of the Flowers; By the River,Deep cut,,,Documented,Medium
A1762,Sun Kil Moon,Ghosts of the Great Highway,2003,LP,Jetset Records,L2,V,V12 Slowcore and sadcore,,Slowcore,The West,"San Francisco, CA",San Francisco,baritone; long songs (7+ minutes); storytelling; hushed; bleak,Glenn Tipton; Carry Me Ohio; Duk Koo Kim,Essential,,,Documented,High
A1763,Low,The Great Destroyer,2005,LP,Sub Pop,L2,V,V12 Slowcore and sadcore,,Slowcore,Chicago and the Midwest,"Duluth, MN",Minneapolis,cracked or yelping; close harmonies; feedback; anthemic; bleak,Monkey; California; Just Stand Back,Recommended,,Y,Documented,High
A1764,Low,Drums and Guns,2007,LP,Sub Pop,L2,V,V12 Slowcore and sadcore,,Slowcore,Chicago and the Midwest,"Duluth, MN",Minneapolis,hushed; drum machine; political; bleak; close harmonies,Belarus; Murderer; Breaker,Recommended,,Y,Documented,High
A1765,Sun Kil Moon,April,2008,LP,Caldo Verde Records,L2,V,V12 Slowcore and sadcore,,Slowcore,The West,"San Francisco, CA",San Francisco,baritone; long songs (7+ minutes); hushed; storytelling; bleak,Lost Verses; Tonight the Sky; Moorestown,Deep cut,,,Documented,High
A1766,Lucinda Williams,Ramblin',1979,LP,Folkways Records,L4,V,V13 Americana songwriters before the label,,Country folk,The South,"Austin, TX",,fingerpicked acoustic; drawl; storytelling; heartbreak; drinking songs,Ramblin' on My Mind; Malted Milk,Deep cut,,Y,Documented,High
A1767,Lucinda Williams,Happy Woman Blues,1980,LP,Folkways Records,L4,V,V13 Americana songwriters before the label,,Country folk,The South,"Austin, TX",,fingerpicked acoustic; drawl; storytelling; road songs; heartbreak,Happy Woman Blues; Louisiana Man,Deep cut,,Y,Documented,High
A1768,Peter Case,Peter Case,1986,LP,Geffen Records,L4,V,V13 Americana songwriters before the label,V14,Folk rock,The West,"Los Angeles, CA",,fingerpicked acoustic; harmonica; storytelling; road songs; heartbreak,Old Blue Car; Looks Like Rain; Waiting for the Sun,Recommended,,,Both,Medium
A1769,Dave Alvin,Romeo's Escape,1987,LP,Demon,L3,V,V13 Americana songwriters before the label,V14,Country rock,The West,"Los Angeles, CA",,Telecaster twang; slide guitar; baritone; storytelling; road songs,Every Night About This Time; Border Radio; Fourth of July,Essential,,,Documented,High
A1770,John Hiatt,Bring the Family,1987,LP,A&M Records,L3,V,V13 Americana songwriters before the label,,Country rock,The South,"Nashville, TN",,Telecaster twang; harmonica; baritone; storytelling; heartbreak,Have a Little Faith in Me; Thing Called Love; Thank You Girl,Essential,,,Both,High
A1771,Mary Chapin Carpenter,Hometown Girl,1987,LP,Columbia Records,L3,V,V13 Americana songwriters before the label,X1,Country folk,The Northeast,"Washington, D.C.",,fingerpicked acoustic; fiddle; storytelling; small-town; hushed,This Shirt; Hometown Girl; A Road Is Just a Road,Recommended,,,Documented,Medium
A1772,Victoria Williams,Happy Come Home,1987,LP,Geffen Records,L3,V,V13 Americana songwriters before the label,,Indie folk,The West,"Los Angeles, CA",,fingerpicked acoustic; fiddle; cracked or yelping; hushed; storytelling,Frying Pan; T.C.; Merry Go Round,Essential,,,Both,High
A1773,John Hiatt,Slow Turning,1988,LP,A&M Records,L3,V,V13 Americana songwriters before the label,,Country rock,The South,"Nashville, TN",,Telecaster twang; harmonica; baritone; storytelling; small-town,Drive South; Tennessee Plates; Feels Like Rain,Essential,,,Documented,High
A1774,Lucinda Williams,Lucinda Williams,1988,LP,Rough Trade Records,L3,V,V13 Americana songwriters before the label,V9,Country folk,The South,"Los Angeles, CA",,Telecaster twang; drawl; storytelling; heartbreak; road songs,Changed the Locks; Passionate Kisses; The Night's Too Long,Essential,,Y,Both,High
A1775,Michelle Shocked,Short Sharp Shocked,1988,LP,Mercury Records,L3,V,V13 Americana songwriters before the label,V14,Cowpunk,The West,"San Francisco, CA",,fingerpicked acoustic; drawl; political; storytelling; rowdy,Anchorage; God Shuffled His Feet; How Do You Like Me Now?,Essential,,,Inferred,Medium
A1776,Kevin Welch,Kevin Welch,1990,LP,Reprise Records,L3,V,V13 Americana songwriters before the label,,Country folk,Texas and Oklahoma,"Nashville, TN",,Telecaster twang; fiddle; baritone; storytelling; road songs,Praying for Rain; Que Sera Sera; Hobo's Prayer,Recommended,,,Documented,Medium
A1777,Vic Chesnutt,Little,1990,LP,Texas Hotel Records,L3,V,V13 Americana songwriters before the label,,Lo-fi,The South,"Athens, GA","Athens, Georgia",fingerpicked acoustic; cracked or yelping; deadpan; bleak; storytelling; lo-fi,Isadora Duncan; Speed Racer; Danny Carlisle,Essential,,Y,Both,High
A1778,Victoria Williams,Swing the Statue!,1990,LP,Rough Trade Records,L3,V,V13 Americana songwriters before the label,,Indie folk,The West,"Los Angeles, CA",,fingerpicked acoustic; harmonica; cracked or yelping; breezy; pop-culture references,Swing the Statue!; Crystal Lil; Black Snake,Recommended,,,Documented,High
A1779,Dave Alvin,Blue Blvd,1991,LP,HighTone Records,L3,V,V13 Americana songwriters before the label,,Country rock,The West,"Los Angeles, CA",,Telecaster twang; slide guitar; baritone; storytelling; road songs,Jubilee Train; Blue Boulevard; Little Honey,Recommended,,,Documented,High
A1780,Jim Lauderdale,Planet of Love,1991,LP,Reprise Records,L3,V,V13 Americana songwriters before the label,,Alt-country,The South,"Nashville, TN",,pedal steel; Telecaster twang; baritone; storytelling; breezy,Planet of Love; King of Broken Hearts; Wait Until I Fall in Love With You,Essential,,,Inferred,High
A1781,Jimmie Dale Gilmore,After Awhile,1991,LP,Elektra Nonesuch,L3,V,V13 Americana songwriters before the label,V24,Country folk,Texas and Oklahoma,"Austin, TX",,Telecaster twang; fiddle; baritone; storytelling; drawl,Tonight I Think I'm Gonna Go Downtown; Treat Me Like a Saturday Night; Don't Be a Stranger to Your Heart,Essential,,,Documented,High
A1782,Vic Chesnutt,West of Rome,1991,LP,Texas Hotel Records,L3,V,V13 Americana songwriters before the label,,Lo-fi,The South,"Athens, GA","Athens, Georgia",fingerpicked acoustic; cracked or yelping; deadpan; funny-sad; storytelling; bleak,West of Rome; 25th Floor; Guilty,Essential,Y,Y,Both,High
A1783,Alejandro Escovedo,Gravity,1992,LP,Watermelon Records,L3,V,V13 Americana songwriters before the label,V3,Alt-country,Texas and Oklahoma,"Austin, TX",Austin,strings; harmonized guitars; baritone; storytelling; bleak,Undertow; Nowhere To Run; Wait For Me,Essential,,,Documented,High
A1784,Bill Morrissey,Inside,1992,LP,Philo Records,L3,V,V13 Americana songwriters before the label,,Country folk,The Northeast,New Hampshire,,fingerpicked acoustic; baritone; storytelling; small-town; funny-sad,Inside; Man From Out of Town; Everybody Warned Me,Deep cut,,,Inferred,High
A1785,Iris DeMent,Infamous Angel,1992,LP,Philo/Rounder Records,L3,V,V13 Americana songwriters before the label,,Country folk,The South,"Kansas City, MO",,fingerpicked acoustic; piano; close harmonies; drawl; spiritual or gospel,Our Town; Let the Mystery Be; Mama's Opry,Essential,,,Both,High
A1786,Joe Henry,Short Man's Room,1992,LP,Mammoth Records,L3,V,V13 Americana songwriters before the label,,Alt-country,The West,"Los Angeles, CA",,pedal steel; Telecaster twang; baritone; storytelling; hushed,Short Man's Room; Sleep-Well Mary; Thank You,Recommended,,,Documented,High
A1787,Lucinda Williams,Sweet Old World,1992,LP,Chameleon Records,L3,V,V13 Americana songwriters before the label,,Country folk,The South,"Los Angeles, CA",,Telecaster twang; drawl; heartbreak; storytelling; bleak,Pineola; Sweet Old World; Six Blocks Away,Essential,,Y,Documented,High
A1788,Dave Alvin,Museum of Heart,1993,LP,HighTone Records,L3,V,V13 Americana songwriters before the label,,Country rock,The West,"Los Angeles, CA",,Telecaster twang; slide guitar; baritone; storytelling; heartbreak,Haley's Comet; Bus Station; Museum of Heart,Deep cut,,,Documented,High
A1789,Jimmie Dale Gilmore,Spinning Around the Sun,1993,LP,Elektra,L3,V,V13 Americana songwriters before the label,,Country folk,Texas and Oklahoma,"Austin, TX",,Telecaster twang; pedal steel; baritone; storytelling; spiritual or gospel,"Dallas; Braver Newer World; Just a Wave, Not the Water",Recommended,,,Documented,High
A1790,Joe Henry,Kindness of the World,1993,LP,Mammoth Records,L3,V,V13 Americana songwriters before the label,,Alt-country,The West,"New Orleans, LA",,pedal steel; harmonica; baritone; storytelling; hushed,Third Person; Track One; Kindness of the World,Recommended,,,Documented,High
A1791,Kieran Kane,Find My Way Home,1993,LP,Atlantic Records,L3,V,V13 Americana songwriters before the label,,Country folk,The South,"Nashville, TN",,fingerpicked acoustic; mandolin; baritone; storytelling; hushed,Find My Way Home; Gravity; Broken Hearted Blues,Recommended,,,Documented,Medium
A1792,Nanci Griffith,"Other Voices, Other Rooms",1993,LP,Elektra Records,L3,V,V13 Americana songwriters before the label,V24,Country folk,Texas and Oklahoma,"Nashville, TN",,fingerpicked acoustic; harmonica; close harmonies; duets; storytelling,Boots of Spanish Leather; Wimoweh; Speed of the Sound of Loneliness,Essential,,,Documented,High
A1793,Robert Earl Keen,A Bigger Piece of Sky,1993,LP,Sugar Hill Records,L3,V,V13 Americana songwriters before the label,V24,Alt-country,Texas and Oklahoma,"Austin, TX",,fiddle; Telecaster twang; drawl; storytelling; road songs,Corpus Christi Bay; What's a Life; Whenever Kindness Fails,Recommended,,,Documented,High
A1794,Vic Chesnutt,Drunk,1993,LP,Texas Hotel Records,L3,V,V13 Americana songwriters before the label,,Lo-fi,The South,"Athens, GA","Athens, Georgia",lo-fi; cracked or yelping; deadpan; bleak; storytelling,Sponge; Sluggo; When I Ran Off and Left Her,Recommended,,Y,Documented,High
A1795,Dave Alvin,King of California,1994,LP,HighTone Records,L3,V,V13 Americana songwriters before the label,,Country folk,The West,"Los Angeles, CA",,fingerpicked acoustic; mandolin; baritone; storytelling; small-town,King of California; Barn Burning; Fourth of July,Essential,,,Both,High
A1796,Greg Brown,The Poet Game,1994,LP,Red House Records,L3,V,V13 Americana songwriters before the label,,Country folk,Chicago and the Midwest,"Iowa City, IA",,fingerpicked acoustic; baritone; storytelling; funny-sad; Midwestern,Poet Game; The Train Carrying Jimmie Rodgers to His Home in Meridian; Kokomo,Recommended,,,Both,High
A1797,Iris DeMent,My Life,1994,LP,Warner Bros. Records,L3,V,V13 Americana songwriters before the label,,Country folk,The South,"Kansas City, MO",,piano; fiddle; close harmonies; drawl; heartbreak,My Life; No Time to Cry; Easy's Gettin Harder Every Day,Essential,,,Documented,High
A1798,Jim Lauderdale,Pretty Close to the Truth,1994,LP,Atlantic Records,L3,V,V13 Americana songwriters before the label,,Alt-country,The South,"Nashville, TN",,pedal steel; Telecaster twang; baritone; storytelling; rowdy,Pretty Close to the Truth; Goodbye Song; The Kind of Life,Recommended,,,Documented,High
A1799,Robert Earl Keen,Gringo Honeymoon,1994,LP,Sugar Hill Records,L3,V,V13 Americana songwriters before the label,V24,Alt-country,Texas and Oklahoma,"Austin, TX",,fiddle; Telecaster twang; drawl; storytelling; funny-sad,Merry Christmas from the Family; Gringo Honeymoon; Barbeque,Essential,,,Documented,High
A1800,Townes Van Zandt,No Deeper Blue,1994,LP,Sugar Hill Records,L3,V,V13 Americana songwriters before the label,V24,Country folk,Texas and Oklahoma,"Nashville, TN",,fingerpicked acoustic; baritone; bleak; storytelling; drinking songs,Marie; A Song For; Goin' Down to Memphis,Recommended,,Y,Documented,High
A1801,Victoria Williams,Loose,1994,LP,Mammoth Records,L3,V,V13 Americana songwriters before the label,,Indie folk,The West,"Joshua Tree, CA",,fiddle; mandolin; cracked or yelping; spiritual or gospel; breezy,Crazy Mary; Century Plant; Sunshine Country,Essential,,,Documented,High
A1802,Buddy Miller,Your Love and Other Lies,1995,LP,HighTone Records,L3,V,V13 Americana songwriters before the label,,Alt-country,The South,"Nashville, TN",,Telecaster twang; pedal steel; baritone; duets; heartbreak,Love Match; Hole in My Head; Your Love and Other Lies,Essential,,,Documented,High
A1803,Emmylou Harris,Wrecking Ball,1995,LP,Elektra Records,L3,V,V13 Americana songwriters before the label,V19,Cosmic country,The South,"Nashville, TN",,drum machine; synths; hushed; cosmic; glacial; storytelling,Deeper Well; Goodbye; Where Will I Be,Essential,,,Documented,High
A1804,Steve Earle,Train a Comin',1995,LP,Winter Harvest Records,L3,V,V13 Americana songwriters before the label,V9,Country folk,The South,"Nashville, TN",,fingerpicked acoustic; mandolin; harmonica; baritone; storytelling,Mercenary Song; Tom Ames' Prayer; Ben McCulloch,Essential,,,Documented,High
A1805,Vic Chesnutt,Is the Actor Happy?,1995,LP,Texas Hotel Records,L3,V,V13 Americana songwriters before the label,,Indie folk,The South,"Athens, GA","Athens, Georgia",fingerpicked acoustic; piano; deadpan; storytelling; bleak,Guilty by Association; Free of Hope; Onion Soup,Recommended,,Y,Documented,High
A1806,Alejandro Escovedo,With These Hands,1996,LP,Rykodisc,L3,V,V13 Americana songwriters before the label,,Alt-country,Texas and Oklahoma,"Austin, TX",Austin,strings; harmonized guitars; baritone; storytelling; heartbreak,Nickel and a Spoon; Pissed Off 2 A.M.; With These Hands,Recommended,,,Documented,High
A1807,Iris DeMent,The Way I Should,1996,LP,Warner Bros. Records,L3,V,V13 Americana songwriters before the label,,Country folk,The South,"Kansas City, MO",,piano; fiddle; drawl; political; spiritual or gospel,Wasteland of the Free; The Way I Should; Quality Time,Recommended,,,Both,High
A1808,Jimmie Dale Gilmore,Braver Newer World,1996,LP,Elektra,L3,V,V13 Americana songwriters before the label,,Country folk,Texas and Oklahoma,"Los Angeles, CA",,Telecaster twang; synths; baritone; storytelling; spiritual or gospel,Braver Newer World; Chase the Wind; No Time to Cry,Recommended,,,Documented,High
A1809,Joe Henry,Trampoline,1996,LP,Mammoth Records,L3,V,V13 Americana songwriters before the label,,Crossover,The West,"Los Angeles, CA",,drum machine; piano; baritone; storytelling; hushed,Trampoline; Flag; Curt Flood,Recommended,,,Documented,High
A1810,Steve Earle,I Feel Alright,1996,LP,E-Squared Records,L3,V,V13 Americana songwriters before the label,V9,Alt-country,The South,"Nashville, TN",,Telecaster twang; baritone; storytelling; rowdy; drinking songs,I Feel Alright; CCKMP; Hard-Core Troubadour,Essential,,,Both,High
A1811,Vic Chesnutt,About to Choke,1996,LP,Capitol Records,L3,V,V13 Americana songwriters before the label,,Indie folk,The South,"Athens, GA","Athens, Georgia",piano; strings; deadpan; storytelling; bleak,Steve Willoughby; Myrtle; Little Vacation,Recommended,,Y,Documented,Medium
A1812,Buddy Miller,Poison Love,1997,LP,HighTone Records,L3,V,V13 Americana songwriters before the label,,Alt-country,The South,"Nashville, TN",,Telecaster twang; pedal steel; baritone; duets; rowdy,Poison Love; Baby Wont You Come Home; Water When the Well Is Dry,Recommended,,,Documented,High
A1813,Greg Brown,Slant 6 Mind,1997,LP,Red House Records,L3,V,V13 Americana songwriters before the label,,Country folk,Chicago and the Midwest,"Iowa City, IA",,fingerpicked acoustic; baritone; storytelling; drinking songs; Midwestern,Slant 6 Mind; Whatever It Was; Where Is Maria,Recommended,,,Documented,High
A1814,Julie Miller,Blue Pony,1997,LP,HighTone Records,L3,V,V13 Americana songwriters before the label,,Country folk,The South,"Nashville, TN",,fingerpicked acoustic; close harmonies; hushed; heartbreak; spiritual or gospel,Broken Things; Two Soldiers; All My Tears,Recommended,,,Documented,High
A1815,Mark Olson and Victoria Williams,Original Harmony Ridge Creekdippers,1997,LP,Self-released,L3,V,V13 Americana songwriters before the label,V7,Cosmic country,The West,"Joshua Tree, CA",Laurel Canyon,fingerpicked acoustic; close harmonies; hushed; spiritual or gospel; small-town,Flowering Trees; Run With The Ponies; She Picks The Violets,Recommended,,,Both,High
A1816,Steve Earle,El Corazón,1997,LP,E-Squared Records,L3,V,V13 Americana songwriters before the label,V3,Alt-country,The South,"Nashville, TN",,mandolin; fiddle; baritone; storytelling; political; rowdy,I Still Carry You Around; NYC; Taneytown,Essential,,,Documented,High
A1817,Chris Knight,Chris Knight,1998,LP,Decca Records,L2,V,V13 Americana songwriters before the label,V3,Alt-country,The South,"Slaughters, KY",,Telecaster twang; baritone; drawl; storytelling; small-town; bleak,It Ain't Easy Being Me; Framed; Bring It On Home,Essential,,,Inferred,High
A1818,Dave Alvin,Blackjack David,1998,LP,HighTone Records,L2,V,V13 Americana songwriters before the label,,Country folk,The West,"Los Angeles, CA",,fingerpicked acoustic; fiddle; baritone; storytelling; road songs,Abilene; 1968; Blackjack David,Essential,,,Documented,High
A1819,Jim Lauderdale,Whisper,1998,LP,BNA Records,L2,V,V13 Americana songwriters before the label,,Alt-country,The South,"Nashville, TN",,pedal steel; Telecaster twang; baritone; storytelling; heartbreak,Whisper; Understand; Wait On,Recommended,,,Documented,High
A1820,Lucinda Williams,Car Wheels on a Gravel Road,1998,LP,Mercury Records,L2,V,V13 Americana songwriters before the label,V9,Alt-country,The South,"Nashville, TN",,slide guitar; drawl; storytelling; small-town; road songs; heartbreak,Car Wheels on a Gravel Road; Drunken Angel; 2 Kool 2 Be 4-Gotten,Essential,Y,Y,Documented,High
A1821,Vic Chesnutt,The Salesman and Bernadette,1998,LP,Capricorn Records,L2,V,V13 Americana songwriters before the label,,Country folk,The South,"Athens, GA","Athens, Georgia",pedal steel; horns; harmonized guitars; deadpan; storytelling,Woodrow Wilson; Duty Free; Wife of Cain,Essential,,Y,Documented,High
A1822,Victoria Williams,Musings of a Creek Dipper,1998,LP,Atlantic Records,L2,V,V13 Americana songwriters before the label,,Indie folk,The West,"Joshua Tree, CA",,fiddle; pedal steel; spiritual or gospel; hushed; breezy,Blackbirds Rise; Periwinkle Sky; Rainmaker,Recommended,,,Documented,High
A1823,Alejandro Escovedo,Bourbonitis Blues,1999,Live,Bloodshot Records,L2,V,V13 Americana songwriters before the label,,Alt-country,Texas and Oklahoma,"Austin, TX",Austin,harmonized guitars; baritone; storytelling; rowdy; live in the room,Sex Beat; Pale Blue Eyes; Amsterdam,Recommended,,,Documented,High
A1824,Buddy Miller,Cruel Moon,1999,LP,HighTone Records,L2,V,V13 Americana songwriters before the label,,Alt-country,The South,"Nashville, TN",,Telecaster twang; pedal steel; baritone; duets; bleak,Cruel Moon; Wide River to Cross; Baby Wont You Come Home,Recommended,,,Documented,High
A1825,Joe Henry,Fuse,1999,LP,Mammoth Records,L2,V,V13 Americana songwriters before the label,,Crossover,The West,"Los Angeles, CA",,drum machine; synths; baritone; storytelling; hushed,Fireman's Wedding; Skin and Teeth; Curt Flood,Deep cut,,,Documented,High
A1826,Julie Miller,Broken Things,1999,LP,HighTone Records,L2,V,V13 Americana songwriters before the label,,Country folk,The South,"Nashville, TN",,fingerpicked acoustic; close harmonies; hushed; heartbreak; spiritual or gospel,Broken Things; All My Tears; By Way of Sorrow,Recommended,,,Documented,High
A1827,Kelly Willis,What I Deserve,1999,LP,Rykodisc,L2,V,V13 Americana songwriters before the label,V9,Alt-country,Texas and Oklahoma,"Austin, TX",Austin,Telecaster twang; pedal steel; drawl; heartbreak; road songs,I Must Be Lucky; Not Forgotten You; Take Me Down,Essential,,,Both,High
A1828,Steve Earle & the Del McCoury Band,The Mountain,1999,Collab,E-Squared Records,L2,V,V13 Americana songwriters before the label,,Bluegrass,The South,"Nashville, TN",,fiddle; mandolin; banjo; baritone; storytelling; close harmonies,Harlan Man; The Mountain; Carrie Brown,Essential,,,Both,High
A1829,Dave Alvin,Public Domain: Songs from the Wild Land,2000,LP,HighTone Records,L2,V,V13 Americana songwriters before the label,,Country folk,The West,"Los Angeles, CA",,fingerpicked acoustic; fiddle; banjo; storytelling; road songs,Shenandoah; Engine 143; Walk Right In,Recommended,,,Documented,High
A1830,Emmylou Harris,Red Dirt Girl,2000,LP,Nonesuch Records,L2,V,V13 Americana songwriters before the label,,Cosmic country,The South,"Nashville, TN",,drum machine; synths; hushed; storytelling; small-town,Red Dirt Girl; Bang the Drum Slowly; My Antonia,Recommended,,,Documented,High
A1831,Steve Earle,Transcendental Blues,2000,LP,E-Squared Records,L2,V,V13 Americana songwriters before the label,,Alt-country,The South,"Nashville, TN",,harmonized guitars; baritone; storytelling; political; anthemic,Transcendental Blues; The Galway Girl; Over Yonder,Recommended,,,Documented,High
A1832,Alejandro Escovedo,A Man Under the Influence,2001,LP,Bloodshot Records,L2,V,V13 Americana songwriters before the label,,Alt-country,Texas and Oklahoma,"Austin, TX",Austin,strings; harmonized guitars; baritone; storytelling; anthemic,Wave; Rosalie; Rhapsody,Essential,,,Documented,High
A1833,Lucinda Williams,Essence,2001,LP,Lost Highway Records,L2,V,V13 Americana songwriters before the label,,Alt-country,The South,"Nashville, TN",,slide guitar; drawl; hushed; heartbreak; bleak,Essence; Blue; Get Right with God,Recommended,,Y,Documented,High
A1834,Steve Earle,Jerusalem,2002,LP,E-Squared Records,L2,V,V13 Americana songwriters before the label,,Alt-country,The South,"Nashville, TN",,harmonized guitars; baritone; storytelling; political; anthemic,Jerusalem; John Walker's Blues; Amerika v. 6.0,Recommended,,,Documented,High
A1835,Lucinda Williams,World Without Tears,2003,LP,Lost Highway Records,L2,V,V13 Americana songwriters before the label,,Alt-country,The South,"Nashville, TN",,Telecaster twang; drawl; storytelling; drinking songs; rowdy,Righteously; Atonement; Ventura,Recommended,,Y,Both,High
A1836,Lucinda Williams,West,2007,LP,Lost Highway Records,L2,V,V13 Americana songwriters before the label,,Country folk,The South,"Los Angeles, CA",,strings; hushed; bleak; heartbreak; spiritual or gospel,Are You Down; West; Words,Recommended,,Y,Documented,High
A1837,Vic Chesnutt,North Star Deserter,2007,LP,Constellation Records,L2,V,V13 Americana songwriters before the label,,Indie folk,The South,"Athens, GA","Athens, Georgia",strings; noise wall; deadpan; bleak; storytelling; long songs (7+ minutes),Splendid; Debriefing; Coward,Recommended,,Y,Documented,High
A1838,Vic Chesnutt,At the Cut,2009,LP,Constellation Records,L2,V,V13 Americana songwriters before the label,,Indie folk,The South,"Athens, GA","Athens, Georgia",strings; noise wall; deadpan; bleak; storytelling,Coward; Flirted with You All My Life; Chinaberry Tree,Essential,,Y,Documented,High
A1839,The Blasters,American Music,1980,LP,Rollin' Rock Records,L4,V,V14 Cowpunk and LA roots punk,,Cowpunk,The West,"Downey, CA",LA cowpunk,Telecaster twang; piano; rowdy; drawl; road songs; storytelling,American Music; Marie Marie; Barn Burning,Essential,,,Documented,High
A1840,X,Los Angeles,1980,LP,Slash Records,L4,V,V14 Cowpunk and LA roots punk,,Cowpunk,The West,"Los Angeles, CA",LA cowpunk,Telecaster twang; drawl; shouted; storytelling; rowdy; small-town,Los Angeles; Johny Hit and Run Paulene; The Unheard Music,Essential,Y,,Documented,High
A1841,The Blasters,The Blasters,1981,LP,Slash Records,L4,V,V14 Cowpunk and LA roots punk,,Cowpunk,The West,"Downey, CA",LA cowpunk,Telecaster twang; piano; horns; rowdy; drawl; road songs,Marie Marie; Border Radio; American Music,Essential,,,Documented,High
A1842,The Flesh Eaters,"A Minute to Pray, a Second to Die",1981,LP,Ruby/Slash Records,L4,V,V14 Cowpunk and LA roots punk,,Punk,The West,"Los Angeles, CA",LA cowpunk,slide guitar; horns; Southern gothic; cracked or yelping; bleak; storytelling,Digging My Grave; Cyrano de Berger's Back,Essential,,,Documented,High
A1843,The Gun Club,Fire of Love,1981,LP,Ruby Records,L4,V,V14 Cowpunk and LA roots punk,,Punk,The West,"Los Angeles, CA",LA cowpunk,slide guitar; cracked or yelping; Southern gothic; bleak; feedback; drawl,Sex Beat; She's Like Heroin to Me; Preaching the Blues,Essential,,,Both,High
A1844,Tav Falco's Panther Burns,Behind the Magnolia Curtain,1981,LP,Frenzi/Rough Trade,L4,V,V14 Cowpunk and LA roots punk,,Cowpunk,The South,"Memphis, TN",Memphis,slide guitar; Southern gothic; cracked or yelping; lo-fi; live in the room; drawl,Bourgeois Blues; Train Kept A-Rollin',Recommended,,,Both,High
A1845,X,Wild Gift,1981,LP,Slash Records,L4,V,V14 Cowpunk and LA roots punk,,Cowpunk,The West,"Los Angeles, CA",LA cowpunk,Telecaster twang; drawl; close harmonies; storytelling; heartbreak; rowdy,White Girl; Adult Books; We're Desperate,Essential,,,Documented,High
A1846,The Gun Club,Miami,1982,LP,Animal Records,L4,V,V14 Cowpunk and LA roots punk,,Punk,The West,"Los Angeles, CA",LA cowpunk,slide guitar; cracked or yelping; Southern gothic; drawl; bleak; spiritual or gospel,Carry Home; Run Through the Jungle; Fire of Love,Recommended,,,Documented,High
A1847,Jason & the Scorchers,Reckless Country Soul,1982,EP,Praxis International,L4,V,V14 Cowpunk and LA roots punk,,Cowpunk,The South,"Nashville, TN",,Telecaster twang; cracked or yelping; shouted; drawl; rowdy; road songs,Reckless Country Soul,Deep cut,,,Documented,High
A1848,Rank and File,Sundown,1982,LP,Slash Records,L4,V,V14 Cowpunk and LA roots punk,,Cowpunk,Texas and Oklahoma,"Austin, TX",Austin,Telecaster twang; close harmonies; duets; drawl; storytelling; road songs,Amanda Ruth; Sundown; (Glad I'm) Not In Love,Essential,,,Both,High
A1849,Tav Falco's Panther Burns,Blow Your Top,1982,EP,Animal Records / Frenzi-Rough Trade,L4,V,V14 Cowpunk and LA roots punk,,Cowpunk,The South,"Memphis, TN",Memphis,slide guitar; Southern gothic; cracked or yelping; drawl; storytelling; rowdy,Blow Your Top,Deep cut,,,Both,Medium
A1850,X,Under the Big Black Sun,1982,LP,Elektra Records,L4,V,V14 Cowpunk and LA roots punk,,Cowpunk,The West,"Los Angeles, CA",LA cowpunk,Telecaster twang; baritone; close harmonies; storytelling; bleak; heartbreak,The Hungry Wolf; Riding with Mary; Blue Spark,Essential,,,Documented,High
A1851,The Blasters,Non Fiction,1983,LP,Slash Records,L4,V,V14 Cowpunk and LA roots punk,,Cowpunk,The West,"Downey, CA",LA cowpunk,Telecaster twang; piano; horns; storytelling; small-town; drawl,Red Rose; Boomtown,Recommended,,,Documented,High
A1852,Jason & the Scorchers,Fervor,1983,EP,Praxis,L4,V,V14 Cowpunk and LA roots punk,,Cowpunk,The South,"Nashville, TN",,Telecaster twang; cracked or yelping; shouted; harmonica; rowdy; anthemic,Absolutely Sweet Marie; Broken Whiskey Glass,Essential,,,Both,High
A1853,X,More Fun in the New World,1983,LP,Elektra Records,L4,V,V14 Cowpunk and LA roots punk,,Cowpunk,The West,"Los Angeles, CA",LA cowpunk,Telecaster twang; political; storytelling; shouted; rowdy; drawl,True Love #2; I Must Not Think Bad Thoughts; Devil Doll,Essential,,,Both,High
A1854,Blood on the Saddle,Blood on the Saddle,1984,LP,New Alliance Records,L4,V,V14 Cowpunk and LA roots punk,,Cowpunk,The West,"Los Angeles, CA",LA cowpunk,Telecaster twang; fiddle; shouted; rowdy; drawl; storytelling,Hong Kong Blues; Kentucky Moonshine,Recommended,,,Both,High
A1855,The Del-Lords,Frontier Days,1984,LP,EMI America,L4,V,V14 Cowpunk and LA roots punk,,Cowpunk,The Northeast,"New York, NY",,Telecaster twang; harmonized guitars; close harmonies; road songs; storytelling; rowdy,Livin' on the Edge of the Night; Get Tough,Recommended,,,Both,High
A1856,Divine Horsemen,Time Stands Still,1984,LP,Enigma Records,L4,V,V14 Cowpunk and LA roots punk,,Cowpunk,The West,"Los Angeles, CA",LA cowpunk,Telecaster twang; duets; close harmonies; drawl; storytelling; bleak,Time Stands Still; Lily White Hands; Sanctuary,Recommended,,,Both,High
A1857,The Gun Club,The Las Vegas Story,1984,LP,Animal Records,L4,V,V14 Cowpunk and LA roots punk,,Punk,The West,"Los Angeles, CA",LA cowpunk,slide guitar; cracked or yelping; long solos; bleak; drawl; storytelling,Walkin' with the Beast; Bad America; Give Up the Sun,Recommended,,,Both,High
A1858,Los Lobos,How Will the Wolf Survive?,1984,LP,Slash/Warner Bros. Records,L4,V,V14 Cowpunk and LA roots punk,,Country rock,The West,"East Los Angeles, CA",LA cowpunk,Telecaster twang; horns; close harmonies; storytelling; drawl; small-town,Don't Worry Baby; A Matter of Time; How Will the Wolf Survive?,Recommended,,,Both,High
A1859,Rank and File,Long Gone Dead,1984,LP,Slash/Warner Bros. Records,L4,V,V14 Cowpunk and LA roots punk,,Cowpunk,Texas and Oklahoma,"Austin, TX",Austin,Telecaster twang; close harmonies; drawl; storytelling; heartbreak; road songs,Long Gone Dead; Cradle Robber; Heaven,Recommended,,,Both,High
A1860,Rubber Rodeo,Scenic Views,1984,LP,Mercury Records,L4,V,V14 Cowpunk and LA roots punk,,Cowpunk,The Northeast,"Providence, RI",Boston,pedal steel; synths; drum machine; close harmonies; breezy; pop-culture references,"Anywhere With You; Need You, Need Me; City of God",Deep cut,,,Inferred,High
A1861,Screamin' Sirens,Fiesta!,1984,LP,Enigma Records,L4,V,V14 Cowpunk and LA roots punk,,Cowpunk,The West,"Los Angeles, CA",LA cowpunk,Telecaster twang; shouted; rowdy; drawl; road songs; storytelling,Fiesta,Deep cut,,,Both,High
A1862,Tex & the Horseheads,Tex & the Horseheads,1984,LP,Enigma Records,L4,V,V14 Cowpunk and LA roots punk,,Cowpunk,The West,"Los Angeles, CA",LA cowpunk,Telecaster twang; cracked or yelping; drawl; shouted; rowdy; Southern gothic,"Cowboys Are Frequently, Secretly Fond of Each Other",Recommended,,,Inferred,High
A1863,Violent Femmes,Hallowed Ground,1984,LP,Slash Records,L4,V,V14 Cowpunk and LA roots punk,,Cowpunk,The Northeast,"Milwaukee, WI",LA cowpunk,banjo; fingerpicked acoustic; spiritual or gospel; bleak; political; deadpan,Country Death Song; Black Girls; Never Tell,Essential,,,Both,High
A1864,The Beat Farmers,Tales of the New West,1985,LP,Rhino Records,L4,V,V14 Cowpunk and LA roots punk,,Cowpunk,The West,"San Diego, CA",LA cowpunk,Telecaster twang; baritone; drinking songs; rowdy; road songs; storytelling,Happy Boy; There She Goes Again; Reason to Believe,Essential,,,Documented,High
A1865,The Blasters,Hard Line,1985,LP,Slash/Warner Bros. Records,L4,V,V14 Cowpunk and LA roots punk,,Cowpunk,The West,"Downey, CA",LA cowpunk,Telecaster twang; horns; piano; storytelling; rowdy; road songs,"Has Anyone Told You Lately; So Long Baby, Goodbye; Little Sister",Recommended,,,Documented,Medium
A1866,Jason & the Scorchers,Lost & Found,1985,LP,EMI America,L4,V,V14 Cowpunk and LA roots punk,,Cowpunk,The South,"Nashville, TN",,Telecaster twang; cracked or yelping; shouted; harmonica; rowdy; road songs,Broken Whiskey Glass; Lost Highway; White Lies,Essential,,,Inferred,High
A1867,The Knitters,Poor Little Critter on the Road,1985,LP,Slash Records,L4,V,V14 Cowpunk and LA roots punk,,Cowpunk,The West,"Los Angeles, CA",LA cowpunk,Telecaster twang; fingerpicked acoustic; close harmonies; storytelling; drinking songs; road songs,Poor Little Critter on the Road; Silver Wings; Rock Island Line,Essential,,,Both,High
A1868,Lone Justice,Lone Justice,1985,LP,Geffen Records,L4,V,V14 Cowpunk and LA roots punk,,Cowpunk,The West,"Los Angeles, CA",LA cowpunk,Telecaster twang; cracked or yelping; storytelling; road songs; anthemic; heartbreak,Ways to Be Wicked; East of Eden; Don't Toss Us Away,Essential,,,Documented,High
A1869,The Mekons,Fear and Whiskey,1985,LP,Sin Records,L4,V,V14 Cowpunk and LA roots punk,,Cowpunk,"The UK, Ireland and Canada","Leeds, England",Leeds,fiddle; Telecaster twang; drawl; political; drinking songs; bleak,Chivalry; Trouble Down South; Lost Highway,Essential,Y,,Both,High
A1870,Mojo Nixon and Skid Roper,Mojo Nixon and Skid Roper,1985,LP,Enigma Records,L4,V,V14 Cowpunk and LA roots punk,,Cowpunk,The West,"San Diego, CA",LA cowpunk,harmonica; shouted; drawl; funny-sad; pop-culture references; rowdy,Jesus at McDonald's,Deep cut,,,Both,High
A1871,Tex & the Horseheads,Life's So Cool,1985,LP,Enigma Records,L4,V,V14 Cowpunk and LA roots punk,,Cowpunk,The West,"Los Angeles, CA",LA cowpunk,Telecaster twang; cracked or yelping; drawl; rowdy; shouted; road songs,Life's So Cool,Deep cut,,,Both,Medium
A1872,The Beat Farmers,Van Go,1986,LP,Curb Records,L4,V,V14 Cowpunk and LA roots punk,,Cowpunk,The West,"San Diego, CA",LA cowpunk,Telecaster twang; baritone; rowdy; drinking songs; road songs; anthemic,Gun Sale at the Church; Selling Out,Recommended,,,Both,Medium
A1873,The Del-Lords,Johnny Comes Marching Home,1986,LP,EMI America,L4,V,V14 Cowpunk and LA roots punk,,Cowpunk,The Northeast,"New York, NY",,Telecaster twang; harmonized guitars; political; storytelling; road songs; anthemic,Judas Kiss; How Can a Poor Man Stand Such Times and Live,Recommended,,,Documented,Medium
A1874,Jason & the Scorchers,Still Standing,1986,LP,EMI America,L4,V,V14 Cowpunk and LA roots punk,,Cowpunk,The South,"Nashville, TN",,Telecaster twang; shouted; anthemic; rowdy; road songs; harmonica,Golden Ball & Chain; Was It Something I Said,Recommended,,,Inferred,High
A1875,The Mekons,The Edge of the World,1986,LP,Sin Records,L4,V,V14 Cowpunk and LA roots punk,,Cowpunk,"The UK, Ireland and Canada","Leeds, England",Leeds,fiddle; drawl; political; storytelling; bleak; drinking songs,Hard to Be Human; Trimdon Grange Explosion,Recommended,,,Documented,High
A1876,Mojo Nixon and Skid Roper,Frenzy,1986,LP,Enigma Records,L4,V,V14 Cowpunk and LA roots punk,,Cowpunk,The West,"San Diego, CA",LA cowpunk,harmonica; shouted; drawl; funny-sad; pop-culture references; rowdy,Frenzy,Deep cut,,,Documented,Medium
A1877,True Believers,True Believers,1986,LP,EMI America Records,L4,V,V14 Cowpunk and LA roots punk,,Cowpunk,Texas and Oklahoma,"Austin, TX",Austin,Telecaster twang; harmonized guitars; storytelling; road songs; rowdy; drawl,Hard Road; Rain Won't Help You,Recommended,,,Documented,High
A1878,Divine Horsemen,Snake Handler,1987,LP,SST Records,L3,V,V14 Cowpunk and LA roots punk,,Cowpunk,The West,"Los Angeles, CA",LA cowpunk,Telecaster twang; duets; close harmonies; storytelling; drawl; spiritual or gospel,Snake Handler,Deep cut,,,Documented,Medium
A1879,The Mekons,Honky Tonkin',1987,LP,Sin Records / Twin/Tone Records,L3,V,V14 Cowpunk and LA roots punk,,Cowpunk,"The UK, Ireland and Canada","Leeds, England",Leeds,fiddle; drawl; political; storytelling; drinking songs; anthemic,Rock 'n' Roll; Alone and Forsaken,Recommended,,,Both,High
A1880,Rank and File,Rank and File,1987,LP,Rhino Records,L3,V,V14 Cowpunk and LA roots punk,,Cowpunk,The West,"Los Angeles, CA",LA cowpunk,Telecaster twang; close harmonies; drawl; storytelling; road songs; heartbreak,Black Book; Sweet Life,Deep cut,,,Documented,High
A1881,Rosie Flores,Rosie Flores,1987,LP,Reprise Records,L3,V,V14 Cowpunk and LA roots punk,,Honky-tonk,The West,"Los Angeles, CA",LA cowpunk,Telecaster twang; drawl; heartbreak; road songs; rowdy; close harmonies,Crying Over You,Deep cut,,,Documented,High
A1882,X,See How We Are,1987,LP,Elektra Records,L3,V,V14 Cowpunk and LA roots punk,,Cowpunk,The West,"Los Angeles, CA",LA cowpunk,Telecaster twang; drawl; storytelling; breezy; road songs; close harmonies,4th of July; See How We Are; Left & Right,Recommended,,,Both,High
A1883,The Mekons,So Good It Hurts,1988,LP,Blast First,L3,V,V14 Cowpunk and LA roots punk,,Cowpunk,"The UK, Ireland and Canada","Leeds, England",Leeds,fiddle; drawl; political; breezy; storytelling; road songs,So Good It Hurts; Telltime; The Prowl,Deep cut,,,Documented,Medium
A1884,Social Distortion,Prison Bound,1988,LP,Restless Records,L3,V,V14 Cowpunk and LA roots punk,,Cowpunk,The West,"Fullerton, CA",LA cowpunk,Telecaster twang; baritone; drawl; storytelling; heartbreak; drinking songs,Prison Bound; Indulgence,Recommended,,,Documented,High
A1885,The Beat Farmers,Poor & Famous,1989,LP,Curb Records,L3,V,V14 Cowpunk and LA roots punk,,Cowpunk,The West,"San Diego, CA",LA cowpunk,Telecaster twang; baritone; rowdy; road songs; drinking songs; storytelling,Big Rock in Texas,Deep cut,,,Documented,Medium
A1886,Jason & the Scorchers,Thunder and Fire,1989,LP,A&M Records,L3,V,V14 Cowpunk and LA roots punk,,Cowpunk,The South,"Nashville, TN",,Telecaster twang; shouted; anthemic; political; road songs; rowdy,Thunder and Fire; When the Angels Cry; Lights Out,Deep cut,,,Inferred,High
A1887,The Mekons,The Mekons Rock 'n' Roll,1989,LP,A&M Records,L3,V,V14 Cowpunk and LA roots punk,,Cowpunk,"The UK, Ireland and Canada","Leeds, England",Leeds,fiddle; drawl; political; anthemic; storytelling; feedback,"Memphis, Egypt; Only You and Your Ghost Will Know",Recommended,,,Both,High
A1888,The Dream Syndicate,The Days of Wine and Roses,1982,LP,Ruby/Slash,L4,V,V15 Paisley Underground,,Noise,The West,"Los Angeles, CA",Paisley Underground,feedback; noise wall; deadpan; long solos; drawl,Tell Me When It's Over; That's What You Always Say; Halloween,Essential,Y,,Both,High
A1889,The Salvation Army,The Salvation Army,1982,LP,Frontier,L4,V,V15 Paisley Underground,V17,Power pop,The West,"Los Angeles, CA",Paisley Underground,jangle; close harmonies; short songs (under 2 minutes); breezy; anthemic,Mind Gardens; Happen Happened; I Am a Stone,Deep cut,,,Documented,High
A1890,Green on Red,Gravity Talks,1983,LP,Slash,L4,V,V15 Paisley Underground,,Cowpunk,The West,"Los Angeles, CA",Paisley Underground,drawl; cracked or yelping; Southern gothic; bleak; political,Most Likely You Go Your Way (And I'll Go Mine),Recommended,,,Both,High
A1891,The Long Ryders,10-5-60,1983,EP,PVC,L4,V,V15 Paisley Underground,V14,Cowpunk,The West,"Los Angeles, CA",Paisley Underground,Telecaster twang; harmonized guitars; jangle; road songs; drawl,Join My Gang; 10-5-60; And She Rides,Recommended,,,Documented,High
A1892,Rain Parade,Emergency Third Rail Power Trip,1983,LP,Enigma,L4,V,V15 Paisley Underground,,Jangle,The West,"Los Angeles, CA",Paisley Underground,jangle; cosmic; hushed; feedback; breezy,Talking in My Sleep; Look at Merri; What She's Done to Your Mind,Essential,,,Documented,High
A1893,The Three O'Clock,Sixteen Tambourines,1983,LP,Frontier,L4,V,V15 Paisley Underground,V17,Power pop,The West,"Los Angeles, CA",Paisley Underground,jangle; close harmonies; breezy; anthemic; short songs (under 2 minutes),Jet Fighter; Stupid Einstein; And So We Run,Essential,,,Both,High
A1894,True West,True West,1983,EP,Bring Out Your Dead,L4,V,V15 Paisley Underground,,Jangle,The West,"Davis, CA",Paisley Underground,jangle; feedback; cosmic; drawl; long solos,Break A Leg; Last Chance For Romance; All I Want,Deep cut,,,Documented,High
A1895,The Bangles,All Over the Place,1984,LP,Columbia,L4,V,V15 Paisley Underground,V17,Power pop,The West,"Los Angeles, CA",Paisley Underground,jangle; close harmonies; breezy; anthemic; polished,Hero Takes a Fall; Going Down to Liverpool; All Over the Place,Recommended,,,Documented,High
A1896,The Dream Syndicate,Medicine Show,1984,LP,A&M,L4,V,V15 Paisley Underground,,Noise,The West,"Los Angeles, CA",Paisley Underground,long solos; feedback; baritone; storytelling; bleak,Still Holding on to You; The Medicine Show; John Coltrane Stereo Blues,Essential,,,Both,High
A1897,The Leaving Trains,Well Down Blue Highway,1984,LP,Bemisbrain/Enigma,L4,V,V15 Paisley Underground,,Punk,The West,"Los Angeles, CA",Paisley Underground,cracked or yelping; feedback; road songs; rowdy; bleak,Leaving Train; Always Between Wars; Creeping Coastline of Lights,Deep cut,,,Both,High
A1898,The Long Ryders,Native Sons,1984,LP,Frontier,L4,V,V15 Paisley Underground,V14,Cowpunk,The West,"Los Angeles, CA",Paisley Underground,Telecaster twang; harmonized guitars; jangle; close harmonies; road songs,Ivory Tower; Run Dusty Run; (Sweet) Mental Revenge,Essential,Y,,Both,High
A1899,True West,Drifters,1984,LP,PVC,L4,V,V15 Paisley Underground,,Jangle,The West,"Davis, CA",Paisley Underground,jangle; feedback; long solos; drawl; cosmic,Get Out Of My Way; Cry A While; Runaway Train,Recommended,,,Documented,High
A1900,28th Day,28th Day,1985,EP,Bring Out Your Dead/Enigma,L4,V,V15 Paisley Underground,V17,Jangle,The West,"Chico, CA",Paisley Underground,jangle; hushed; heartbreak; small-town; breezy,25 Pills; Pages Turn; Where the Bears Sing,Deep cut,,,Documented,High
A1901,Danny & Dusty,The Lost Weekend,1985,Collab,A&M,L4,V,V15 Paisley Underground,,Country rock,The West,"Los Angeles, CA",Paisley Underground,drawl; piano; drinking songs; road songs; storytelling,The Word Is Out; Song for the Dreamers; The King of the Losers,Recommended,,,Documented,High
A1902,Green on Red,Gas Food Lodging,1985,LP,Enigma,L4,V,V15 Paisley Underground,V14,Cowpunk,The West,"Los Angeles, CA",Paisley Underground,drawl; piano; storytelling; small-town; spiritual or gospel,That's What Dreams; Sixteen Ways; We Shall Overcome,Essential,,,Both,High
A1903,Green on Red,No Free Lunch,1985,EP,Mercury,L4,V,V15 Paisley Underground,,Cowpunk,The West,"Los Angeles, CA",Paisley Underground,drawl; piano; political; drinking songs; bleak,Funny How Time Slips Away,Deep cut,,,Documented,High
A1904,The Long Ryders,State of Our Union,1985,LP,Island,L4,V,V15 Paisley Underground,,Country rock,The West,"Los Angeles, CA",Paisley Underground,Telecaster twang; harmonized guitars; political; storytelling; anthemic,Looking for Lewis and Clark; Here Comes That Train Again; State of My Union,Recommended,,,Documented,High
A1905,Rain Parade,Crashing Dream,1985,LP,Island,L4,V,V15 Paisley Underground,,Jangle,The West,"Los Angeles, CA",Paisley Underground,jangle; breezy; hushed; harmonized guitars; cosmic,My Secret Country; Don't Feel Bad; Depending on You,Recommended,,,Documented,High
A1906,Thin White Rope,Exploring the Axis,1985,LP,Frontier,L4,V,V15 Paisley Underground,,Noise,The West,"Davis, CA",Paisley Underground,noise wall; feedback; baritone; Southern gothic; bleak,Down in the Desert; Exploring the Axis; The Real West,Essential,,,Both,High
A1907,The Three O'Clock,Arrive Without Travelling,1985,LP,I.R.S.,L4,V,V15 Paisley Underground,V17,Power pop,The West,"Los Angeles, CA",Paisley Underground,jangle; close harmonies; synths; breezy; anthemic,Her Head's Revolving; The Girl with the Guitar (Says Oh Yeah); Half the Way There,Recommended,,,Documented,High
A1908,The Dream Syndicate,Out of the Grey,1986,LP,Big Time/Chrysalis,L4,V,V15 Paisley Underground,,Noise,The West,"Los Angeles, CA",Paisley Underground,feedback; long solos; drawl; road songs; bleak,50 in a 25 Zone; Boston; Out of the Grey,Recommended,,,Documented,High
A1909,Giant Sand,Ballad of a Thin Line Man,1986,LP,Zippo,L4,V,V15 Paisley Underground,,Country rock,The West,"Tucson, AZ",Paisley Underground,drawl; Crazy Horse fuzz; Southern gothic; storytelling; bleak,Thin Line Man; You Can't Put Your Arms Around a Memory; Last Legs,Deep cut,,Y,Both,High
A1910,Russ Tolman,Totem Poles and Glory Holes,1986,LP,Down There/Restless,L4,V,V15 Paisley Underground,,Country rock,The West,"Davis, CA",Paisley Underground,drawl; Telecaster twang; storytelling; road songs; small-town,Looking For An Angel; Galveston Mud; Talking Hoover Dam Blues,Deep cut,,,Documented,High
A1911,Green on Red,The Killer Inside Me,1987,LP,Mercury,L3,V,V15 Paisley Underground,,Country rock,The West,"Los Angeles, CA",Paisley Underground,drawl; piano; storytelling; Southern gothic; road songs,Sorry Naomi; No Man's Land; Jamie,Recommended,,,Documented,High
A1912,The Long Ryders,Two-Fisted Tales,1987,LP,Island,L3,V,V15 Paisley Underground,,Country rock,The West,"Los Angeles, CA",Paisley Underground,Telecaster twang; harmonized guitars; storytelling; political; road songs,Gunslinger Man; I Want You Bad; Two-Fisted Heart,Recommended,,,Both,High
A1913,Naked Prey,40 Miles From Nowhere,1987,LP,Frontier,L3,V,V15 Paisley Underground,,Cowpunk,The West,"Tucson, AZ",Paisley Underground,drawl; long solos; road songs; drinking songs; bleak,Silver Train; Wichita Lineman,Deep cut,,,Both,High
A1914,Opal,Happy Nightmare Baby,1987,LP,SST,L3,V,V15 Paisley Underground,,Dream pop,The West,"Los Angeles, CA",Paisley Underground,noise wall; hushed; drawl; cosmic; glacial,Rocket Machine; Soul Giver; Magick Power,Essential,,,Documented,High
A1915,Thin White Rope,Moonhead,1987,LP,Frontier,L3,V,V15 Paisley Underground,,Noise,The West,"Davis, CA",Paisley Underground,noise wall; feedback; baritone; long solos; bleak,Wire Animals; Moonhead; Take It Home,Recommended,,,Both,High
A1916,The Dream Syndicate,Ghost Stories,1988,LP,Enigma,L3,V,V15 Paisley Underground,,Country rock,The West,"Los Angeles, CA",Paisley Underground,drawl; storytelling; bleak; baritone; road songs,The Side I'll Never Show; My Old Haunts; Someplace Better Than This,Recommended,,,Both,High
A1917,Thin White Rope,In the Spanish Cave,1988,LP,Frontier,L3,V,V15 Paisley Underground,,Noise,The West,"Davis, CA",Paisley Underground,noise wall; baritone; feedback; Southern gothic; glacial,Red Sun; Astronomy; Timing,Essential,,,Documented,High
A1918,Chris Cacavas & Junkyard Love,Chris Cacavas and Junkyard Love,1989,LP,Heyday,L3,V,V15 Paisley Underground,,Country rock,The West,"Tucson, AZ",Paisley Underground,drawl; piano; storytelling; road songs; heartbreak,Blue River; Driving Misery; Truth,Deep cut,,,Documented,High
A1919,Green on Red,Here Come the Snakes,1989,LP,Restless,L3,V,V15 Paisley Underground,,Cowpunk,The West,"Los Angeles, CA",Paisley Underground,drawl; cracked or yelping; drinking songs; bleak; rowdy,Rock n Roll Disease; Broken Radio; Keith Can't Read,Recommended,,,Both,High
A1920,Green on Red,This Time Around,1989,LP,China,L3,V,V15 Paisley Underground,,Country rock,The West,"Los Angeles, CA",Paisley Underground,drawl; piano; drinking songs; storytelling; bleak,Pills and Booze,Deep cut,,,Both,High
A1921,Steve Wynn,Kerosene Man,1990,LP,Rhino,L3,V,V15 Paisley Underground,V9,Country rock,The West,"Los Angeles, CA",Paisley Underground,drawl; baritone; storytelling; road songs; bleak,Tears Won't Help; Kerosene Man; Carolyn,Recommended,,,Both,High
A1922,The Feelies,Crazy Rhythms,1980,LP,Stiff Records,L4,V,V16 American underground and college rock,,Jangle,The Northeast,"Haledon, NJ",Hoboken,jangle; deadpan; drum machine; anthemic; breezy,Fa Ce-La; Forces at Work; Loveless Love,Essential,,,Documented,High
A1923,Wipers,Is This Real?,1980,LP,Park Avenue Records,L4,V,V16 American underground and college rock,,Post-punk,The West,"Portland, OR",SST and San Pedro,shouted; feedback; bleak; storytelling; lo-fi,Return of the Rat; Window Shop for Love; Is This Real?,Essential,,,Documented,High
A1924,Minutemen,The Punch Line,1981,LP,SST Records,L4,V,V16 American underground and college rock,,Post-punk,The West,"San Pedro, CA",SST and San Pedro,shouted; funny-sad; political; short songs (under 2 minutes); storytelling,Search; Song for El Salvador; History Lesson,Essential,,Y,Documented,High
A1925,The Replacements,"Sorry Ma, Forgot to Take Out the Trash",1981,LP,Twin/Tone Records,L4,V,V16 American underground and college rock,,Punk,Chicago and the Midwest,"Minneapolis, MN",Minneapolis,shouted; drawl; funny-sad; short songs (under 2 minutes); rowdy,Raised in the City; Shiftless When Idle; I'm in Trouble,Recommended,,Y,Both,High
A1926,Wipers,Youth of America,1981,LP,Park Avenue Records,L4,V,V16 American underground and college rock,,Post-punk,The West,"Portland, OR",SST and San Pedro,feedback; long songs (7+ minutes); bleak; noise wall; political,Youth of America; Taking Too Long; No Fair,Essential,,,Both,High
A1927,Hüsker Dü,Land Speed Record,1982,Live,New Alliance Records,L4,V,V16 American underground and college rock,,Punk,Chicago and the Midwest,"St. Paul, MN",Minneapolis,shouted; rowdy; feedback; short songs (under 2 minutes); live in the room,All Tensed Up; Data Control; Do You Remember?,Deep cut,,Y,Documented,High
A1928,Love Tractor,Love Tractor,1982,LP,DB Records,L4,V,V16 American underground and college rock,,Post-punk,The South,"Athens, GA","Athens, Georgia",jangle; harmonized guitars; breezy; fingerpicked acoustic; lo-fi,Buy Me A Million Dollars; Motorcade; Tropical,Deep cut,,,Both,High
A1929,Meat Puppets,Meat Puppets,1982,LP,SST Records,L4,V,V16 American underground and college rock,,Punk,The West,"Phoenix, AZ",SST and San Pedro,shouted; feedback; rowdy; short songs (under 2 minutes); lo-fi,In a Car; Walking Boss; Big House,Deep cut,,Y,Documented,High
A1930,R.E.M.,Chronic Town,1982,EP,I.R.S. Records,L4,V,V16 American underground and college rock,,Jangle,The South,"Athens, GA","Athens, Georgia",jangle; deadpan; storytelling; small-town; breezy,"Wolves, Lower; Gardening at Night; 1,000,000",Essential,,Y,Both,High
A1931,The Replacements,Stink,1982,EP,Twin/Tone Records,L4,V,V16 American underground and college rock,,Punk,Chicago and the Midwest,"Minneapolis, MN",Minneapolis,shouted; rowdy; short songs (under 2 minutes); funny-sad; political,Kids Don't Follow; Gary's Got a Boner; Fuck School,Deep cut,,Y,Documented,High
A1932,The Embarrassment,Death Travels West,1983,LP,Fresh Sounds Records,L4,V,V16 American underground and college rock,,Jangle,Chicago and the Midwest,"Wichita, KS",,jangle; deadpan; storytelling; small-town; funny-sad,Elizabeth Montgomery's Face,Recommended,,,Inferred,High
A1933,Hüsker Dü,Everything Falls Apart,1983,LP,Reflex Records,L4,V,V16 American underground and college rock,,Punk,Chicago and the Midwest,"St. Paul, MN",Minneapolis,shouted; feedback; rowdy; short songs (under 2 minutes); bleak,From the Gut; Punch Drunk; Sunshine Superman,Deep cut,,Y,Documented,High
A1934,Hüsker Dü,Metal Circus,1983,EP,SST Records,L4,V,V16 American underground and college rock,,Punk,Chicago and the Midwest,"St. Paul, MN",Minneapolis,shouted; feedback; bleak; rowdy; storytelling,Diane; It's Not Funny Anymore; First of the Last Calls,Recommended,,Y,Documented,High
A1935,Minutemen,Buzz or Howl Under the Influence of Heat,1983,EP,SST Records,L4,V,V16 American underground and college rock,,Post-punk,The West,"San Pedro, CA",SST and San Pedro,shouted; storytelling; funny-sad; short songs (under 2 minutes); political,I Felt Like a Gringo; Cut; Little Man With a Gun in His Hand,Deep cut,,Y,Documented,High
A1936,Minutemen,What Makes a Man Start Fires?,1983,LP,SST Records,L4,V,V16 American underground and college rock,,Post-punk,The West,"San Pedro, CA",SST and San Pedro,shouted; political; funny-sad; storytelling; short songs (under 2 minutes),Bob Dylan Wrote Propaganda Songs; Life as a Rehearsal; The Anchor,Deep cut,,Y,Documented,High
A1937,R.E.M.,Murmur,1983,LP,I.R.S. Records,L4,V,V16 American underground and college rock,,Jangle,The South,"Athens, GA","Athens, Georgia",jangle; deadpan; hushed; storytelling; breezy,Radio Free Europe; Talk About the Passion; Perfect Circle,Essential,,Y,Documented,High
A1938,The Replacements,Hootenanny,1983,LP,Twin/Tone Records,L4,V,V16 American underground and college rock,,Punk,Chicago and the Midwest,"Minneapolis, MN",Minneapolis,shouted; drawl; funny-sad; storytelling; rowdy,Color Me Impressed; Within Your Reach; Mr. Whirly,Recommended,,Y,Documented,High
A1939,Sonic Youth,Confusion Is Sex,1983,LP,Neutral Records,L4,V,V16 American underground and college rock,,Noise,The Northeast,"New York, NY",New York proto-punk and CBGB,noise wall; feedback; deadpan; bleak; shouted,Shaking Hell; Protect Me You; Confusion Is Next,Deep cut,,Y,Documented,High
A1940,Wipers,Over the Edge,1983,LP,Brain Eater Records,L4,V,V16 American underground and college rock,,Post-punk,The West,"Portland, OR",SST and San Pedro,feedback; bleak; shouted; noise wall; political,Over the Edge; So Young; Doom Town,Recommended,,,Documented,High
A1941,Hüsker Dü,Zen Arcade,1984,LP,SST Records,L4,V,V16 American underground and college rock,,Punk,Chicago and the Midwest,"St. Paul, MN",Minneapolis,feedback; shouted; storytelling; long songs (7+ minutes); bleak,Turn On the News; Never Talking to You Again; Pink Turns to Blue,Essential,,Y,Inferred,High
A1942,Meat Puppets,Meat Puppets II,1984,LP,SST Records,L4,V,V16 American underground and college rock,,Cosmic country,The West,"Phoenix, AZ",SST and San Pedro,cracked or yelping; drawl; cosmic; storytelling; lo-fi,"Plateau; Oh, Me; Lake of Fire",Essential,,Y,Both,High
A1943,Minutemen,Double Nickels on the Dime,1984,LP,SST Records,L4,V,V16 American underground and college rock,,Post-punk,The West,"San Pedro, CA",SST and San Pedro,shouted; political; storytelling; funny-sad; short songs (under 2 minutes),Corona; History Lesson - Part II; Political Song for Michael Jackson to Sing,Essential,,Y,Both,High
A1944,R.E.M.,Reckoning,1984,LP,I.R.S. Records,L4,V,V16 American underground and college rock,,Jangle,The South,"Athens, GA","Athens, Georgia",jangle; drawl; storytelling; breezy; anthemic,So. Central Rain; 7 Chinese Bros.; Don't Go Back to Rockville,Essential,,Y,Documented,High
A1945,The Replacements,Let It Be,1984,LP,Twin/Tone Records,L4,V,V16 American underground and college rock,,Power pop,Chicago and the Midwest,"Minneapolis, MN",Minneapolis,drawl; funny-sad; storytelling; cracked or yelping; heartbreak,Unsatisfied; Androgynous; I Will Dare,Essential,Y,Y,Both,High
A1946,Angst,Lite Life,1985,LP,SST Records,L4,V,V16 American underground and college rock,,Jangle,The West,"San Francisco, CA",SST and San Pedro,jangle; political; drawl; storytelling; breezy,Some Things (I Can't Get Used To),Deep cut,,,Inferred,High
A1947,Beat Happening,Beat Happening,1985,LP,K Records,L4,V,V16 American underground and college rock,V11,Lo-fi,The West,"Olympia, WA",Olympia and K Records,deadpan; lo-fi; short songs (under 2 minutes); hushed; breezy,Foggy Eyes; Bad Seeds; I Love You,Essential,,,Both,High
A1948,Camper Van Beethoven,Telephone Free Landslide Victory,1985,LP,Independent Project Records,L4,V,V16 American underground and college rock,,Crossover,The West,"Redlands/San Francisco, CA",SST and San Pedro,storytelling; funny-sad; political; breezy; pop-culture references,Take the Skinheads Bowling; Where the Hell Is Bill?; Border Ska,Essential,,,Documented,High
A1949,Dinosaur Jr.,Dinosaur,1985,LP,Homestead Records,L4,V,V16 American underground and college rock,,Noise,The Northeast,"Amherst, MA",Western Mass DIY,noise wall; Crazy Horse fuzz; deadpan; feedback; long solos,Repulsion; Does It Float; The Leper,Recommended,,Y,Both,High
A1950,Great Plains,"Naked at the Buy, Sell and Trade",1985,LP,Homestead,L4,V,V16 American underground and college rock,,Post-punk,Chicago and the Midwest,"Columbus, OH",,deadpan; pop-culture references; jangle; short songs (under 2 minutes); funny-sad,Dick Clark; Letter To A Fanzine; Chuck Berry's Orphan,Deep cut,,,Both,Medium
A1951,Hüsker Dü,Flip Your Wig,1985,LP,SST Records,L4,V,V16 American underground and college rock,,Power pop,Chicago and the Midwest,"St. Paul, MN",Minneapolis,feedback; anthemic; storytelling; breezy; shouted,Makes No Sense at All; Green Eyes; Flip Your Wig,Recommended,,Y,Documented,High
A1952,Hüsker Dü,New Day Rising,1985,LP,SST Records,L4,V,V16 American underground and college rock,,Punk,Chicago and the Midwest,"St. Paul, MN",Minneapolis,feedback; shouted; anthemic; storytelling; bleak,Celebrated Summer; New Day Rising; I Apologize,Essential,,Y,Inferred,High
A1953,Meat Puppets,Up on the Sun,1985,LP,SST Records,L4,V,V16 American underground and college rock,,Cosmic country,The West,"Phoenix, AZ",SST and San Pedro,cracked or yelping; cosmic; drawl; breezy; long solos,Up on the Sun; Maiden's Milk; Swimming Ground,Essential,,Y,Both,High
A1954,Minutemen,3-Way Tie (For Last),1985,LP,SST Records,L4,V,V16 American underground and college rock,,Post-punk,The West,"San Pedro, CA",SST and San Pedro,shouted; political; storytelling; funny-sad; short songs (under 2 minutes),The Big Stick; Political Nightmare; Price of Paradise,Recommended,,Y,Documented,High
A1955,R.E.M.,Fables of the Reconstruction,1985,LP,I.R.S. Records,L4,V,V16 American underground and college rock,,Jangle,The South,"Athens, GA","Athens, Georgia",jangle; storytelling; Southern gothic; small-town; bleak,Driver 8; Life and How to Live It; Can't Get There from Here,Recommended,,Y,Inferred,High
A1956,The Replacements,Tim,1985,LP,Sire Records,L4,V,V16 American underground and college rock,,Power pop,Chicago and the Midwest,"Minneapolis, MN",Minneapolis,drawl; funny-sad; storytelling; cracked or yelping; heartbreak,Bastards of Young; Left of the Dial; Here Comes a Regular,Essential,,Y,Documented,High
A1957,Sonic Youth,Bad Moon Rising,1985,LP,Homestead Records,L4,V,V16 American underground and college rock,,Noise,The Northeast,"New York, NY",New York proto-punk and CBGB,noise wall; feedback; bleak; Southern gothic; deadpan,Death Valley '69; Brave Men Run; I'm Insane,Recommended,,Y,Both,High
A1958,Squirrel Bait,Squirrel Bait,1985,EP,Homestead Records,L4,V,V16 American underground and college rock,,Punk,The South,"Louisville, KY",SST and San Pedro,shouted; cracked or yelping; rowdy; storytelling; short songs (under 2 minutes),Hammering So Hard; Hate Song; Hollowed,Recommended,,,Documented,High
A1959,Volcano Suns,The Bright Orange Years,1985,LP,Homestead Records,L4,V,V16 American underground and college rock,,Post-punk,The Northeast,"Boston, MA",Boston,shouted; noise wall; rowdy; storytelling; lo-fi,Kar; Balancing Rock; Jak,Recommended,,,Documented,High
A1960,Camper Van Beethoven,Camper Van Beethoven,1986,LP,Pitch-a-Tent Records,L4,V,V16 American underground and college rock,,Crossover,The West,"Redlands/San Francisco, CA",SST and San Pedro,storytelling; cosmic; funny-sad; breezy; political,The History of Utah; Good Guys and Bad Guys; Interstellar Overdrive,Recommended,,,Documented,High
A1961,Camper Van Beethoven,II & III,1986,LP,Pitch-a-Tent Records,L4,V,V16 American underground and college rock,,Crossover,The West,"Redlands/San Francisco, CA",SST and San Pedro,storytelling; funny-sad; breezy; political; cosmic,Abundance; Sad Lovers Waltz; Cowboys from Hollywood,Deep cut,,,Documented,High
A1962,Christmas,In Excelsior Dayglo,1986,LP,Big Time,L4,V,V16 American underground and college rock,,Post-punk,The Northeast,"Boston, MA",,deadpan; pop-culture references; jangle; funny-sad; shouted,Big Plans; Loved Ones; Pumpkinhead,Deep cut,,,Inferred,Medium
A1963,The Feelies,The Good Earth,1986,LP,Coyote Records,L4,V,V16 American underground and college rock,,Jangle,The Northeast,"Haledon, NJ",Hoboken,jangle; deadpan; hushed; breezy; storytelling,On the Roof; Slipping (Into Something); The High Road,Recommended,,,Documented,High
A1964,fIREHOSE,"Ragin', Full On",1986,LP,SST Records,L4,V,V16 American underground and college rock,,Post-punk,The West,"San Pedro, CA",SST and San Pedro,shouted; storytelling; political; short songs (under 2 minutes); funny-sad,Brave Captain; Chemical Wire; Locked In,Recommended,,,Documented,High
A1965,Hüsker Dü,Candy Apple Grey,1986,LP,Warner Bros. Records,L4,V,V16 American underground and college rock,,Power pop,Chicago and the Midwest,"St. Paul, MN",Minneapolis,feedback; hushed; bleak; anthemic; storytelling,Don't Want to Know If You Are Lonely; Hardly Getting Over It; Crystal,Essential,,Y,Documented,High
A1966,R.E.M.,Lifes Rich Pageant,1986,LP,I.R.S. Records,L4,V,V16 American underground and college rock,,Jangle,The South,"Athens, GA","Athens, Georgia",jangle; political; anthemic; storytelling; drawl,Fall on Me; Cuyahoga; Begin the Begin,Essential,,Y,Documented,High
A1967,Sonic Youth,EVOL,1986,LP,SST Records,L4,V,V16 American underground and college rock,,Noise,The Northeast,"New York, NY",New York proto-punk and CBGB,noise wall; feedback; deadpan; cosmic; bleak,Shadow of a Doubt; Expressway to Yr Skull; Tom Violence,Recommended,,Y,Documented,High
A1968,Soul Asylum,Made to Be Broken,1986,LP,Twin/Tone Records,L4,V,V16 American underground and college rock,,Punk,Chicago and the Midwest,"Minneapolis, MN",Minneapolis,shouted; drawl; rowdy; heartbreak; storytelling,Ship of Fools; Never Really Been; Whoa!,Recommended,,,Both,High
A1969,Soul Asylum,While You Were Out,1986,LP,Twin/Tone Records,L4,V,V16 American underground and college rock,,Punk,Chicago and the Midwest,"Minneapolis, MN",Minneapolis,shouted; drawl; rowdy; storytelling; heartbreak,Freaks; Long Way Home; Passing Sad Distant Milkweed,Recommended,,,Documented,High
A1970,Trip Shakespeare,Applehead Man,1986,LP,Gark Records,L4,V,V16 American underground and college rock,,Jangle,Chicago and the Midwest,"Minneapolis, MN",Minneapolis,jangle; harmonized guitars; close harmonies; storytelling; breezy,Applehead Man; Fangs; Highway in the Sun,Deep cut,,,Documented,High
A1971,Volcano Suns,All-Night Lotus Party,1986,LP,Homestead Records,L4,V,V16 American underground and college rock,,Post-punk,The Northeast,"Boston, MA",Boston,shouted; noise wall; rowdy; lo-fi; storytelling,Cans; White Elephant; .5,Recommended,,,Documented,High
A1972,The Windbreakers,Run,1986,LP,DB Records,L4,V,V16 American underground and college rock,,Jangle,The South,"Jackson, MS",,jangle; harmonized guitars; breezy; pop-culture references; short songs (under 2 minutes),Run; This Time-She Said; Visa Cards And Antique Mirrors,Deep cut,,,Both,High
A1973,Yo La Tengo,Ride the Tiger,1986,LP,Coyote Records,L4,V,V16 American underground and college rock,,Jangle,The Northeast,"Hoboken, NJ",Hoboken,jangle; deadpan; hushed; breezy; storytelling,The Cone of Silence; The Way Some People Die; Screaming Dead Balloons,Recommended,,,Documented,High
A1974,Big Dipper,Heavens,1987,LP,Homestead Records,L3,V,V16 American underground and college rock,,Power pop,The Northeast,"Boston, MA",Boston,jangle; pop-culture references; storytelling; breezy; anthemic,She's Fetching; All Going Out Together; Man O' War,Recommended,,,Documented,High
A1975,The Connells,Boylan Heights,1987,LP,TVT Records,L3,V,V16 American underground and college rock,,Jangle,The Carolinas,"Raleigh, NC",,jangle; storytelling; breezy; drawl; heartbreak,Scotty's Lament; Just Like Us; I Suppose,Recommended,,,Inferred,High
A1976,Dinosaur Jr.,You're Living All Over Me,1987,LP,SST Records,L3,V,V16 American underground and college rock,,Noise,The Northeast,"Amherst, MA",Western Mass DIY,noise wall; Crazy Horse fuzz; deadpan; feedback; long solos,Little Fury Things; Sludgefeast; In a Jar,Essential,Y,Y,Both,High
A1977,Dumptruck,For the Country,1987,LP,Big Time Records,L3,V,V16 American underground and college rock,,Jangle,The Northeast,"Boston, MA",Boston,jangle; drawl; breezy; storytelling; heartbreak,Island; Going Nowhere; For the Country,Recommended,,,Inferred,High
A1978,fIREHOSE,If'n,1987,LP,SST Records,L3,V,V16 American underground and college rock,,Post-punk,The West,"San Pedro, CA",SST and San Pedro,storytelling; funny-sad; shouted; political; breezy,Backatcha; Sicksicksick; In Memory of Elizabeth Cotten,Essential,,,Documented,High
A1979,Hüsker Dü,Warehouse: Songs and Stories,1987,LP,Warner Bros. Records,L3,V,V16 American underground and college rock,,Power pop,Chicago and the Midwest,"St. Paul, MN",Minneapolis,feedback; anthemic; storytelling; bleak; long songs (7+ minutes),Could You Be the One?; She Floated Away; Ice Cold Ice,Recommended,,Y,Documented,High
A1980,The Lemonheads,Hate Your Friends,1987,LP,Taang! Records,L3,V,V16 American underground and college rock,,Punk,The Northeast,"Boston, MA",Boston,shouted; funny-sad; short songs (under 2 minutes); rowdy; storytelling,Hate Your Friends; Second Chance; Sneakyville,Recommended,,,Documented,High
A1981,Meat Puppets,Huevos,1987,LP,SST Records,L3,V,V16 American underground and college rock,,Southern rock,The West,"Phoenix, AZ",SST and San Pedro,drawl; long solos; rowdy; Crazy Horse fuzz; breezy,Paradise; Look at the Rain; Peace,Deep cut,,Y,Both,High
A1982,Meat Puppets,Mirage,1987,LP,SST Records,L3,V,V16 American underground and college rock,,Cosmic country,The West,"Phoenix, AZ",SST and San Pedro,cracked or yelping; cosmic; drawl; long solos; storytelling,Get on Down; The Wind and the Rain; Confusion Fog,Recommended,,Y,Documented,High
A1983,Miracle Legion,Surprise Surprise Surprise,1987,LP,Rough Trade Records,L3,V,V16 American underground and college rock,,Jangle,The Northeast,"New Haven, CT",,jangle; hushed; storytelling; drawl; breezy,Mr. Mingo; All for the Best; Storyteller,Recommended,,,Inferred,High
A1984,Pixies,Come On Pilgrim,1987,EP,4AD,L3,V,V16 American underground and college rock,,Noise,The Northeast,"Boston, MA",Boston,shouted; cracked or yelping; storytelling; feedback; Southern gothic,Caribou; Levitate Me; Vamos,Recommended,,,Both,High
A1985,R.E.M.,Document,1987,LP,I.R.S. Records,L3,V,V16 American underground and college rock,,Jangle,The South,"Athens, GA","Athens, Georgia",jangle; political; anthemic; pop-culture references; storytelling,It's the End of the World as We Know It (And I Feel Fine); The One I Love; Welcome to the Occupation,Essential,,Y,Both,High
A1986,The Replacements,Pleased to Meet Me,1987,LP,Sire Records,L3,V,V16 American underground and college rock,,Power pop,Chicago and the Midwest,"Minneapolis, MN",Minneapolis,drawl; funny-sad; horns; storytelling; heartbreak,Alex Chilton; Skyway; I.O.U.,Essential,,Y,Documented,High
A1987,Salem 66,Frequency and Urgency,1987,LP,Homestead,L3,V,V16 American underground and college rock,,Post-punk,The Northeast,"Boston, MA",,close harmonies; drawl; jangle; storytelling; lo-fi,Postcard; Wanderlust; Widow's Walk,Deep cut,,,Both,High
A1988,Sonic Youth,Sister,1987,LP,SST Records,L3,V,V16 American underground and college rock,,Noise,The Northeast,"New York, NY",New York proto-punk and CBGB,noise wall; feedback; deadpan; cosmic; anthemic,Schizophrenia; Catholic Block; Stereo Sanctity,Essential,,Y,Both,High
A1989,Squirrel Bait,Skag Heaven,1987,LP,Homestead Records,L3,V,V16 American underground and college rock,,Punk,The South,"Louisville, KY",SST and San Pedro,shouted; cracked or yelping; storytelling; rowdy; bleak,Slake; Tin Foil; Black Light Poster Child,Recommended,,,Documented,High
A1990,Volcano Suns,Bumper Crop,1987,LP,Homestead Records,L3,V,V16 American underground and college rock,,Post-punk,The Northeast,"Boston, MA",Boston,shouted; noise wall; rowdy; storytelling; lo-fi,Jak; Crib Death; Grifter,Deep cut,,,Documented,High
A1991,Yo La Tengo,New Wave Hot Dogs,1987,LP,Coyote Records,L3,V,V16 American underground and college rock,,Jangle,The Northeast,"Hoboken, NJ",Hoboken,jangle; feedback; deadpan; hushed; breezy,The Story of Jazz; A Shy Dog; Did I Tell You,Deep cut,,,Documented,High
A1992,Beat Happening,Jamboree,1988,LP,K Records,L3,V,V16 American underground and college rock,V11,Lo-fi,The West,"Olympia, WA",Olympia and K Records,deadpan; lo-fi; hushed; breezy; storytelling,Indian Summer; Bewitched; In Between,Essential,,,Documented,High
A1993,Big Dipper,Craps,1988,LP,Homestead Records,L3,V,V16 American underground and college rock,,Power pop,The Northeast,"Boston, MA",Boston,jangle; pop-culture references; breezy; storytelling; anthemic,Hey! Mr. Lincoln; Meet The Witch; Ron Klaus Wrecked His House,Deep cut,,,Documented,High
A1994,Camper Van Beethoven,Our Beloved Revolutionary Sweetheart,1988,LP,Virgin Records,L3,V,V16 American underground and college rock,,Crossover,The West,"Redlands/San Francisco, CA",SST and San Pedro,storytelling; political; cosmic; breezy; strings,"Eye of Fatima, Pt. 1; She Divines Water; (I Was Born in a) Laundromat",Recommended,,,Documented,High
A1995,Dinosaur Jr.,Bug,1988,LP,SST Records,L3,V,V16 American underground and college rock,,Noise,The Northeast,"Amherst, MA",Western Mass DIY,noise wall; Crazy Horse fuzz; deadpan; feedback; anthemic,Freak Scene; No Bones; Budge,Essential,,Y,Both,High
A1996,The Feelies,Only Life,1988,LP,A&M Records,L3,V,V16 American underground and college rock,,Jangle,The Northeast,"Haledon, NJ",Hoboken,jangle; deadpan; breezy; anthemic; hushed,It's Only Life; Away; The Undertow,Recommended,,,Both,High
A1997,The Lemonheads,Creator,1988,LP,Taang! Records,L3,V,V16 American underground and college rock,,Punk,The Northeast,"Boston, MA",Boston,shouted; funny-sad; storytelling; breezy; short songs (under 2 minutes),Clang Bang Clang; Falling; Postcard,Recommended,,,Documented,High
A1998,Pixies,Surfer Rosa,1988,LP,4AD,L3,V,V16 American underground and college rock,,Noise,The Northeast,"Boston, MA",Boston,shouted; cracked or yelping; storytelling; feedback; rowdy,Gigantic; Where Is My Mind?; Bone Machine,Essential,,,Documented,High
A1999,R.E.M.,Green,1988,LP,Warner Bros. Records,L3,V,V16 American underground and college rock,,Jangle,The South,"Athens, GA","Athens, Georgia",jangle; mandolin; political; anthemic; breezy,Stand; Orange Crush; World Leader Pretend,Recommended,,Y,Documented,High
A2000,Scrawl,He's Drunk,1988,LP,Rough Trade,L3,V,V16 American underground and college rock,,Post-punk,Chicago and the Midwest,"Columbus, OH",,shouted; deadpan; drawl; lo-fi; rowdy,Green Beer; Believe; I Feel Your Pain,Deep cut,,,Both,High
A2001,Sonic Youth,Daydream Nation,1988,LP,Enigma Records,L3,V,V16 American underground and college rock,,Noise,The Northeast,"New York, NY",New York proto-punk and CBGB,noise wall; feedback; long songs (7+ minutes); cosmic; anthemic,Teen Age Riot; Total Trash; Candle,Essential,,Y,Both,High
A2002,Soul Asylum,Hang Time,1988,LP,A&M Records,L3,V,V16 American underground and college rock,,Power pop,Chicago and the Midwest,"Minneapolis, MN",Minneapolis,drawl; anthemic; storytelling; heartbreak; breezy,Cartoon; Sometime to Return; Endless Farewell,Recommended,,,Documented,High
A2003,Buffalo Tom,Buffalo Tom,1989,LP,SST Records,L3,V,V16 American underground and college rock,,Slacker,The Northeast,"Boston, MA",Boston,Crazy Horse fuzz; drawl; storytelling; heartbreak; noise wall,Sunflower Suit; Racine; Reason Why,Recommended,,,Documented,High
A2004,Camper Van Beethoven,Key Lime Pie,1989,LP,Virgin Records,L3,V,V16 American underground and college rock,,Crossover,The West,"Redlands/San Francisco, CA",SST and San Pedro,storytelling; drawl; political; cosmic; bleak,Sweethearts; Jack Ruby; Pictures of Matchstick Men,Essential,,,Both,High
A2005,fIREHOSE,fROMOHIO,1989,LP,SST Records,L3,V,V16 American underground and college rock,,Post-punk,The West,"San Pedro, CA",SST and San Pedro,storytelling; funny-sad; political; breezy; shouted,For the Singer of R.E.M.; Time With You; Riddle of the Eighties,Recommended,,,Both,High
A2006,The Lemonheads,Lick,1989,LP,Taang! Records,L3,V,V16 American underground and college rock,,Power pop,The Northeast,"Boston, MA",Boston,breezy; funny-sad; storytelling; heartbreak; drawl,Luka; Glad I Don't Know; Mallo Cup,Recommended,,,Documented,High
A2007,Meat Puppets,Monsters,1989,LP,SST Records,L3,V,V16 American underground and college rock,,Heartland rock,The West,"Phoenix, AZ",SST and San Pedro,drawl; long solos; anthemic; Crazy Horse fuzz; rowdy,Attacked by Monsters; Touchdown King; Lake Erie,Recommended,,Y,Documented,High
A2008,Pixies,Doolittle,1989,LP,4AD,L3,V,V16 American underground and college rock,,Noise,The Northeast,"Boston, MA",Boston,shouted; cracked or yelping; storytelling; anthemic; Southern gothic,Debaser; Monkey Gone to Heaven; Here Comes Your Man,Essential,,,Inferred,High
A2009,The Replacements,Don't Tell a Soul,1989,LP,Sire Records,L3,V,V16 American underground and college rock,,Power pop,Chicago and the Midwest,"Minneapolis, MN",Minneapolis,drawl; polished; anthemic; heartbreak; storytelling,I'll Be You; Achin' to Be; Talent Show,Recommended,,Y,Documented,High
A2010,Yo La Tengo,President Yo La Tengo,1989,LP,Coyote Records,L3,V,V16 American underground and college rock,,Jangle,The Northeast,"Hoboken, NJ",Hoboken,jangle; feedback; deadpan; hushed; bleak,"Barnaby, Hardly Working; Alyda; Drug Test",Recommended,,,Documented,High
A2011,Buffalo Tom,Birdbrain,1990,LP,Situation Two/Beggars Banquet,L3,V,V16 American underground and college rock,,Slacker,The Northeast,"Boston, MA",Boston,Crazy Horse fuzz; drawl; storytelling; heartbreak; anthemic,Birdbrain; Guy Who Is Me; Fortune Teller,Recommended,,,Both,High
A2012,The Lemonheads,Lovey,1990,LP,Atlantic Records,L3,V,V16 American underground and college rock,,Power pop,The Northeast,"Boston, MA",Boston,breezy; drawl; heartbreak; storytelling; funny-sad,Ballarat; Brass Buttons; Half the Time,Essential,,,Documented,High
A2013,Pixies,Bossanova,1990,LP,4AD,L3,V,V16 American underground and college rock,,Noise,The Northeast,"Boston, MA",Boston,cosmic; shouted; storytelling; feedback; breezy,Velouria; Dig for Fire; The Happening,Recommended,,,Documented,High
A2014,The Replacements,All Shook Down,1990,LP,Sire Records,L3,V,V16 American underground and college rock,,Power pop,Chicago and the Midwest,"Minneapolis, MN",Minneapolis,drawl; hushed; heartbreak; storytelling; bleak,Merry Go Round; Sadly Beautiful; When It Began,Recommended,,Y,Documented,High
A2015,Sonic Youth,Goo,1990,LP,DGC Records,L3,V,V16 American underground and college rock,,Noise,The Northeast,"New York, NY",New York proto-punk and CBGB,noise wall; feedback; deadpan; anthemic; pop-culture references,Kool Thing; Dirty Boots; Disappearer,Recommended,,Y,Documented,High
A2016,Dinosaur Jr.,Green Mind,1991,LP,Sire Records,L3,V,V16 American underground and college rock,,Slacker,The Northeast,"Amherst, MA",Western Mass DIY,Crazy Horse fuzz; deadpan; long solos; feedback; breezy,The Wagon; Puke + Cry; Flying Cloud,Recommended,,Y,Both,High
A2017,The Feelies,Time for a Witness,1991,LP,A&M Records,L3,V,V16 American underground and college rock,,Jangle,The Northeast,"Haledon, NJ",Hoboken,jangle; anthemic; breezy; drum machine; storytelling,Doin' It Again; Time for a Witness; Waiting,Recommended,,,Both,High
A2018,Pixies,Trompe le Monde,1991,LP,4AD,L3,V,V16 American underground and college rock,,Noise,The Northeast,"Boston, MA",Boston,shouted; feedback; cosmic; anthemic; storytelling,Planet of Sound; Alec Eiffel; Motorway to Roswell,Recommended,,,Both,High
A2019,R.E.M.,Out of Time,1991,LP,Warner Bros. Records,L3,V,V16 American underground and college rock,,Jangle,The South,"Athens, GA","Athens, Georgia",mandolin; close harmonies; anthemic; breezy; strings,Losing My Religion; Radio Song; Near Wild Heaven,Recommended,,Y,Documented,High
A2020,Sonic Youth,Dirty,1992,LP,DGC Records,L3,V,V16 American underground and college rock,,Noise,The Northeast,"New York, NY",New York proto-punk and CBGB,noise wall; feedback; shouted; anthemic; political,Youth Against Fascism; Sugar Kane; 100%,Recommended,,Y,Documented,High
A2021,Dinosaur Jr.,Where You Been,1993,LP,Sire Records,L3,V,V16 American underground and college rock,,Slacker,The Northeast,"Amherst, MA",Western Mass DIY,Crazy Horse fuzz; deadpan; long solos; anthemic; breezy,Start Choppin'; Out There; Not the Same,Recommended,,Y,Both,High
A2022,Sonic Youth,Washing Machine,1995,LP,DGC Records,L3,V,V16 American underground and college rock,,Noise,The Northeast,"New York, NY",New York proto-punk and CBGB,noise wall; feedback; long songs (7+ minutes); cosmic; glacial,The Diamond Sea; Little Trouble Girl; Unwind,Recommended,,Y,Documented,High
A2023,Dinosaur Jr.,Beyond,2007,LP,Fat Possum Records,L2,V,V16 American underground and college rock,,Slacker,The Northeast,"Amherst, MA",Western Mass DIY,Crazy Horse fuzz; deadpan; long solos; feedback; anthemic,Almost Ready; Been There All the Time; This Is All I Came to Do,Recommended,,Y,Documented,High
A2024,Badfinger,Straight Up,1971,LP,Apple Records,L5,V,"V17 Jangle and power pop, Big Star to GBV",,Power pop,"The UK, Ireland and Canada","Swansea, Wales",,close harmonies; harmonized guitars; breezy; polished; anthemic,Baby Blue; Day After Day; Name of the Game,Deep cut,,,Documented,High
A2025,Big Star,#1 Record,1972,LP,Ardent Records,L5,V,"V17 Jangle and power pop, Big Star to GBV",,Power pop,The South,"Memphis, TN",Memphis,jangle; close harmonies; harmonized guitars; breezy; heartbreak,Thirteen; The Ballad of El Goodo; In the Street,Essential,Y,,Documented,High
A2026,Raspberries,Fresh,1972,LP,Capitol Records,L5,V,"V17 Jangle and power pop, Big Star to GBV",,Power pop,Chicago and the Midwest,"Cleveland, OH",,close harmonies; harmonized guitars; breezy; anthemic; polished,I Wanna Be with You; Let's Pretend; Nowhere Man,Deep cut,,,Inferred,High
A2027,Raspberries,Raspberries,1972,LP,Capitol Records,L5,V,"V17 Jangle and power pop, Big Star to GBV",,Power pop,Chicago and the Midwest,"Cleveland, OH",,close harmonies; harmonized guitars; breezy; anthemic; pop-culture references,Go All the Way; Don't Want to Say Goodbye; I Saw the Light,Recommended,,,Inferred,High
A2028,Big Star,Radio City,1974,LP,Ardent Records,L5,V,"V17 Jangle and power pop, Big Star to GBV",,Power pop,The South,"Memphis, TN",Memphis,jangle; harmonized guitars; cracked or yelping; breezy; pop-culture references,September Gurls; Back of a Car; Mod Lang,Essential,,,Documented,High
A2029,Dwight Twilley Band,Sincerely,1976,LP,Shelter Records,L5,V,"V17 Jangle and power pop, Big Star to GBV",,Power pop,Texas and Oklahoma,"Tulsa, OK",,close harmonies; breezy; jangle; pop-culture references; anthemic,I'm on Fire; Could Be Love; Feeling in the Dark,Deep cut,,,Inferred,High
A2030,Flamin' Groovies,Shake Some Action,1976,LP,Sire Records,L5,V,"V17 Jangle and power pop, Big Star to GBV",,Power pop,The West,"San Francisco, CA",,jangle; close harmonies; harmonized guitars; breezy; anthemic,Shake Some Action; You Tore Me Down,Essential,,,Inferred,High
A2031,Cheap Trick,In Color,1977,LP,Epic Records,L5,V,"V17 Jangle and power pop, Big Star to GBV",,Power pop,Chicago and the Midwest,"Rockford, IL",,close harmonies; harmonized guitars; anthemic; breezy; pop-culture references,I Want You to Want Me; Southern Girls; Downed,Recommended,,,Inferred,High
A2032,Shoes,Black Vinyl Shoes,1977,LP,Black Vinyl Records,L5,V,"V17 Jangle and power pop, Big Star to GBV",,Power pop,Chicago and the Midwest,"Zion, IL",,lo-fi; close harmonies; jangle; breezy; short songs (under 2 minutes),Okay; Tomorrow Night; Say You Love Me,Recommended,,,Inferred,High
A2033,Big Star,Third,1978,LP,PVC Records,L4,V,"V17 Jangle and power pop, Big Star to GBV",,Power pop,The South,"Memphis, TN",Memphis,strings; hushed; bleak; lo-fi; cracked or yelping,Kanga Roo; Holocaust; Nighttime,Essential,,,Documented,High
A2034,Cheap Trick,Heaven Tonight,1978,LP,Epic Records,L4,V,"V17 Jangle and power pop, Big Star to GBV",,Power pop,Chicago and the Midwest,"Rockford, IL",,close harmonies; harmonized guitars; anthemic; feedback; pop-culture references,Surrender; Heaven Tonight; On Top of the World,Essential,,,Inferred,High
A2035,20/20,20/20,1979,LP,Portrait Records,L4,V,"V17 Jangle and power pop, Big Star to GBV",,Power pop,The West,"Los Angeles, CA",,jangle; close harmonies; synths; breezy; anthemic,Yellow Pills; Cheri; Giving It All,Deep cut,,,Documented,High
A2036,Alex Chilton,Like Flies on Sherbert,1979,LP,Peabody Records,L4,V,"V17 Jangle and power pop, Big Star to GBV",,Power pop,The South,"Memphis, TN",Memphis,lo-fi; shouted; drawl; live in the room; pop-culture references,My Rival; Hey! Little Child; Like Flies on Sherbert,Recommended,,,Inferred,High
A2037,The Knack,Get the Knack,1979,LP,Capitol Records,L4,V,"V17 Jangle and power pop, Big Star to GBV",,Power pop,The West,"Los Angeles, CA",,close harmonies; jangle; breezy; anthemic; pop-culture references,My Sharona; Good Girls Don't; Maybe Tonight,Recommended,,,Inferred,High
A2038,The Records,Shades in Bed,1979,LP,Virgin Records,L4,V,"V17 Jangle and power pop, Big Star to GBV",,Power pop,"The UK, Ireland and Canada","London, England",,jangle; close harmonies; breezy; pop-culture references; anthemic,Starry Eyes; Teenarama,Recommended,,,Inferred,High
A2039,Shoes,Present Tense,1979,LP,Elektra Records,L4,V,"V17 Jangle and power pop, Big Star to GBV",,Power pop,Chicago and the Midwest,"Zion, IL",,jangle; close harmonies; breezy; polished; pop-culture references,Too Late; Tomorrow Night; In My Arms Again,Recommended,,,Documented,High
A2040,Pylon,Gyrate,1980,LP,DB Records,L4,V,"V17 Jangle and power pop, Big Star to GBV",X10,Post-punk,The South,"Athens, GA","Athens, Georgia",jangle; shouted; deadpan; feedback; rowdy,Danger; Volume; Feast on My Heart,Recommended,,,Documented,High
A2041,The dB's,Repercussion,1981,LP,Albion Records,L4,V,"V17 Jangle and power pop, Big Star to GBV",,Power pop,The Northeast,"New York, NY",Durham and Chapel Hill,jangle; harmonized guitars; close harmonies; pop-culture references; anthemic,Amplifier; Ask for Jill; Nothing Is Wrong,Essential,,,Documented,High
A2042,The dB's,Stands for Decibels,1981,LP,Albion Records,L4,V,"V17 Jangle and power pop, Big Star to GBV",,Power pop,The Northeast,"New York, NY",Durham and Chapel Hill,jangle; drum machine; close harmonies; anthemic; pop-culture references,Black and White; Big Brown Eyes; Espionage,Essential,Y,,Documented,High
A2043,The Plimsouls,The Plimsouls,1981,LP,Planet Records,L4,V,"V17 Jangle and power pop, Big Star to GBV",,Power pop,The West,"Los Angeles, CA",,jangle; shouted; breezy; anthemic; pop-culture references,Zero Hour; In This Town; Now,Recommended,,,Documented,High
A2044,The Bongos,Drums Along the Hudson,1982,LP,PVC Records,L4,V,"V17 Jangle and power pop, Big Star to GBV",,Jangle,The Northeast,"Hoboken, NJ",,jangle; close harmonies; breezy; pop-culture references; anthemic,In the Congo; Telephoto Lens; Zebra Club,Recommended,,,Inferred,High
A2045,Chris Stamey,It's a Wonderful Life,1982,LP,DB Records,L4,V,"V17 Jangle and power pop, Big Star to GBV",,Jangle,The Northeast,"New York, NY",Durham and Chapel Hill,jangle; synths; hushed; pop-culture references; breezy,Winter of Love; Get a Job; Brushfire in Hoboken,Deep cut,,,Documented,High
A2046,Marshall Crenshaw,Marshall Crenshaw,1982,LP,Warner Bros. Records,L4,V,"V17 Jangle and power pop, Big Star to GBV",,Power pop,Chicago and the Midwest,"Detroit, MI",,jangle; close harmonies; breezy; pop-culture references; anthemic,"Someday, Someway; Cynical Girl; Mary Anne",Essential,,,Inferred,High
A2047,The Plimsouls,Everywhere at Once,1983,LP,Geffen Records,L4,V,"V17 Jangle and power pop, Big Star to GBV",,Power pop,The West,"Los Angeles, CA",,jangle; shouted; anthemic; breezy; pop-culture references,A Million Miles Away; Oldest Story in the World; Magic Touch,Recommended,,,Documented,High
A2048,Pylon,Chomp,1983,LP,DB Records,L4,V,"V17 Jangle and power pop, Big Star to GBV",X10,Post-punk,The South,"Athens, GA","Athens, Georgia",shouted; deadpan; feedback; rowdy; funny-sad,Crazy; Beep; Gyrate,Recommended,,,Documented,High
A2049,The dB's,Like This,1984,LP,Bearsville Records,L4,V,"V17 Jangle and power pop, Big Star to GBV",,Jangle,The Northeast,"New York, NY",Durham and Chapel Hill,jangle; drawl; close harmonies; breezy; storytelling,Love Is for Lovers; Rendezvous; A Spy in the House of Love,Recommended,,,Both,High
A2050,Guadalcanal Diary,Walking in the Shadow of the Big Man,1984,LP,Elektra Records,L4,V,"V17 Jangle and power pop, Big Star to GBV",,Jangle,The South,"Marietta, GA",,jangle; storytelling; drawl; anthemic; small-town,Watusi Rodeo; Trail of Tears; Fire from the Sky,Essential,,,Inferred,High
A2051,Let's Active,Cypress,1984,LP,I.R.S. Records,L4,V,"V17 Jangle and power pop, Big Star to GBV",,Jangle,The Carolinas,"Winston-Salem, NC",Durham and Chapel Hill,jangle; synths; close harmonies; polished; breezy,Waters Part; Blue Line; Flags for Everything,Essential,,,Documented,High
A2052,Alex Chilton,Feudalist Tarts,1985,EP,New Rose Records,L4,V,"V17 Jangle and power pop, Big Star to GBV",,Power pop,The South,"Memphis, TN",Memphis,horns; drawl; breezy; pop-culture references; live in the room,Lost My Job; Thing for You; Thank You John,Deep cut,,,Documented,High
A2053,Game Theory,Real Nighttime,1985,LP,Enigma Records,L4,V,"V17 Jangle and power pop, Big Star to GBV",,Jangle,The West,"Davis, CA",,jangle; synths; close harmonies; pop-culture references; breezy,24; Curse of the Frontier Land; Nightime,Essential,,,Documented,High
A2054,Game Theory,The Big Shot Chronicles,1986,LP,Enigma Records,L4,V,"V17 Jangle and power pop, Big Star to GBV",,Jangle,The West,"Davis, CA",,jangle; synths; polished; pop-culture references; close harmonies,Erica's Word; Book of Millionaires; Where You Going Northern,Essential,,,Documented,High
A2055,Guadalcanal Diary,Jamboree,1986,LP,Elektra Records,L4,V,"V17 Jangle and power pop, Big Star to GBV",,Jangle,The South,"Marietta, GA",,jangle; storytelling; anthemic; drawl; political,Cattle Prod; Spirit Train; Michael Rockefeller,Recommended,,,Inferred,High
A2056,Let's Active,Big Plans for Everybody,1986,LP,I.R.S. Records,L4,V,"V17 Jangle and power pop, Big Star to GBV",,Jangle,The Carolinas,"Winston-Salem, NC",Durham and Chapel Hill,jangle; synths; polished; pop-culture references; breezy,In Little Ways; Writing the Book of Last Pages; Last Chance Town,Recommended,,,Documented,High
A2057,The Smithereens,Especially for You,1986,LP,Enigma Records,L4,V,"V17 Jangle and power pop, Big Star to GBV",,Power pop,The Northeast,"Carteret, NJ",,jangle; close harmonies; baritone; breezy; heartbreak,Blood and Roses; In a Lonely Place; Behind the Wall of Sleep,Recommended,,,Documented,High
A2058,Tommy Keene,Songs from the Film,1986,LP,Geffen Records,L4,V,"V17 Jangle and power pop, Big Star to GBV",,Power pop,The Northeast,"Washington, DC",,jangle; close harmonies; breezy; anthemic; pop-culture references,Places That Are Gone; Gold Town; In Our Lives,Recommended,,,Inferred,High
A2059,The dB's,The Sound of Music,1987,LP,I.R.S. Records,L3,V,"V17 Jangle and power pop, Big Star to GBV",,Jangle,The Northeast,"New York, NY",Durham and Chapel Hill,jangle; anthemic; pop-culture references; close harmonies; breezy,Never Say When; Any Old Thing; Molly Says,Recommended,,,Documented,High
A2060,Game Theory,Lolita Nation,1987,LP,Enigma Records,L3,V,"V17 Jangle and power pop, Big Star to GBV",,Jangle,The West,"Davis, CA",,jangle; synths; lo-fi; pop-culture references; long songs (7+ minutes),We Love You Carol and Alison; Chardonnay; Andy in Ten Years,Essential,,,Documented,High
A2061,Game Theory,Two Steps from the Middle Ages,1988,LP,Enigma Records,L3,V,"V17 Jangle and power pop, Big Star to GBV",,Jangle,The West,"Davis, CA",,jangle; synths; close harmonies; breezy; pop-culture references,"Room for One More, Honey; What the Whole World Wants; Rolling with the Moody Girls",Recommended,,,Documented,High
A2062,The Smithereens,Green Thoughts,1988,LP,Enigma Records,L3,V,"V17 Jangle and power pop, Big Star to GBV",,Power pop,The Northeast,"Carteret, NJ",,jangle; close harmonies; anthemic; breezy; heartbreak,Only a Memory; House We Used to Live In; Drown in My Own Tears,Deep cut,,,Inferred,High
A2063,Jellyfish,Bellybutton,1990,LP,Charisma Records,L3,V,"V17 Jangle and power pop, Big Star to GBV",,Power pop,The West,"San Francisco, CA",,close harmonies; harmonized guitars; polished; breezy; pop-culture references,That Is Why; The King Is Half-Undressed; Baby's Coming Back,Essential,,,Inferred,Medium
A2064,The Pooh Sticks,Formula One Generation,1990,LP,Fierce Recordings,L3,V,"V17 Jangle and power pop, Big Star to GBV",,Power pop,"The UK, Ireland and Canada","Swansea, Wales",,jangle; close harmonies; breezy; pop-culture references; shouted,Formula One Generation,Deep cut,,,Inferred,High
A2065,The Posies,Dear 23,1990,LP,DGC Records,L3,V,"V17 Jangle and power pop, Big Star to GBV",,Power pop,The West,"Bellingham, WA",,jangle; close harmonies; harmonized guitars; breezy; pop-culture references,Golden Blunders; Suddenly Mary; Apology,Essential,,,Documented,High
A2066,Teenage Fanclub,A Catholic Education,1990,LP,Paperhouse Records,L3,V,"V17 Jangle and power pop, Big Star to GBV",,Jangle,"The UK, Ireland and Canada","Glasgow, Scotland",Glasgow,jangle; harmonized guitars; feedback; breezy; close harmonies,Everything Flows; Heavy Metal; Catholic Education,Recommended,,,Documented,High
A2067,Material Issue,International Pop Overthrow,1991,LP,Mercury Records,L3,V,"V17 Jangle and power pop, Big Star to GBV",,Power pop,Chicago and the Midwest,"Chicago, IL",,jangle; close harmonies; breezy; anthemic; pop-culture references,Valerie Loves Me; Diane,Recommended,,,Inferred,High
A2068,Matthew Sweet,Girlfriend,1991,LP,Zoo Entertainment,L3,V,"V17 Jangle and power pop, Big Star to GBV",,Power pop,Chicago and the Midwest,"Lincoln, NE",,jangle; close harmonies; harmonized guitars; heartbreak; anthemic,Girlfriend; I've Been Waiting; Divine Intervention,Essential,,,Both,High
A2069,Teenage Fanclub,Bandwagonesque,1991,LP,Creation Records,L3,V,"V17 Jangle and power pop, Big Star to GBV",,Jangle,"The UK, Ireland and Canada","Glasgow, Scotland",Glasgow,jangle; harmonized guitars; close harmonies; breezy; anthemic,Star Sign; What You Do to Me; The Concept,Essential,,,Documented,High
A2070,Velvet Crush,In the Presence of Greatness,1991,LP,Ringers Lactate/Creation Records,L3,V,"V17 Jangle and power pop, Big Star to GBV",,Power pop,The Northeast,"Providence, RI",,jangle; close harmonies; harmonized guitars; breezy; anthemic,Walking Out on Love; If Not True,Recommended,,,Inferred,High
A2071,Chris Bell,I Am the Cosmos,1992,LP,Rykodisc,L3,V,"V17 Jangle and power pop, Big Star to GBV",,Power pop,The South,"Memphis, TN",Memphis,jangle; hushed; heartbreak; close harmonies; bleak,I Am the Cosmos; You and Your Sister; Speed of Sound,Essential,,,Both,High
A2072,Jellyfish,Spilt Milk,1993,LP,Charisma Records,L3,V,"V17 Jangle and power pop, Big Star to GBV",,Power pop,The West,"San Francisco, CA",,close harmonies; harmonized guitars; polished; strings; anthemic,"The Ghost at Number One; New Mistake; Sebrina, Paste and Plato",Recommended,,,Inferred,Medium
A2073,The Loud Family,Plants and Birds and Rocks and Things,1993,LP,Alias Records,L3,V,"V17 Jangle and power pop, Big Star to GBV",,Jangle,The West,"San Francisco, CA",,jangle; synths; pop-culture references; close harmonies; breezy,Inverness; Rosy Overdrive; Last Honest Face,Recommended,,,Documented,High
A2074,The Posies,Frosting on the Beater,1993,LP,DGC Records,L3,V,"V17 Jangle and power pop, Big Star to GBV",,Power pop,The West,"Bellingham, WA",,jangle; close harmonies; harmonized guitars; feedback; anthemic,Dream All Day; Flavor of the Month; Definite Door,Recommended,,,Inferred,High
A2075,Teenage Fanclub,Thirteen,1993,LP,Creation Records,L3,V,"V17 Jangle and power pop, Big Star to GBV",,Jangle,"The UK, Ireland and Canada","Glasgow, Scotland",Glasgow,jangle; harmonized guitars; close harmonies; polished; breezy,Radio; Norman 3; Hang On,Deep cut,,,Documented,High
A2076,The Grays,Ro Sham Bo,1994,LP,Epic Records,L3,V,"V17 Jangle and power pop, Big Star to GBV",,Power pop,The West,"Los Angeles, CA",,close harmonies; harmonized guitars; polished; breezy; pop-culture references,Very Best Years; Same Thing,Deep cut,,,Documented,Medium
A2077,Sloan,Twice Removed,1994,LP,Geffen Records,L3,V,"V17 Jangle and power pop, Big Star to GBV",,Power pop,"The UK, Ireland and Canada","Halifax, Nova Scotia",,jangle; close harmonies; harmonized guitars; breezy; pop-culture references,Coax Me; Penpals; Snowsuit Sound,Recommended,,,Inferred,High
A2078,Velvet Crush,Teenage Symphonies to God,1994,LP,Creation Records,L3,V,"V17 Jangle and power pop, Big Star to GBV",,Power pop,The Northeast,"Providence, RI",,jangle; close harmonies; harmonized guitars; anthemic; breezy,Hold Me Up; Time Wraps Around You; Weird Summer,Essential,,,Documented,High
A2079,Matthew Sweet,100% Fun,1995,LP,Zoo Entertainment,L3,V,"V17 Jangle and power pop, Big Star to GBV",,Power pop,Chicago and the Midwest,"Lincoln, NE",,jangle; close harmonies; harmonized guitars; anthemic; breezy,Sick of Myself; We're the Same; Get Older,Recommended,,,Documented,High
A2080,Teenage Fanclub,Grand Prix,1995,LP,Creation Records,L3,V,"V17 Jangle and power pop, Big Star to GBV",,Jangle,"The UK, Ireland and Canada","Glasgow, Scotland",Glasgow,jangle; harmonized guitars; close harmonies; breezy; anthemic,Sparky's Dream; Mellow Doubt; Neil Jung,Essential,,,Documented,High
A2081,Teenage Fanclub,Songs from Northern Britain,1997,LP,Creation Records,L3,V,"V17 Jangle and power pop, Big Star to GBV",,Jangle,"The UK, Ireland and Canada","Glasgow, Scotland",Glasgow,jangle; close harmonies; harmonized guitars; breezy; cosmic,Ain't That Enough; Speed of Light; I Don't Want Control of You,Recommended,,,Documented,High
A2082,Teenage Fanclub,Howdy!,2000,LP,Columbia Records,L2,V,"V17 Jangle and power pop, Big Star to GBV",,Jangle,"The UK, Ireland and Canada","Glasgow, Scotland",Glasgow,jangle; close harmonies; harmonized guitars; breezy; polished,I Need Direction; Dumb Dumb Dumb; Accidental Life,Deep cut,,,Documented,High
A2083,Big Star,In Space,2005,LP,Rykodisc,L2,V,"V17 Jangle and power pop, Big Star to GBV",,Power pop,The South,"Memphis, TN",Memphis,jangle; breezy; harmonized guitars; polished; pop-culture references,Dony; Mine Exclusively; Best Chance,Deep cut,,,Documented,High
A2084,The Clean,Boodle Boodle Boodle,1981,EP,Flying Nun,L4,V,V18 Flying Nun and Antipodean indie,V17,Jangle,Australia and New Zealand,"Dunedin, New Zealand",Dunedin,jangle; lo-fi; deadpan; short songs (under 2 minutes); feedback,Anything Could Happen; Point That Thing Somewhere Else; Billy Two,Essential,Y,Y,Both,High
A2085,The Go-Betweens,Send Me a Lullaby,1981,LP,Missing Link,L4,V,V18 Flying Nun and Antipodean indie,,Post-punk,Australia and New Zealand,"Brisbane, Australia",Brisbane,deadpan; storytelling; shouted; small-town; lo-fi,Careless; One Thing Can Hold Us; Midnight to Neon,Recommended,,Y,Documented,High
A2086,The Clean,"Great Sounds Great, Good Sounds Good, So-so Sounds So-so, Bad Sounds Bad, Rotten Sounds Rotten",1982,EP,Flying Nun,L4,V,V18 Flying Nun and Antipodean indie,,Jangle,Australia and New Zealand,"Dunedin, New Zealand",Dunedin,jangle; lo-fi; deadpan; breezy; short songs (under 2 minutes),Beatnik,Recommended,,Y,Documented,High
A2087,Various Artists,Dunedin Double,1982,Compilation,Flying Nun,L4,V,V18 Flying Nun and Antipodean indie,,Jangle,Australia and New Zealand,"Dunedin, New Zealand",Dunedin,jangle; lo-fi; deadpan; breezy; storytelling,Kaleidoscope World; Angela; Pity's Sake,Essential,,,Documented,High
A2088,The Go-Betweens,Before Hollywood,1983,LP,Rough Trade,L4,V,V18 Flying Nun and Antipodean indie,V17,Jangle,Australia and New Zealand,"Brisbane, Australia",Brisbane,jangle; storytelling; close harmonies; small-town; breezy,Cattle and Cane; A Bad Debt Follows You; Dusty in Here,Essential,,Y,Inferred,High
A2089,The Triffids,Treeless Plain,1983,LP,Hot Records / Rough Trade,L4,V,V18 Flying Nun and Antipodean indie,,Post-punk,Australia and New Zealand,"Perth, Australia",,storytelling; small-town; drawl; shouted; lo-fi,Red Pony; My Baby Thinks She's a Train; Place in the Sun,Recommended,,,Documented,High
A2090,The Go-Betweens,Spring Hill Fair,1984,LP,Sire Records,L4,V,V18 Flying Nun and Antipodean indie,,Jangle,Australia and New Zealand,"Brisbane, Australia",Brisbane,jangle; storytelling; close harmonies; breezy; heartbreak,Bachelor Kisses; Part Company; Draining the Pool for You,Recommended,,Y,Documented,High
A2091,Sneaky Feelings,Send You,1984,LP,Flying Nun,L4,V,V18 Flying Nun and Antipodean indie,,Jangle,Australia and New Zealand,"Dunedin, New Zealand",Dunedin,jangle; close harmonies; breezy; storytelling; drawl,Waiting for Touchdown; Strangers Again; Throwing Stones,Recommended,,,Both,High
A2092,Ed Kuepper,Electrical Storm,1985,LP,Hot Records,L4,V,V18 Flying Nun and Antipodean indie,,Post-punk,Australia and New Zealand,"Sydney, Australia",,baritone; storytelling; shouted; lo-fi; drawl,Electrical Storm; Car Headlights; Told Myself,Deep cut,,,Documented,High
A2093,The Verlaines,Hallelujah All the Way Home,1985,LP,Flying Nun,L4,V,V18 Flying Nun and Antipodean indie,,Post-punk,Australia and New Zealand,"Dunedin, New Zealand",Dunedin,strings; storytelling; bleak; shouted; cracked or yelping,It Was Raining; The Lady and the Lizard; For the Love of Ash Grey,Essential,,,Inferred,High
A2094,The Chills,Kaleidoscope World,1986,Compilation,Flying Nun,L4,V,V18 Flying Nun and Antipodean indie,V17,Jangle,Australia and New Zealand,"Dunedin, New Zealand",Dunedin,jangle; cracked or yelping; breezy; lo-fi; anthemic,Pink Frost; Rolling Moon; I Love My Leather Jacket,Essential,,,Inferred,High
A2095,Died Pretty,Free Dirt,1986,LP,Citadel / What Goes On,L4,V,V18 Flying Nun and Antipodean indie,,Post-punk,Australia and New Zealand,"Sydney, Australia",,storytelling; shouted; cosmic; long songs (7+ minutes); spiritual or gospel,Next to Nothing; Just Skin; Life to Go (Landsakes),Recommended,,,Both,High
A2096,The Go-Betweens,Liberty Belle and the Black Diamond Express,1986,LP,Beggars Banquet,L4,V,V18 Flying Nun and Antipodean indie,,Folk rock,Australia and New Zealand,"Brisbane, Australia",Brisbane,strings; storytelling; close harmonies; breezy; heartbreak,Spring Rain; Head Full of Steam; The Wrong Road,Essential,,Y,Documented,High
A2097,Sneaky Feelings,Sentimental Education,1986,LP,Flying Nun,L4,V,V18 Flying Nun and Antipodean indie,,Jangle,Australia and New Zealand,"Dunedin, New Zealand",Dunedin,jangle; close harmonies; breezy; storytelling; heartbreak,All You've Done; Walk to the Square; Broken Man,Deep cut,,,Both,High
A2098,The Triffids,Born Sandy Devotional,1986,LP,White Hot,L4,V,V18 Flying Nun and Antipodean indie,,Folk rock,Australia and New Zealand,"Perth, Australia",,storytelling; small-town; strings; drawl; heartbreak,Wide Open Road; Estuary Bed; Lonely Stretch,Essential,,,Inferred,High
A2099,The Triffids,In the Pines,1986,LP,Mushroom,L4,V,V18 Flying Nun and Antipodean indie,,Country folk,Australia and New Zealand,"Perth, Australia",,storytelling; small-town; lo-fi; drawl; live in the room,Suntrapper; In the Pines; Kathy Knows,Deep cut,,,Documented,High
A2100,The Able Tasmans,A Cuppa Tea and a Lie Down,1987,LP,Flying Nun,L3,V,V18 Flying Nun and Antipodean indie,,Indie folk,Australia and New Zealand,"Auckland, New Zealand",,piano; storytelling; lo-fi; funny-sad; breezy,Inside the Modern; And We Swam the Magic Bay; Little Hearts,Deep cut,,,Inferred,High
A2101,The Bats,Daddy's Highway,1987,LP,Flying Nun,L3,V,V18 Flying Nun and Antipodean indie,V17,Jangle,Australia and New Zealand,"Christchurch, New Zealand",Dunedin,jangle; close harmonies; breezy; drawl; storytelling,Block of Wood; Treason; North by North,Essential,,,Both,High
A2102,The Cannanes,The African Man's Tomato,1987,LP,Self-released,L3,V,V18 Flying Nun and Antipodean indie,,Lo-fi,Australia and New Zealand,"Sydney, Australia",,lo-fi; deadpan; drawl; fingerpicked acoustic; hushed,Scaled Down; Sweater; Middle Eastern Potentate,Deep cut,,,Inferred,High
A2103,The Chills,Brave Words,1987,LP,Flying Nun,L3,V,V18 Flying Nun and Antipodean indie,,Jangle,Australia and New Zealand,"Dunedin, New Zealand",Dunedin,jangle; cracked or yelping; storytelling; breezy; spiritual or gospel,Push; Dan Destiny and the Silver Dawn; Wet Blanket,Recommended,,,Documented,High
A2104,The Go-Betweens,Tallulah,1987,LP,Beggars Banquet,L3,V,V18 Flying Nun and Antipodean indie,,Folk rock,Australia and New Zealand,"Brisbane, Australia",Brisbane,strings; storytelling; close harmonies; heartbreak; breezy,Right Here; The House That Jack Kerouac Built; Bye Bye Pride,Recommended,,Y,Documented,High
A2105,The Triffids,Calenture,1987,LP,White/Hot Records / Island,L3,V,V18 Flying Nun and Antipodean indie,,Folk rock,Australia and New Zealand,"Perth, Australia",,storytelling; strings; heartbreak; drawl; breezy,Bury Me Deep in Love; Trick of the Light; Calenture,Recommended,,,Documented,High
A2106,The Verlaines,Bird-Dog,1987,LP,Flying Nun / Homestead,L3,V,V18 Flying Nun and Antipodean indie,,Jangle,Australia and New Zealand,"Dunedin, New Zealand",Dunedin,jangle; harmonized guitars; cracked or yelping; storytelling; lo-fi,Makes No Difference; Bird-Dog; Slow Sad Love Song,Essential,,,Documented,High
A2107,Bailter Space,Tanker,1988,LP,Flying Nun Records,L3,V,V18 Flying Nun and Antipodean indie,X9,Noise,Australia and New Zealand,"Christchurch, New Zealand",Dunedin,noise wall; feedback; drawl; long solos; glacial,Tanker; Titan; Grader Spader,Deep cut,,,Both,High
A2108,The Go-Betweens,16 Lovers Lane,1988,LP,Mushroom / Beggars Banquet,L3,V,V18 Flying Nun and Antipodean indie,,Folk rock,Australia and New Zealand,"Brisbane, Australia",Brisbane,strings; storytelling; close harmonies; breezy; heartbreak,Streets of Your Town; Love Goes On!; Quiet Heart,Essential,Y,Y,Documented,High
A2109,Straitjacket Fits,Hail,1988,LP,Flying Nun / Rough Trade,L3,V,V18 Flying Nun and Antipodean indie,V10,Noise,Australia and New Zealand,"Dunedin, New Zealand",Dunedin,noise wall; feedback; shouted; jangle; cracked or yelping,Dead Heat; Hail; Telling Tales,Essential,,,Inferred,High
A2110,Chris Knox,Seizure,1989,LP,Flying Nun,L3,V,V18 Flying Nun and Antipodean indie,,Lo-fi,Australia and New Zealand,"Auckland, New Zealand",,lo-fi; drum machine; deadpan; funny-sad; shouted,Not Given Lightly; The Face of Fashion; Statement of Intent,Essential,,,Documented,High
A2111,The Dead C,Eusa Kills,1989,LP,Flying Nun,L3,V,V18 Flying Nun and Antipodean indie,X10,Noise,Australia and New Zealand,"Dunedin, New Zealand",Dunedin,noise wall; feedback; lo-fi; long songs (7+ minutes); bleak,Phantom Power; Maggot; Scary Nest,Deep cut,,,Both,High
A2112,The Able Tasmans,Hey Spinner!,1990,LP,Flying Nun,L3,V,V18 Flying Nun and Antipodean indie,,Indie folk,Australia and New Zealand,"Auckland, New Zealand",,piano; storytelling; funny-sad; breezy; lo-fi,"Hey, Spinner!; Wednesday (she's coming round); Michael Fay",Deep cut,,,Documented,High
A2113,The Bats,The Law of Things,1990,LP,Flying Nun,L3,V,V18 Flying Nun and Antipodean indie,,Jangle,Australia and New Zealand,"Christchurch, New Zealand",Dunedin,jangle; close harmonies; breezy; drawl; hushed,Smoking Her Wings; Time to Get Ready; Other Side of You,Recommended,,,Documented,High
A2114,The Chills,Submarine Bells,1990,LP,Flying Nun / Slash,L3,V,V18 Flying Nun and Antipodean indie,,Jangle,Australia and New Zealand,"Dunedin, New Zealand",Dunedin,jangle; anthemic; breezy; cosmic; close harmonies,Heavenly Pop Hit; Effloresce and Deliquesce; Part Past Part Fiction,Essential,,,Documented,High
A2115,The Clean,Vehicle,1990,LP,Flying Nun,L3,V,V18 Flying Nun and Antipodean indie,V10,Jangle,Australia and New Zealand,"Dunedin, New Zealand",Dunedin,jangle; drawl; storytelling; breezy; lo-fi,Diamond Shine; I Wait Around; Draw(in)g to a (W)hole,Essential,,Y,Both,High
A2116,Robert Forster,Danger in the Past,1990,LP,Beggars Banquet,L3,V,V18 Flying Nun and Antipodean indie,,Folk rock,Australia and New Zealand,"Brisbane, Australia",Brisbane,strings; baritone; storytelling; deadpan; hushed,Baby Stones; Danger in the Past; Dear Black Dream,Recommended,,,Documented,High
A2117,Snapper,Shotgun Blossom,1990,LP,Flying Nun,L3,V,V18 Flying Nun and Antipodean indie,X10,Noise,Australia and New Zealand,"Dunedin, New Zealand",Dunedin,noise wall; feedback; drum machine; shouted; lo-fi,Pop Your Top; Can; Dead Pictures,Deep cut,,,Documented,Medium
A2118,Straitjacket Fits,Melt,1990,LP,Flying Nun,L3,V,V18 Flying Nun and Antipodean indie,V10,Jangle,Australia and New Zealand,"Dunedin, New Zealand",Dunedin,jangle; feedback; shouted; cracked or yelping; anthemic,Down in Splendour; Bad Note for a Heart; Missing Presumed Drowned,Recommended,,,Documented,High
A2119,Tall Dwarfs,Weeville,1990,LP,Flying Nun,L3,V,V18 Flying Nun and Antipodean indie,,Lo-fi,Australia and New Zealand,"Auckland, New Zealand",,lo-fi; drum machine; deadpan; short songs (under 2 minutes); feedback,Crawl; Lag; Hallelujah Boy,Essential,,,Both,High
A2120,The Verlaines,Some Disenchanted Evening,1990,LP,Flying Nun,L3,V,V18 Flying Nun and Antipodean indie,,Post-punk,Australia and New Zealand,"Dunedin, New Zealand",Dunedin,storytelling; shouted; bleak; funny-sad; drawl,Jesus What a Jerk; Damn Shame; Faithfully Yours,Recommended,,,Documented,High
A2121,The Bats,Fear of God,1991,LP,Flying Nun / Mammoth,L3,V,V18 Flying Nun and Antipodean indie,,Jangle,Australia and New Zealand,"Christchurch, New Zealand",Dunedin,jangle; close harmonies; drawl; breezy; storytelling,Fear of God; Straight Image; Jetsam,Recommended,,,Documented,High
A2122,David Kilgour,Here Come the Cars,1991,LP,Flying Nun,L3,V,V18 Flying Nun and Antipodean indie,,Jangle,Australia and New Zealand,"Dunedin, New Zealand",Dunedin,jangle; breezy; cosmic; drawl; lo-fi,Here Come the Cars; Sometimes; Uplift,Recommended,,,Documented,High
A2123,Grant McLennan,Watershed,1991,LP,White Label / Beggars Banquet,L3,V,V18 Flying Nun and Antipodean indie,,Jangle,Australia and New Zealand,"Brisbane, Australia",Brisbane,jangle; storytelling; breezy; heartbreak; close harmonies,Easy Come Easy Go; Haven't I Been a Fool; Black Mule,Recommended,,,Documented,High
A2124,Look Blue Go Purple,Compilation,1991,Compilation,Flying Nun,L3,V,V18 Flying Nun and Antipodean indie,,Jangle,Australia and New Zealand,"Dunedin, New Zealand",Dunedin,jangle; close harmonies; breezy; lo-fi; storytelling,Circumspect Penelope; Cactus Cat; I Don't Want You Anyway,Recommended,,,Documented,Medium
A2125,Tall Dwarfs,Fork Songs,1991,LP,Flying Nun,L3,V,V18 Flying Nun and Antipodean indie,,Lo-fi,Australia and New Zealand,"Auckland, New Zealand",,lo-fi; drum machine; deadpan; short songs (under 2 minutes); funny-sad,Dare to Tread; We Bleed Love; Wings,Recommended,,,Inferred,High
A2126,The 3Ds,Hellzapoppin',1992,LP,Flying Nun,L3,V,V18 Flying Nun and Antipodean indie,,Lo-fi,Australia and New Zealand,"Dunedin, New Zealand",Dunedin,jangle; feedback; shouted; lo-fi; cracked or yelping,Outer Space; Hellzapoppin'; Sunken Head,Recommended,,,Inferred,High
A2127,The Chills,Soft Bomb,1992,LP,Slash / Liberation,L3,V,V18 Flying Nun and Antipodean indie,,Indie folk,Australia and New Zealand,"Dunedin, New Zealand",Dunedin,strings; storytelling; bleak; breezy; anthemic,Male Monster from the Id; Soft Bomb,Deep cut,,,Inferred,High
A2128,The 3Ds,The Venus Trail,1993,LP,Flying Nun,L3,V,V18 Flying Nun and Antipodean indie,,Noise,Australia and New Zealand,"Dunedin, New Zealand",Dunedin,noise wall; feedback; shouted; jangle; cracked or yelping,Ice; Hey Seuss; Man on the Verge of a Nervous Breakdown,Deep cut,,,Documented,High
A2129,The Bats,Silverbeet,1993,LP,Flying Nun,L3,V,V18 Flying Nun and Antipodean indie,,Jangle,Australia and New Zealand,"Christchurch, New Zealand",Dunedin,jangle; close harmonies; breezy; drawl; hushed,Courage; Sighting the Sound; Green,Recommended,,,Documented,High
A2130,Jean-Paul Sartre Experience,Bleeding Star,1993,LP,Matador / Flying Nun,L3,V,V18 Flying Nun and Antipodean indie,V10,Power pop,Australia and New Zealand,"Auckland, New Zealand",,feedback; jangle; shouted; anthemic; noise wall,Into You; Ray of Shine; Bleeding Star,Deep cut,,,Documented,High
A2131,David Kilgour,Sugar Mouth,1994,LP,Flying Nun,L3,V,V18 Flying Nun and Antipodean indie,,Jangle,Australia and New Zealand,"Dunedin, New Zealand",Dunedin,jangle; fingerpicked acoustic; lo-fi; breezy; hushed,Fallaway; Filter; Listen To The Rain,Deep cut,,,Both,High
A2132,The Go-Betweens,The Friends of Rachel Worth,2000,LP,W. Minc,L2,V,V18 Flying Nun and Antipodean indie,,Folk rock,Australia and New Zealand,"Brisbane, Australia",Brisbane,jangle; storytelling; close harmonies; breezy; heartbreak,Spirit; Surfing Magazines; The Clock,Recommended,,Y,Documented,High
A2133,The Clean,Getaway,2001,LP,Merge Records,L2,V,V18 Flying Nun and Antipodean indie,V10,Jangle,Australia and New Zealand,"Dunedin, New Zealand",Dunedin,jangle; drawl; breezy; cosmic; lo-fi,Stars; Silence or Something Else; Crazy,Recommended,,Y,Inferred,High
A2134,The Clean,Anthology,2002,Compilation,Merge Records,L2,V,V18 Flying Nun and Antipodean indie,,Jangle,Australia and New Zealand,"Dunedin, New Zealand",Dunedin,jangle; lo-fi; deadpan; feedback; breezy,Tally Ho!; Anything Could Happen; Beatnik,Essential,,Y,Documented,High
A2135,The Go-Betweens,Oceans Apart,2005,LP,LO-MAX,L2,V,V18 Flying Nun and Antipodean indie,,Folk rock,Australia and New Zealand,"Brisbane, Australia",Brisbane,strings; storytelling; close harmonies; heartbreak; breezy,Boundary Rider; Finding You; Darlinghurst Nights,Recommended,,Y,Documented,High
A2136,The Clean,Mister Pop,2009,LP,Merge Records,L2,V,V18 Flying Nun and Antipodean indie,,Jangle,Australia and New Zealand,"Dunedin, New Zealand",Dunedin,jangle; breezy; cosmic; lo-fi; deadpan,Loog; Are You Really on Drugs?; Back in the Day,Deep cut,,Y,Documented,High
A2137,Rodney Crowell,Ain't Living Long Like This,1978,LP,Warner Bros.,L4,V,V19 1980s country rebels,V14,Country rock,The South,"Nashville, TN",,Telecaster twang; drawl; storytelling; road songs; funny-sad,"Ain't Living Long Like This; Leaving Louisiana in the Broad Daylight; Voilá, An American Dream",Recommended,,,Both,High
A2138,T Bone Burnett,Truth Decay,1980,LP,Takoma,L4,V,V19 1980s country rebels,V14,Cowpunk,The West,"Los Angeles, CA",,Telecaster twang; drawl; political; storytelling; road songs,House of Mirrors; Madison Avenue; Boomerang,Recommended,,,Both,High
A2139,Guy Clark,The South Coast of Texas,1981,LP,Warner Bros.,L4,V,V19 1980s country rebels,,Country folk,The South,"Nashville, TN",,fingerpicked acoustic; storytelling; drawl; small-town; road songs,South Coast of Texas; Rita Ballou; She's Crazy for Leavin',Recommended,,,Documented,High
A2140,Joe Ely,Musta Notta Gotta Lotta,1981,LP,MCA,L4,V,V19 1980s country rebels,,Cowpunk,Texas and Oklahoma,"Lubbock, TX",Lubbock,Telecaster twang; drawl; rowdy; road songs; storytelling,Musta Notta Gotta Lotta,Recommended,,,Documented,Medium
A2141,Rosanne Cash,Seven Year Ache,1981,LP,Columbia,L4,V,V19 1980s country rebels,,Crossover,The South,"Nashville, TN",,Telecaster twang; drawl; heartbreak; polished; road songs,Seven Year Ache; My Baby Thinks He's a Train; Blue Moon with Heartache,Essential,,,Documented,High
A2142,Guy Clark,Better Days,1983,LP,Warner Bros.,L4,V,V19 1980s country rebels,,Country folk,The South,"Nashville, TN",,fingerpicked acoustic; storytelling; drawl; small-town; funny-sad,Better Days; Homegrown Tomatoes; Blowin' Like a Bandit,Recommended,,,Inferred,High
A2143,T Bone Burnett,Proof Through the Night,1983,LP,Warner Bros.,L4,V,V19 1980s country rebels,V14,Cowpunk,The West,"Los Angeles, CA",,Telecaster twang; political; storytelling; drawl; rowdy,The Murder Weapon; The Sixties; Fatally Beautiful,Recommended,,,Inferred,High
A2144,Joe Ely,Hi-Res,1984,LP,MCA,L4,V,V19 1980s country rebels,,Country rock,Texas and Oklahoma,"Lubbock, TX",Lubbock,Telecaster twang; synths; road songs; storytelling; drawl,Cool Rockin' Loretta; Letter To Laredo; Locked In A Boxcar With The Queen Of Spain,Deep cut,,,Documented,High
A2145,Emmylou Harris,The Ballad of Sally Rose,1985,LP,Warner Bros.,L4,V,V19 1980s country rebels,,Country folk,The South,"Nashville, TN",,storytelling; close harmonies; drawl; heartbreak; spiritual or gospel,Timberline; White Line; Diamond in My Crown,Recommended,,,Documented,High
A2146,Nanci Griffith,Once in a Very Blue Moon,1985,LP,Philo,L4,V,V19 1980s country rebels,,Country folk,Texas and Oklahoma,"Austin, TX",,fingerpicked acoustic; fiddle; banjo; drawl; storytelling,Once in a Very Blue Moon; Roseville Fair; Ghost in the Music,Recommended,,,Inferred,High
A2147,Dwight Yoakam,"Guitars, Cadillacs, Etc., Etc.",1986,LP,Reprise,L4,V,V19 1980s country rebels,,Honky-tonk,The West,"Los Angeles, CA",,pedal steel; Telecaster twang; drawl; fiddle; road songs,"Honky Tonk Man; Guitars, Cadillacs; South of Cincinnati",Essential,Y,,Documented,High
A2148,Lyle Lovett,Lyle Lovett,1986,LP,MCA/Curb,L4,V,V19 1980s country rebels,,Country folk,Texas and Oklahoma,"Houston, TX",,fingerpicked acoustic; drawl; funny-sad; storytelling; deadpan,Cowboy Man; God Will; Farther Down the Line,Essential,,,Both,High
A2149,Nanci Griffith,The Last of the True Believers,1986,LP,Philo,L4,V,V19 1980s country rebels,,Country folk,Texas and Oklahoma,"Austin, TX",,fingerpicked acoustic; fiddle; banjo; storytelling; small-town,Love at the Five and Dime; The Last of the True Believers; Lookin' for the Time (Workin' Girl),Recommended,,,Documented,High
A2150,The O'Kanes,The O'Kanes,1986,LP,Columbia,L4,V,V19 1980s country rebels,,Honky-tonk,The South,"Nashville, TN",,fingerpicked acoustic; mandolin; close harmonies; duets; storytelling,Oh Darlin' (Why Don't You Care for Me No More); Can't Stop My Heart from Loving You; Bluegrass Blues,Recommended,,,Inferred,High
A2151,Steve Earle,Guitar Town,1986,LP,MCA,L4,V,V19 1980s country rebels,,Country rock,The South,"Nashville, TN",,Telecaster twang; drawl; road songs; small-town; storytelling,Guitar Town; Someday; Fearless Heart,Essential,Y,,Both,High
A2152,Sweethearts of the Rodeo,Sweethearts of the Rodeo,1986,LP,Columbia,L4,V,V19 1980s country rebels,,Crossover,The West,"Los Angeles, CA",,close harmonies; Telecaster twang; drawl; duets; road songs,Hey Doll Baby; Since I Found You; I Can't Resist,Recommended,,,Documented,Medium
A2153,The Desert Rose Band,The Desert Rose Band,1987,LP,MCA/Curb,L3,V,V19 1980s country rebels,V21,Country rock,The West,"Los Angeles, CA",,pedal steel; close harmonies; Telecaster twang; road songs; storytelling,One Step Forward; Ashes of Love; He's Back and I'm Blue,Essential,,,Documented,High
A2154,"Dolly Parton, Linda Ronstadt and Emmylou Harris",Trio,1987,Collab,Warner Bros.,L3,V,V19 1980s country rebels,V26,Country folk,The South,"Nashville, TN",,close harmonies; pedal steel; duets; spiritual or gospel; heartbreak,To Know Him Is to Love Him; The Pain of Loving You; Making Plans,Essential,,,Documented,High
A2155,Dwight Yoakam,Hillbilly Deluxe,1987,LP,Reprise,L3,V,V19 1980s country rebels,,Honky-tonk,The West,"Los Angeles, CA",,pedal steel; Telecaster twang; drawl; road songs; rowdy,"Little Ways; Please, Please Baby; Little Sister",Recommended,,,Inferred,High
A2156,Foster & Lloyd,Foster & Lloyd,1987,LP,RCA,L3,V,V19 1980s country rebels,,Crossover,The South,"Nashville, TN",,Telecaster twang; close harmonies; jangle; road songs; funny-sad,Crazy Over You; Sure Thing; What Do You Want from Me This Time,Recommended,,,Inferred,High
A2157,Highway 101,Highway 101,1987,LP,Warner Bros.,L3,V,V19 1980s country rebels,,Honky-tonk,The West,"Los Angeles, CA",,pedal steel; Telecaster twang; drawl; road songs; rowdy,"Whiskey, If You Were a Woman; Somewhere Tonight; Cry, Cry, Cry",Recommended,,,Inferred,High
A2158,Joe Ely,Lord of the Highway,1987,LP,HighTone,L3,V,V19 1980s country rebels,,Cowpunk,Texas and Oklahoma,"Lubbock, TX",Lubbock,Telecaster twang; drawl; road songs; storytelling; rowdy,Lord of the Highway; Row of Dominoes; Me and Billy the Kid,Recommended,,,Documented,High
A2159,k.d. lang and the Reclines,Angel with a Lariat,1987,LP,Sire,L3,V,V19 1980s country rebels,,Honky-tonk,"The UK, Ireland and Canada","Consort, Alberta, Canada",,pedal steel; cracked or yelping; drawl; rowdy; road songs,Turn Me Round; Angel with a Lariat; Three Cigarettes in an Ashtray,Recommended,,,Documented,High
A2160,Lyle Lovett,Pontiac,1987,LP,MCA/Curb,L3,V,V19 1980s country rebels,,Country folk,Texas and Oklahoma,"Houston, TX",,fingerpicked acoustic; drawl; deadpan; storytelling; bleak,If I Had a Boat; L.A. County; Pontiac,Essential,,,Inferred,High
A2161,Rosanne Cash,King's Record Shop,1987,LP,Columbia,L3,V,V19 1980s country rebels,,Crossover,The South,"Nashville, TN",,Telecaster twang; drawl; storytelling; polished; heartbreak,Tennessee Flat Top Box; The Way We Make a Broken Heart; Rosie Strike Back,Essential,,,Documented,High
A2162,Steve Earle,Exit 0,1987,LP,MCA,L3,V,V19 1980s country rebels,,Country rock,The South,"Nashville, TN",,Telecaster twang; drawl; road songs; storytelling; rowdy,Nowhere Road; San Antonio Girl; I Ain't Ever Satisfied,Recommended,,,Documented,High
A2163,Dwight Yoakam,Buenas Noches from a Lonely Room,1988,LP,Reprise,L3,V,V19 1980s country rebels,,Honky-tonk,The West,"Los Angeles, CA",,pedal steel; Telecaster twang; drawl; duets; road songs,Streets of Bakersfield; I Sang Dixie; Buenas Noches from a Lonely Room,Essential,,,Documented,High
A2164,Joe Ely,Dig All Night,1988,LP,Hightone Records,L3,V,V19 1980s country rebels,,Country rock,Texas and Oklahoma,"Lubbock, TX",Lubbock,Telecaster twang; road songs; drawl; storytelling; rowdy,Dig All Night; Settle For Love; Drivin' Man,Deep cut,,,Documented,High
A2165,k.d. lang,Shadowland,1988,LP,Sire,L3,V,V19 1980s country rebels,,Crossover,"The UK, Ireland and Canada","Consort, Alberta, Canada",,pedal steel; close harmonies; baritone; hushed; duets,Black Coffee; Western Stars; Honky Tonk Angels' Medley,Essential,,,Documented,High
A2166,Rodney Crowell,Diamonds & Dirt,1988,LP,Columbia,L3,V,V19 1980s country rebels,,Honky-tonk,The South,"Nashville, TN",,Telecaster twang; drawl; duets; storytelling; heartbreak,It's Such a Small World; She's Crazy for Leavin'; After All This Time,Essential,,,Documented,High
A2167,Steve Earle,Copperhead Road,1988,LP,Uni,L3,V,V19 1980s country rebels,,Country rock,The South,"Nashville, TN",,Telecaster twang; storytelling; political; rowdy; drawl,Copperhead Road; The Devil's Right Hand; Johnny Come Lately,Essential,,,Both,High
A2168,k.d. lang and the Reclines,Absolute Torch and Twang,1989,LP,Sire,L3,V,V19 1980s country rebels,,Honky-tonk,"The UK, Ireland and Canada","Consort, Alberta, Canada",,pedal steel; cracked or yelping; drawl; close harmonies; road songs,Full Moon Full of Love; Pullin' Back the Reins; Three Days,Essential,,,Documented,High
A2169,Lyle Lovett,Lyle Lovett and His Large Band,1989,LP,MCA/Curb,L3,V,V19 1980s country rebels,,Crossover,Texas and Oklahoma,"Houston, TX",,horns; piano; storytelling; deadpan; funny-sad,Here I Am; Nobody Knows Me; Stand by Your Man,Recommended,,,Inferred,High
A2170,Marty Stuart,Hillbilly Rock,1989,LP,MCA,L3,V,V19 1980s country rebels,,Honky-tonk,The South,"Nashville, TN",,Telecaster twang; mandolin; rowdy; road songs; drawl,Hillbilly Rock; Western Girls; Cry! Cry! Cry!,Recommended,,,Documented,High
A2171,Dwight Yoakam,If There Was a Way,1990,LP,Reprise,L3,V,V19 1980s country rebels,,Honky-tonk,The West,"Los Angeles, CA",,pedal steel; Telecaster twang; drawl; duets; road songs,"Turn It On, Turn It Up, Turn Me Loose; You're the One; Nothing's Changed Here",Recommended,,,Inferred,High
A2172,Kelly Willis,Well Travelled Love,1990,LP,MCA,L3,V,V19 1980s country rebels,,Honky-tonk,Texas and Oklahoma,"Austin, TX",,Telecaster twang; drawl; road songs; heartbreak; storytelling,I Don't Want to Love You (But I Do); River of Love; Drive South,Recommended,,,Inferred,High
A2173,Rosanne Cash,Interiors,1990,LP,Columbia,L3,V,V19 1980s country rebels,,Country folk,The South,"Nashville, TN",,fingerpicked acoustic; baritone; bleak; hushed; storytelling,On the Surface; What We Really Want; I Want a Cure,Recommended,,,Inferred,High
A2174,Steve Earle,The Hard Way,1990,LP,MCA,L3,V,V19 1980s country rebels,,Country rock,The South,"Nashville, TN",,Telecaster twang; drawl; storytelling; political; bleak,The Other Kind; Billy Austin; Esmeralda's Hollywood,Recommended,,,Inferred,High
A2175,Lyle Lovett,Joshua Judges Ruth,1992,LP,MCA/Curb,L3,V,V19 1980s country rebels,,Crossover,Texas and Oklahoma,"Houston, TX",,piano; spiritual or gospel; storytelling; deadpan; funny-sad,I've Been to Memphis; Church; North Dakota,Recommended,,,Inferred,High
A2176,Dwight Yoakam,This Time,1993,LP,Reprise,L3,V,V19 1980s country rebels,,Honky-tonk,The West,"Los Angeles, CA",,pedal steel; Telecaster twang; drawl; polished; road songs,Ain't That Lonely Yet; A Thousand Miles from Nowhere; Fast as You,Recommended,,,Inferred,High
A2177,Buffalo Springfield,Buffalo Springfield,1966,LP,Atco,L5,V,V20 Neil Young and the Crazy Horse universe,,Folk rock,"The UK, Ireland and Canada",Ontario (via California),Laurel Canyon,jangle; harmonized guitars; close harmonies; storytelling; breezy,Burned; Out of My Mind; Go and Say Goodbye,Recommended,,,Documented,High
A2178,Buffalo Springfield,Buffalo Springfield Again,1967,LP,Atco,L5,V,V20 Neil Young and the Crazy Horse universe,,Folk rock,"The UK, Ireland and Canada",Ontario (via California),Laurel Canyon,harmonized guitars; strings; horns; storytelling; breezy,Bluebird; Expecting to Fly; Broken Arrow,Recommended,,,Both,High
A2179,Buffalo Springfield,Last Time Around,1968,LP,Atco,L5,V,V20 Neil Young and the Crazy Horse universe,,Folk rock,"The UK, Ireland and Canada",Ontario (via California),Laurel Canyon,pedal steel; harmonized guitars; close harmonies; storytelling; breezy,On the Way Home; I Am a Child; Kind Woman,Deep cut,,,Both,High
A2180,Neil Young,Neil Young,1968,LP,Reprise,L5,V,V20 Neil Young and the Crazy Horse universe,,Folk rock,"The UK, Ireland and Canada",Ontario (via California),,strings; piano; hushed; breezy; cosmic,The Loner; The Old Laughing Lady; Here We Are in the Years,Deep cut,,Y,Documented,High
A2181,Neil Young,Everybody Knows This Is Nowhere,1969,LP,Reprise,L5,V,V20 Neil Young and the Crazy Horse universe,,Crossover,"The UK, Ireland and Canada",Ontario (via California),,Crazy Horse fuzz; long solos; cracked or yelping; feedback; live in the room,Cinnamon Girl; Down by the River; Cowgirl in the Sand,Essential,Y,Y,Documented,High
A2182,"Crosby, Stills, Nash & Young",Déjà Vu,1970,LP,Atlantic,L5,V,V20 Neil Young and the Crazy Horse universe,,Folk rock,"The UK, Ireland and Canada",Ontario (via California),Laurel Canyon,close harmonies; strings; harmonized guitars; breezy; political,Helpless; Woodstock; Teach Your Children,Essential,,,Documented,High
A2183,Neil Young,After the Gold Rush,1970,LP,Reprise,L5,V,V20 Neil Young and the Crazy Horse universe,,Country folk,"The UK, Ireland and Canada",Ontario (via California),,fingerpicked acoustic; piano; harmonica; cracked or yelping; hushed,Only Love Can Break Your Heart; After the Gold Rush; Southern Man,Essential,,Y,Documented,High
A2184,Crazy Horse,Crazy Horse,1971,LP,Reprise,L5,V,V20 Neil Young and the Crazy Horse universe,,Crossover,"The UK, Ireland and Canada",Ontario (via California),,Crazy Horse fuzz; close harmonies; cracked or yelping; hushed; breezy,I Don't Want to Talk About It; Dance Dance Dance; Beggars Day,Recommended,,Y,Documented,High
A2185,"Crosby, Stills, Nash & Young",4 Way Street,1971,Live,Atlantic,L5,V,V20 Neil Young and the Crazy Horse universe,,Folk rock,"The UK, Ireland and Canada",Ontario (via California),Laurel Canyon,close harmonies; harmonized guitars; fingerpicked acoustic; political; long solos,Southern Man; Ohio; Love the One You're With,Recommended,,,Both,High
A2186,Crazy Horse,At Crooked Lake,1972,LP,Epic,L5,V,V20 Neil Young and the Crazy Horse universe,,Crossover,"The UK, Ireland and Canada",Ontario (via California),,Crazy Horse fuzz; breezy; close harmonies; rowdy; road songs,At Crooked Lake,Deep cut,,Y,Documented,High
A2187,Crazy Horse,Loose,1972,LP,Reprise,L5,V,V20 Neil Young and the Crazy Horse universe,,Crossover,"The UK, Ireland and Canada",Ontario (via California),,Crazy Horse fuzz; long solos; breezy; close harmonies; rowdy,Look at All the Things; Kind of Woman; All Alone Now,Deep cut,,Y,Documented,High
A2188,Neil Young,Harvest,1972,LP,Reprise,L5,V,V20 Neil Young and the Crazy Horse universe,,Country folk,"The UK, Ireland and Canada",Ontario (via California),,pedal steel; harmonica; strings; close harmonies; breezy,Heart of Gold; Old Man; The Needle and the Damage Done,Essential,,Y,Documented,High
A2189,Neil Young,Time Fades Away,1973,Live,Reprise,L5,V,V20 Neil Young and the Crazy Horse universe,,Country rock,"The UK, Ireland and Canada",Ontario (via California),,pedal steel; cracked or yelping; live in the room; drinking songs; road songs,Time Fades Away; Don't Be Denied; Last Dance,Recommended,,Y,Documented,High
A2190,Neil Young,On the Beach,1974,LP,Reprise,L5,V,V20 Neil Young and the Crazy Horse universe,,Crossover,"The UK, Ireland and Canada",Ontario (via California),,slide guitar; cracked or yelping; bleak; drinking songs; lo-fi,Revolution Blues; Ambulance Blues; On the Beach,Essential,,Y,Documented,High
A2191,Neil Young and Crazy Horse,Tonight's the Night,1975,LP,Reprise,L5,V,V20 Neil Young and the Crazy Horse universe,,Crossover,"The UK, Ireland and Canada",Ontario (via California),,Crazy Horse fuzz; cracked or yelping; bleak; live in the room; drinking songs,Tonight's the Night; Tired Eyes; Mellow My Mind,Essential,,Y,Both,High
A2192,Neil Young and Crazy Horse,Zuma,1975,LP,Reprise,L5,V,V20 Neil Young and the Crazy Horse universe,,Crossover,"The UK, Ireland and Canada",Ontario (via California),,Crazy Horse fuzz; long solos; harmonized guitars; cracked or yelping; breezy,Cortez the Killer; Danger Bird; Drive Back,Essential,Y,Y,Documented,High
A2193,The Stills-Young Band,Long May You Run,1976,LP,Reprise,L5,V,V20 Neil Young and the Crazy Horse universe,,Country rock,"The UK, Ireland and Canada",Ontario (via California),Laurel Canyon,harmonized guitars; close harmonies; breezy; road songs; Telecaster twang,Long May You Run; Ocean Girl; Fontainebleau,Recommended,,,Documented,High
A2194,Neil Young,American Stars 'n Bars,1977,LP,Reprise,L5,V,V20 Neil Young and the Crazy Horse universe,,Country rock,"The UK, Ireland and Canada",Ontario (via California),,pedal steel; close harmonies; duets; drinking songs; breezy,Like a Hurricane; Bite the Bullet; Will to Love,Recommended,,Y,Documented,High
A2195,Crazy Horse,Crazy Moon,1978,LP,RCA,L4,V,V20 Neil Young and the Crazy Horse universe,,Crossover,"The UK, Ireland and Canada",Ontario (via California),,Crazy Horse fuzz; close harmonies; breezy; duets; road songs,Crazy Moon; Rock and Roll Band,Deep cut,,Y,Documented,High
A2196,Neil Young,Comes a Time,1978,LP,Reprise,L4,V,V20 Neil Young and the Crazy Horse universe,,Country folk,"The UK, Ireland and Canada",Ontario (via California),,fiddle; close harmonies; duets; hushed; breezy,Comes a Time; Lotta Love; Four Strong Winds,Recommended,,Y,Both,High
A2197,Neil Young and Crazy Horse,Live Rust,1979,Live,Reprise,L4,V,V20 Neil Young and the Crazy Horse universe,,Crossover,"The UK, Ireland and Canada",Ontario (via California),,Crazy Horse fuzz; long solos; feedback; live in the room; cracked or yelping,Like a Hurricane; Cortez the Killer; Sedan Delivery,Recommended,,Y,Documented,High
A2198,Neil Young and Crazy Horse,Rust Never Sleeps,1979,LP,Reprise,L4,V,V20 Neil Young and the Crazy Horse universe,,Crossover,"The UK, Ireland and Canada",Ontario (via California),,Crazy Horse fuzz; fingerpicked acoustic; feedback; cracked or yelping; long solos,"My My, Hey Hey (Out of the Blue); Powderfinger; Hey Hey, My My (Into the Black)",Essential,,Y,Documented,High
A2199,Neil Young,Hawks & Doves,1980,LP,Reprise,L4,V,V20 Neil Young and the Crazy Horse universe,,Country folk,"The UK, Ireland and Canada",Ontario (via California),,fiddle; fingerpicked acoustic; political; breezy; short songs (under 2 minutes),Coastline; Union Man; Comin' Apart at Every Nail,Deep cut,,Y,Inferred,High
A2200,Neil Young and Crazy Horse,Re-ac-tor,1981,LP,Reprise,L4,V,V20 Neil Young and the Crazy Horse universe,,Crossover,"The UK, Ireland and Canada",Ontario (via California),,Crazy Horse fuzz; long solos; drum machine; feedback; rowdy,Rapid Transit; T-Bone; Shots,Deep cut,,Y,Inferred,High
A2201,Neil Young,Trans,1982,LP,Geffen,L4,V,V20 Neil Young and the Crazy Horse universe,,Crossover,"The UK, Ireland and Canada",Ontario (via California),,synths; drum machine; cracked or yelping; cosmic; polished,Sample and Hold; Transformer Man; Computer Age,Deep cut,,Y,Both,High
A2202,Neil Young and the Shocking Pinks,Everybody's Rockin',1983,LP,Geffen,L4,V,V20 Neil Young and the Crazy Horse universe,,Crossover,"The UK, Ireland and Canada",Ontario (via California),,Telecaster twang; short songs (under 2 minutes); rowdy; breezy; drinking songs,"Wonderin'; Kinda Fonda Wanda; Bright Lights, Big City",Deep cut,,,Documented,High
A2203,Neil Young,Old Ways,1985,LP,Geffen,L4,V,V20 Neil Young and the Crazy Horse universe,,Classic country,"The UK, Ireland and Canada",Ontario (via California),,pedal steel; fiddle; duets; drinking songs; close harmonies,Old Ways; Get Back to the Country; Are There Any More Real Cowboys?,Deep cut,,Y,Documented,High
A2204,Neil Young,Landing on Water,1986,LP,Geffen,L4,V,V20 Neil Young and the Crazy Horse universe,,Crossover,"The UK, Ireland and Canada",Ontario (via California),,synths; drum machine; shouted; polished; political,Weight of the World; Hippie Dream; Touch the Night,Deep cut,,Y,Documented,High
A2205,Neil Young and Crazy Horse,Life,1987,LP,Geffen,L3,V,V20 Neil Young and the Crazy Horse universe,,Crossover,"The UK, Ireland and Canada",Ontario (via California),,Crazy Horse fuzz; synths; long solos; political; shouted,Mideast Vacation; Long Walk Home; Prisoners of Rock 'n' Roll,Deep cut,,Y,Documented,High
A2206,"Crosby, Stills, Nash & Young",American Dream,1988,LP,Atlantic,L3,V,V20 Neil Young and the Crazy Horse universe,,Folk rock,"The UK, Ireland and Canada",Ontario (via California),,close harmonies; synths; political; polished; breezy,American Dream; Got It Made; Name of Love,Deep cut,,,Documented,High
A2207,Neil Young,This Note's for You,1988,LP,Reprise,L3,V,V20 Neil Young and the Crazy Horse universe,,Crossover,"The UK, Ireland and Canada",Ontario (via California),,horns; baritone; political; shouted; rowdy,This Note's for You; Ten Men Workin'; Life in the City,Deep cut,,Y,Inferred,High
A2208,Crazy Horse,Left for Dead,1989,LP,Heyday,L3,V,V20 Neil Young and the Crazy Horse universe,,Crossover,"The UK, Ireland and Canada",Ontario (via California),,Crazy Horse fuzz; long solos; rowdy; live in the room; road songs,Downtown,Deep cut,,Y,Documented,High
A2209,Neil Young,Freedom,1989,LP,Reprise,L3,V,V20 Neil Young and the Crazy Horse universe,,Crossover,"The UK, Ireland and Canada",Ontario (via California),,Crazy Horse fuzz; fingerpicked acoustic; political; cracked or yelping; feedback,Rockin' in the Free World; Crime in the City; Hangin' on a Limb,Recommended,,Y,Both,High
A2210,Neil Young and Crazy Horse,Ragged Glory,1990,LP,Reprise,L3,V,V20 Neil Young and the Crazy Horse universe,,Crossover,"The UK, Ireland and Canada",Ontario (via California),,Crazy Horse fuzz; long solos; feedback; live in the room; rowdy,Country Home; Over and Over; Love to Burn,Essential,,Y,Both,High
A2211,Neil Young and Crazy Horse,Arc,1991,Live,Reprise,L3,V,V20 Neil Young and the Crazy Horse universe,,Noise,"The UK, Ireland and Canada",Ontario (via California),,feedback; noise wall; long solos; glacial; bleak,Arc,Deep cut,,Y,Both,High
A2212,Neil Young and Crazy Horse,Weld,1991,Live,Reprise,L3,V,V20 Neil Young and the Crazy Horse universe,,Crossover,"The UK, Ireland and Canada",Ontario (via California),,Crazy Horse fuzz; feedback; long solos; live in the room; rowdy,Like a Hurricane; Cortez the Killer; Fuckin' Up,Recommended,,Y,Both,High
A2213,Neil Young,Harvest Moon,1992,LP,Reprise,L3,V,V20 Neil Young and the Crazy Horse universe,,Country folk,"The UK, Ireland and Canada",Ontario (via California),,pedal steel; close harmonies; fingerpicked acoustic; hushed; breezy,Harvest Moon; Unknown Legend; From Hank to Hendrix,Recommended,,Y,Documented,High
A2214,Neil Young,Unplugged,1993,Live,Reprise,L3,V,V20 Neil Young and the Crazy Horse universe,,Country folk,"The UK, Ireland and Canada",Ontario (via California),,pedal steel; fingerpicked acoustic; close harmonies; hushed; live in the room,Like a Hurricane; Stringman; Helpless,Recommended,,Y,Documented,High
A2215,Neil Young and Crazy Horse,Sleeps with Angels,1994,LP,Reprise,L3,V,V20 Neil Young and the Crazy Horse universe,,Crossover,"The UK, Ireland and Canada",Ontario (via California),,Crazy Horse fuzz; long solos; bleak; cracked or yelping; hushed,My Heart; Change Your Mind; Safeway Cart,Recommended,,Y,Documented,High
A2216,Neil Young,Mirror Ball,1995,LP,Reprise,L3,V,V20 Neil Young and the Crazy Horse universe,,Crossover,"The UK, Ireland and Canada",Ontario (via California),,Crazy Horse fuzz; feedback; shouted; live in the room; rowdy,Song X; Downtown; I'm the Ocean,Recommended,,Y,Documented,High
A2217,Neil Young and Crazy Horse,Broken Arrow,1996,LP,Reprise,L3,V,V20 Neil Young and the Crazy Horse universe,,Crossover,"The UK, Ireland and Canada",Ontario (via California),,Crazy Horse fuzz; long solos; live in the room; cracked or yelping; bleak,Big Time; Slip Away; Music Arcade,Recommended,,Y,Both,High
A2218,Neil Young and Crazy Horse,Year of the Horse,1997,Live,Reprise,L3,V,V20 Neil Young and the Crazy Horse universe,,Crossover,"The UK, Ireland and Canada",Ontario (via California),,Crazy Horse fuzz; long solos; feedback; live in the room; rowdy,Barstool Blues; Big Time; Like a Hurricane,Deep cut,,Y,Documented,High
A2219,"Crosby, Stills, Nash & Young",Looking Forward,1999,LP,Reprise,L2,V,V20 Neil Young and the Crazy Horse universe,,Folk rock,"The UK, Ireland and Canada",Ontario (via California),,close harmonies; harmonized guitars; political; breezy; duets,Looking Forward; Slowpoke; Stand and Be Counted,Deep cut,,,Documented,High
A2220,Neil Young,Silver & Gold,2000,LP,Reprise,L2,V,V20 Neil Young and the Crazy Horse universe,,Country folk,"The UK, Ireland and Canada",Ontario (via California),,pedal steel; fingerpicked acoustic; close harmonies; hushed; breezy,Distant Camera; Daddy Went Walkin'; Buffalo Springfield Again,Recommended,,Y,Documented,High
A2221,Neil Young and Crazy Horse,Greendale,2003,LP,Reprise,L2,V,V20 Neil Young and the Crazy Horse universe,,Crossover,"The UK, Ireland and Canada",Ontario (via California),,Crazy Horse fuzz; storytelling; small-town; political; long solos,Falling from Above; Bandit; Be the Rain,Recommended,,Y,Inferred,High
A2222,Neil Young,Prairie Wind,2005,LP,Reprise,L2,V,V20 Neil Young and the Crazy Horse universe,,Country folk,"The UK, Ireland and Canada",Ontario (via California),,pedal steel; banjo; strings; close harmonies; hushed,Far from Home; This Old Guitar; The Painter,Recommended,,Y,Documented,High
A2223,Neil Young,Living with War,2006,LP,Reprise,L2,V,V20 Neil Young and the Crazy Horse universe,,Crossover,"The UK, Ireland and Canada",Ontario (via California),,horns; shouted; political; anthemic; rowdy,Let's Impeach the President; Shock and Awe; After the Garden,Deep cut,,Y,Documented,High
A2224,Neil Young,Chrome Dreams II,2007,LP,Reprise,L2,V,V20 Neil Young and the Crazy Horse universe,,Crossover,"The UK, Ireland and Canada",Ontario (via California),,Crazy Horse fuzz; long solos; horns; spiritual or gospel; breezy,Ordinary People; The Believer; Spirit Road,Recommended,,Y,Documented,High
A2225,Neil Young,Live at Massey Hall 1971,2007,Live,Reprise,L2,V,V20 Neil Young and the Crazy Horse universe,,Country folk,"The UK, Ireland and Canada",Ontario (via California),,fingerpicked acoustic; harmonica; cracked or yelping; hushed; live in the room,Old Man; Helpless; Cowgirl in the Sand,Recommended,,Y,Documented,High
A2226,Neil Young,Le Noise,2010,LP,Reprise,L2,V,V20 Neil Young and the Crazy Horse universe,,Crossover,"The UK, Ireland and Canada",Ontario (via California),,feedback; noise wall; cracked or yelping; long solos; bleak,Love and War; Hitchhiker; Angry World,Recommended,,Y,Documented,High
A2227,Neil Young and Crazy Horse,Americana,2012,LP,Reprise,L2,V,V20 Neil Young and the Crazy Horse universe,,Crossover,"The UK, Ireland and Canada",Ontario (via California),,Crazy Horse fuzz; long solos; storytelling; spiritual or gospel; rowdy,Oh Susannah; Clementine; God Save the Queen/America the Beautiful,Deep cut,,Y,Documented,High
A2228,Neil Young and Crazy Horse,Psychedelic Pill,2012,LP,Reprise,L2,V,V20 Neil Young and the Crazy Horse universe,,Crossover,"The UK, Ireland and Canada",Ontario (via California),,Crazy Horse fuzz; long solos; feedback; live in the room; cosmic,Driftin' Back; Ramada Inn; Walk Like a Giant,Recommended,,Y,Documented,High
A2229,Neil Young,Live at the Cellar Door,2013,Live,Reprise,L2,V,V20 Neil Young and the Crazy Horse universe,,Country folk,"The UK, Ireland and Canada",Ontario (via California),,fingerpicked acoustic; piano; cracked or yelping; hushed; live in the room,Old Man; Bad Fog of Loneliness; Cinnamon Girl,Deep cut,,Y,Documented,High
A2230,Neil Young,Hitchhiker,2017,LP,Reprise,L1,V,V20 Neil Young and the Crazy Horse universe,,Country folk,"The UK, Ireland and Canada",Ontario (via California),,fingerpicked acoustic; harmonica; cracked or yelping; hushed; lo-fi,Powderfinger; Pocahontas; Ride My Llama,Recommended,,Y,Documented,High
A2231,Neil Young and Crazy Horse,Colorado,2019,LP,Reprise,L1,V,V20 Neil Young and the Crazy Horse universe,,Crossover,"The UK, Ireland and Canada",Ontario (via California),,Crazy Horse fuzz; long solos; political; spiritual or gospel; breezy,She Showed Me Love; Olden Days; Rainbow of Colors,Recommended,,Y,Documented,High
A2232,Neil Young and the Stray Gators,Tuscaloosa,2019,Live,Reprise,L1,V,V20 Neil Young and the Crazy Horse universe,,Country rock,"The UK, Ireland and Canada",Ontario (via California),,pedal steel; harmonica; close harmonies; cracked or yelping; live in the room,Heart of Gold; Alabama; New Mama,Deep cut,,,Documented,High
A2233,Neil Young,Homegrown,2020,LP,Reprise,L1,V,V20 Neil Young and the Crazy Horse universe,,Country folk,"The UK, Ireland and Canada",Ontario (via California),,fingerpicked acoustic; pedal steel; harmonica; hushed; bleak,Try; Star of Bethlehem; Homegrown,Recommended,,Y,Both,High
A2234,Neil Young and Crazy Horse,Barn,2021,LP,Reprise,L1,V,V20 Neil Young and the Crazy Horse universe,,Crossover,"The UK, Ireland and Canada",Ontario (via California),,Crazy Horse fuzz; long solos; live in the room; spiritual or gospel; cosmic,Heading West; Song of the Seasons; Human Race,Recommended,,Y,Documented,High
A2235,Neil Young and Crazy Horse,Toast,2022,LP,Reprise,L1,V,V20 Neil Young and the Crazy Horse universe,,Crossover,"The UK, Ireland and Canada",Ontario (via California),,Crazy Horse fuzz; baritone; bleak; hushed; long solos,Standing in the Light of Love; Boom Boom Boom; Timberline,Deep cut,,Y,Documented,High
A2236,Neil Young and Crazy Horse,World Record,2022,LP,Reprise,L1,V,V20 Neil Young and the Crazy Horse universe,,Crossover,"The UK, Ireland and Canada",Ontario (via California),,Crazy Horse fuzz; long solos; spiritual or gospel; political; breezy,Break the Chain; The World (Is in Trouble Now); This Old Planet,Recommended,,Y,Documented,High
A2237,Neil Young,Chrome Dreams,2023,LP,Reprise,L1,V,V20 Neil Young and the Crazy Horse universe,,Country folk,"The UK, Ireland and Canada",Ontario (via California),,fingerpicked acoustic; pedal steel; Crazy Horse fuzz; cracked or yelping; storytelling,Pocahontas; Powderfinger; Like a Hurricane,Recommended,,Y,Documented,High
A2238,Neil Young and Crazy Horse,Early Daze,2024,LP,Reprise,L1,V,V20 Neil Young and the Crazy Horse universe,,Crossover,"The UK, Ireland and Canada",Ontario (via California),,Crazy Horse fuzz; long solos; feedback; live in the room; cracked or yelping,Dance Dance Dance; Everybody's Alone; Winterlong,Deep cut,,Y,Documented,High
A2239,Neil Young with Crazy Horse,Fu##in' Up,2024,Live,Reprise,L1,V,V20 Neil Young and the Crazy Horse universe,,Crossover,"The UK, Ireland and Canada",Ontario (via California),,Crazy Horse fuzz; long solos; live in the room; rowdy; feedback,Country Home; Over and Over; Love to Burn,Deep cut,,,Documented,High
A2240,Neil Young,Oceanside Countryside,2025,LP,Reprise,L1,V,V20 Neil Young and the Crazy Horse universe,,Country folk,"The UK, Ireland and Canada",Ontario (via California),,pedal steel; fingerpicked acoustic; harmonica; breezy; hushed,Sail Away; Field of Opportunity; Sad Movies,Deep cut,,Y,Documented,High
A2241,Neil Young and the Chrome Hearts,Talkin to the Trees,2025,LP,Reprise,L1,V,V20 Neil Young and the Crazy Horse universe,,Crossover,"The UK, Ireland and Canada",Ontario (via California),,Crazy Horse fuzz; political; harmonica; piano; storytelling,Big Change; Family Life; Let's Roll Again,Recommended,,,Inferred,High
A2242,The Byrds,Mr. Tambourine Man,1965,LP,Columbia,L5,V,V21 Country rock and Cosmic American Music,,Folk rock,The West,"Los Angeles, CA",,jangle; close harmonies; harmonized guitars; breezy,Mr. Tambourine Man; Chimes of Freedom; The Bells of Rhymney,Essential,,,Both,High
A2243,The Byrds,Younger Than Yesterday,1967,LP,Columbia,L5,V,V21 Country rock and Cosmic American Music,,Folk rock,The West,"Los Angeles, CA",,jangle; close harmonies; harmonized guitars; pedal steel,Time Between; So You Want to Be a Rock 'n' Roll Star; My Back Pages,Recommended,,,Both,High
A2244,Gene Clark,Gene Clark with the Gosdin Brothers,1967,LP,Columbia Records,L5,V,V21 Country rock and Cosmic American Music,,Folk rock,The West,"Los Angeles, CA",,close harmonies; strings; harmonica; drawl,Echoes; Tried So Hard; So You Say You Lost Your Baby,Recommended,,,Documented,High
A2245,Hearts & Flowers,Now Is the Time for Hearts and Flowers,1967,LP,Capitol Records,L5,V,V21 Country rock and Cosmic American Music,,Folk rock,The West,"Los Angeles, CA",,close harmonies; fingerpicked acoustic; pedal steel; hushed,Rock and Roll Gypsies; Reason to Believe; Try to Live On,Deep cut,,,Inferred,High
A2246,The Byrds,Sweetheart of the Rodeo,1968,LP,Columbia,L5,V,V21 Country rock and Cosmic American Music,V9,Country rock,The West,"Los Angeles, CA",,pedal steel; Telecaster twang; close harmonies; drawl; storytelling,Hickory Wind; You Ain't Goin' Nowhere; I Am a Pilgrim,Essential,Y,,Documented,High
A2247,The Byrds,The Notorious Byrd Brothers,1968,LP,Columbia,L5,V,V21 Country rock and Cosmic American Music,,Country rock,The West,"Los Angeles, CA",,pedal steel; harmonized guitars; close harmonies; cosmic,Wasn't Born to Follow; Goin' Back; Draft Morning,Recommended,,,Documented,High
A2248,Dillard & Clark,The Fantastic Expedition of Dillard & Clark,1968,LP,A&M Records,L5,V,V21 Country rock and Cosmic American Music,,Country folk,The West,"Los Angeles, CA",,banjo; mandolin; fingerpicked acoustic; close harmonies; storytelling,Train Leaves Here This Morning; Out on the Side; She Darked the Sun,Essential,,,Documented,High
A2249,The Dillards,Wheatstraw Suite,1968,LP,Elektra Records,L5,V,V21 Country rock and Cosmic American Music,,Country folk,The West,"Los Angeles, CA",,banjo; mandolin; close harmonies; strings; fingerpicked acoustic,Listen to the Sound; Reason to Believe; Tribal Gathering,Recommended,,,Documented,High
A2250,The Everly Brothers,Roots,1968,LP,Warner Bros. Records,L5,V,V21 Country rock and Cosmic American Music,,Country rock,The West,"Los Angeles, CA",,close harmonies; pedal steel; drawl; spiritual or gospel,Mama Tried; T for Texas; Ridin' High (I'm a Song),Recommended,,,Documented,High
A2251,Hearts & Flowers,"Of Horses, Kids and Forgotten Women",1968,LP,Capitol Records,L5,V,V21 Country rock and Cosmic American Music,,Country folk,The West,"Los Angeles, CA",,pedal steel; close harmonies; fingerpicked acoustic; breezy,Extra Extra; Green Fuz; Two Little Sisters,Deep cut,,,Documented,Medium
A2252,International Submarine Band,Safe at Home,1968,LP,LHI Records,L5,V,V21 Country rock and Cosmic American Music,,Country rock,The West,"Los Angeles, CA",,pedal steel; Telecaster twang; drawl; drinking songs,Luxury Liner; Blue Eyes; Folsom Prison Blues,Essential,,,Documented,High
A2253,The Byrds,Ballad of Easy Rider,1969,LP,Columbia,L5,V,V21 Country rock and Cosmic American Music,,Country rock,The West,"Los Angeles, CA",,pedal steel; close harmonies; road songs; breezy,Ballad of Easy Rider; Jack Tarr the Sailor; Tulsa County,Recommended,,,Documented,High
A2254,The Byrds,Dr. Byrds & Mr. Hyde,1969,LP,Columbia,L5,V,V21 Country rock and Cosmic American Music,,Country rock,The West,"Los Angeles, CA",,pedal steel; Telecaster twang; harmonized guitars; breezy,This Wheel's on Fire; Drug Store Truck Drivin' Man; Nashville West,Deep cut,,,Documented,High
A2255,Dillard & Clark,"Through the Morning, Through the Night",1969,LP,A&M Records,L5,V,V21 Country rock and Cosmic American Music,,Country folk,The West,"Los Angeles, CA",,banjo; mandolin; close harmonies; fiddle; heartbreak,"Through the Morning, Through the Night; Polly; The Radio Song",Recommended,,,Documented,High
A2256,The Flying Burrito Brothers,The Gilded Palace of Sin,1969,LP,A&M Records,L5,V,V21 Country rock and Cosmic American Music,,Cosmic country,The West,"Los Angeles, CA",,pedal steel; close harmonies; drawl; spiritual or gospel; cosmic,Sin City; Hot Burrito #1; Christine's Tune,Essential,,Y,Documented,High
A2257,Mason Proffit,Wanted,1969,LP,Happy Tiger Records,L5,V,V21 Country rock and Cosmic American Music,,Country rock,Chicago and the Midwest,"Chicago, IL",,pedal steel; banjo; close harmonies; political,"Two Hangmen; Eugene Pratt; Buffalo, Where Have You Gone",Deep cut,,,Inferred,High
A2258,Poco,Pickin' Up the Pieces,1969,LP,Epic Records,L5,V,V21 Country rock and Cosmic American Music,,Country rock,The West,"Los Angeles, CA",,pedal steel; harmonized guitars; close harmonies; breezy,Pickin' Up the Pieces; Grand Junction; What a Day,Essential,,,Both,High
A2259,The Byrds,(Untitled),1970,LP,Columbia,L5,V,V21 Country rock and Cosmic American Music,,Country rock,The West,"Los Angeles, CA",,pedal steel; long solos; harmonized guitars; storytelling,Chestnut Mare; Eight Miles High (live); You All Look Alike,Recommended,,,Documented,High
A2260,The Flying Burrito Brothers,Burrito Deluxe,1970,LP,A&M Records,L5,V,V21 Country rock and Cosmic American Music,,Country rock,The West,"Los Angeles, CA",,pedal steel; close harmonies; drawl; storytelling,Wild Horses; Older Guys; Man in the Fog,Recommended,,Y,Documented,High
A2261,Goose Creek Symphony,Goose Creek Symphony (Est. 1970),1970,LP,Capitol Records,L5,V,V21 Country rock and Cosmic American Music,,Country rock,The West,"Phoenix, AZ",,banjo; fiddle; harmonica; rowdy; breezy,Hey Little Woman; Ohio; Big Bear,Deep cut,,,Inferred,Medium
A2262,Michael Nesmith & the First National Band,Loose Salute,1970,LP,RCA Victor,L5,V,V21 Country rock and Cosmic American Music,,Country rock,The West,"Los Angeles, CA",,pedal steel; Telecaster twang; drawl; road songs,Different Drum; Silver Moon; Conditions,Recommended,,,Documented,High
A2263,Michael Nesmith & the First National Band,Magnetic South,1970,LP,RCA Victor,L5,V,V21 Country rock and Cosmic American Music,,Country rock,The West,"Los Angeles, CA",,pedal steel; Telecaster twang; drawl; breezy,Joanne; Calico Girlfriend; Nine Times Blue,Essential,,,Documented,High
A2264,Poco,Poco,1970,LP,Epic Records,L5,V,V21 Country rock and Cosmic American Music,,Country rock,The West,"Los Angeles, CA",,pedal steel; harmonized guitars; close harmonies; long solos,You Better Think Twice; Nobody's Fool; C'mon,Recommended,,,Documented,High
A2265,Rick Nelson & the Stone Canyon Band,Rick Sings Nelson,1970,LP,Decca Records,L5,V,V21 Country rock and Cosmic American Music,,Country rock,The West,"Los Angeles, CA",,pedal steel; Telecaster twang; drawl; breezy,Look at Mary; How Long; We Got Such a Long Way to Go,Recommended,,,Documented,High
A2266,Commander Cody and His Lost Planet Airmen,Lost in the Ozone,1971,LP,Paramount Records,L5,V,V21 Country rock and Cosmic American Music,,Country rock,The West,"San Francisco, CA",,pedal steel; piano; drawl; rowdy,Hot Rod Lincoln; Seeds and Stems (Again); Family Bible,Deep cut,,,Inferred,High
A2267,The Flying Burrito Brothers,The Flying Burrito Bros,1971,LP,A&M Records,L5,V,V21 Country rock and Cosmic American Music,,Country rock,The West,"Los Angeles, CA",,pedal steel; close harmonies; drawl; breezy,Colorado; White Line Fever; To Ramona,Deep cut,,Y,Documented,High
A2268,Gene Clark,White Light,1971,LP,A&M Records,L5,V,V21 Country rock and Cosmic American Music,,Country folk,The West,"Los Angeles, CA",,fingerpicked acoustic; drawl; hushed; storytelling,White Light; For a Spanish Guitar; Where My Love Lies Asleep,Recommended,,,Documented,High
A2269,Mason Proffit,Movin' Toward Happiness,1971,LP,Happy Tiger Records,L5,V,V21 Country rock and Cosmic American Music,,Country rock,Chicago and the Midwest,"Chicago, IL",,pedal steel; banjo; close harmonies; storytelling,"Walk on Down the Road; Rocky Mountain Lady; Gone, Gone, Gone",Deep cut,,,Inferred,High
A2270,Michael Nesmith & the First National Band,Nevada Fighter,1971,LP,RCA Victor,L5,V,V21 Country rock and Cosmic American Music,,Country rock,The West,"Los Angeles, CA",,pedal steel; Telecaster twang; drawl; breezy,Nevada Fighter; Grand Ennui; Propinquity,Recommended,,,Documented,High
A2271,Poco,From the Inside,1971,LP,Epic Records,L5,V,V21 Country rock and Cosmic American Music,,Country rock,The West,"Los Angeles, CA",,pedal steel; harmonized guitars; close harmonies; breezy,Just for Me and You; Hoe Down; Bad Weather,Deep cut,,,Documented,High
A2272,Swampwater,Swampwater,1971,LP,RCA Victor,L5,V,V21 Country rock and Cosmic American Music,,Country rock,The West,"Los Angeles, CA",,fiddle; pedal steel; drawl; breezy,Marie; Trail of Tears; Blue Bayou,Deep cut,,,Documented,High
A2273,Bobby Charles,Bobby Charles,1972,LP,Bearsville Records,L5,V,V21 Country rock and Cosmic American Music,,Country folk,The South,"Abbeville, LA",Woodstock,piano; slide guitar; drawl; hushed; spiritual or gospel,Small Town Talk; Street People; Tennessee Blues,Recommended,,,Documented,High
A2274,Country Gazette,A Traitor in Our Midst,1972,LP,United Artists Records,L5,V,V21 Country rock and Cosmic American Music,,Bluegrass,The West,"Los Angeles, CA",,banjo; mandolin; fiddle; long solos,Farewell Blues; This World Is Not My Home; Little Rock Getaway,Deep cut,,,Documented,Medium
A2275,The Flying Burrito Brothers,Last of the Red Hot Burritos,1972,Live,A&M Records,L5,V,V21 Country rock and Cosmic American Music,,Country rock,The West,"Los Angeles, CA",,pedal steel; fiddle; long solos; rowdy,Devil in Disguise; Losing Game; Six Days on the Road,Deep cut,,Y,Documented,High
A2276,Michael Nesmith,And the Hits Just Keep On Comin',1972,LP,RCA Victor,L5,V,V21 Country rock and Cosmic American Music,,Country rock,The West,"Los Angeles, CA",,pedal steel; fingerpicked acoustic; drawl; breezy,Bonaparte's Retreat; Different Drum; Roll With the Flow,Recommended,,,Documented,High
A2277,Poco,A Good Feelin' to Know,1972,LP,Epic Records,L5,V,V21 Country rock and Cosmic American Music,,Country rock,The West,"Los Angeles, CA",,pedal steel; harmonized guitars; close harmonies; anthemic,A Good Feelin' to Know; Restrain; Sweet Lovin',Recommended,,,Documented,High
A2278,Pure Prairie League,Bustin' Out,1972,LP,RCA Records,L5,V,V21 Country rock and Cosmic American Music,,Country rock,Chicago and the Midwest,"Columbus, OH",,pedal steel; close harmonies; harmonized guitars; breezy,Amie; Two Lane Highway; Falling In and Out of Love,Recommended,,,Inferred,High
A2279,Pure Prairie League,Pure Prairie League,1972,LP,RCA Records,L5,V,V21 Country rock and Cosmic American Music,,Country rock,Chicago and the Midwest,"Columbus, OH",,pedal steel; close harmonies; harmonized guitars; breezy,Boulder Skies; Early Morning Riser; Harmony Song,Deep cut,,,Inferred,High
A2280,Rick Nelson & the Stone Canyon Band,Garden Party,1972,LP,Decca Records,L5,V,V21 Country rock and Cosmic American Music,,Country rock,The West,"Los Angeles, CA",,pedal steel; Telecaster twang; drawl; storytelling,Garden Party; Palace Guard; Are You Really Real,Essential,,,Documented,High
A2281,Gene Clark,Roadmaster,1973,LP,A&M Records,L5,V,V21 Country rock and Cosmic American Music,,Country rock,The West,"Los Angeles, CA",,pedal steel; harmonized guitars; drawl; breezy,She's the Kind of Girl; One in a Hundred; Full Circle Song,Deep cut,,,Documented,High
A2282,Gene Parsons,Kindling,1973,LP,Warner Bros. Records,L5,V,V21 Country rock and Cosmic American Music,,Country rock,The West,"Los Angeles, CA",,banjo; pedal steel; fingerpicked acoustic; drawl,Kindling; Yesterday's Gone; California Ramble,Deep cut,,,Documented,High
A2283,Gram Parsons,GP,1973,LP,Reprise Records,L5,V,V21 Country rock and Cosmic American Music,,Cosmic country,The West,"Los Angeles, CA",,pedal steel; duets; drawl; heartbreak; cosmic,A Song for You; We'll Sweep Out the Ashes in the Morning; She,Essential,,Y,Documented,High
A2284,Poco,Crazy Eyes,1973,LP,Epic Records,L5,V,V21 Country rock and Cosmic American Music,,Country rock,The West,"Los Angeles, CA",,pedal steel; harmonized guitars; close harmonies; long songs (7+ minutes),Crazy Eyes; Blue Water; Fool's Gold,Recommended,,,Documented,High
A2285,Gene Clark,No Other,1974,LP,Asylum Records,L5,V,V21 Country rock and Cosmic American Music,,Cosmic country,The West,"Los Angeles, CA",,strings; horns; close harmonies; spiritual or gospel; cosmic,No Other; Some Misunderstanding; Life's Greatest Fool,Essential,,,Both,High
A2286,Gram Parsons,Grievous Angel,1974,LP,Reprise Records,L5,V,V21 Country rock and Cosmic American Music,,Cosmic country,The West,"Los Angeles, CA",,pedal steel; duets; drawl; heartbreak; cosmic,$1000 Wedding; In My Hour of Darkness; Brass Buttons,Essential,Y,Y,Documented,High
A2287,Souther-Hillman-Furay Band,The Souther-Hillman-Furay Band,1974,LP,Asylum Records,L5,V,V21 Country rock and Cosmic American Music,X13,Country rock,The West,"Los Angeles, CA",,pedal steel; close harmonies; harmonized guitars; breezy,Fallin' in Love; Trouble in Paradise; Border Town,Recommended,,,Documented,High
A2288,Emmylou Harris,Elite Hotel,1975,LP,Reprise Records,L5,V,V21 Country rock and Cosmic American Music,,Country rock,The West,"Los Angeles, CA",,pedal steel; close harmonies; drawl; heartbreak,Sin City; One of These Days; Together Again,Essential,,,Documented,High
A2289,Emmylou Harris,Pieces of the Sky,1975,LP,Reprise Records,L5,V,V21 Country rock and Cosmic American Music,,Country rock,The West,"Los Angeles, CA",,pedal steel; close harmonies; drawl; heartbreak,Boulder to Birmingham; If I Could Only Win Your Love; Bluebird Wine,Essential,,,Documented,High
A2290,Souther-Hillman-Furay Band,Trouble in Paradise,1975,LP,Asylum Records,L5,V,V21 Country rock and Cosmic American Music,X13,Country rock,The West,"Los Angeles, CA",,pedal steel; close harmonies; harmonized guitars; breezy,Prisoner in Disguise; Bird in a Cage; Rise and Fall,Deep cut,,,Documented,High
A2291,Chris Hillman,Slippin' Away,1976,LP,Asylum Records,L5,V,V21 Country rock and Cosmic American Music,,Country rock,The West,"Los Angeles, CA",,pedal steel; close harmonies; drawl; breezy,Slippin' Away; Take It On the Run; Witching Hour,Recommended,,,Documented,High
A2292,Chris Hillman,Clear Sailin',1977,LP,Asylum Records,L5,V,V21 Country rock and Cosmic American Music,,Country rock,The West,"Los Angeles, CA",,pedal steel; close harmonies; drawl; breezy,Clear Sailin'; Down in the Churchyard; El Camino,Deep cut,,,Documented,High
A2293,Emmylou Harris,Luxury Liner,1977,LP,Reprise Records,L5,V,V21 Country rock and Cosmic American Music,,Country rock,The West,"Los Angeles, CA",,pedal steel; duets; drawl; road songs,Luxury Liner; Pancho and Lefty; Making Believe,Essential,,,Documented,High
A2294,Gene Clark,Two Sides to Every Story,1977,LP,RSO Records,L5,V,V21 Country rock and Cosmic American Music,,Country rock,The West,"Los Angeles, CA",,pedal steel; strings; drawl; heartbreak,Sister Moon; Home Run King; In the Pines,Deep cut,,,Documented,High
A2295,Emmylou Harris,Quarter Moon in a Ten Cent Town,1978,LP,Warner Bros. Records,L4,V,V21 Country rock and Cosmic American Music,,Country rock,The West,"Los Angeles, CA",,pedal steel; close harmonies; drawl; heartbreak,To Daddy; Two More Bottles of Wine; Even Cowgirls Get the Blues,Recommended,,,Both,High
A2296,Nashville West,Nashville West,1978,Live,Sierra Records,L4,V,V21 Country rock and Cosmic American Music,,Country rock,The West,"Los Angeles, CA",,pedal steel; Telecaster twang; banjo; rowdy,Nashville West; Truck Drivin' Man; Sing Me Back Home,Deep cut,,,Documented,High
A2297,Bob Dylan,Bringing It All Back Home,1965,LP,Columbia,L5,V,V22 Dylan and The Band,,Folk rock,The Northeast,"New York / Woodstock, NY",Greenwich Village folk,harmonica; storytelling; political; pop-culture references; long songs (7+ minutes),"Subterranean Homesick Blues; Mr. Tambourine Man; It's Alright, Ma (I'm Only Bleeding)",Essential,,,Documented,High
A2298,Bob Dylan,Highway 61 Revisited,1965,LP,Columbia,L5,V,V22 Dylan and The Band,,Folk rock,The Northeast,"New York / Woodstock, NY",,harmonica; storytelling; long songs (7+ minutes); political; rowdy,Like a Rolling Stone; Ballad of a Thin Man; Desolation Row,Essential,,,Both,High
A2299,Bob Dylan,Blonde on Blonde,1966,LP,Columbia,L5,V,V22 Dylan and The Band,,Folk rock,The Northeast,"New York / Woodstock, NY",,harmonica; storytelling; long songs (7+ minutes); heartbreak; piano,Visions of Johanna; Rainy Day Women #12 & 35; Sad Eyed Lady of the Lowlands,Essential,,,Documented,High
A2300,Bob Dylan,John Wesley Harding,1967,LP,Columbia,L5,V,V22 Dylan and The Band,V21,Country folk,The Northeast,"New York / Woodstock, NY",Woodstock,harmonica; storytelling; spiritual or gospel; hushed; Southern gothic,All Along the Watchtower; I Dreamed I Saw St. Augustine; Drifter's Escape,Essential,,,Both,High
A2301,The Band,Music from Big Pink,1968,LP,Capitol,L5,V,V22 Dylan and The Band,,Country rock,"The UK, Ireland and Canada","Toronto / Woodstock, NY",Woodstock,piano; close harmonies; storytelling; Southern gothic; drawl,The Weight; Tears of Rage; Chest Fever,Essential,,,Documented,High
A2302,The Band,The Band,1969,LP,Capitol,L5,V,V22 Dylan and The Band,,Country rock,"The UK, Ireland and Canada","Toronto / Woodstock, NY",Woodstock,piano; close harmonies; storytelling; Southern gothic; small-town; drawl,The Night They Drove Old Dixie Down; Up on Cripple Creek; King Harvest (Has Surely Come),Essential,Y,,Both,High
A2303,Bob Dylan,Nashville Skyline,1969,LP,Columbia,L5,V,V22 Dylan and The Band,V21,Country rock,The Northeast,"New York / Woodstock, NY",,pedal steel; duets; drawl; breezy; Telecaster twang,Lay Lady Lay; Girl from the North Country; Tonight I'll Be Staying Here with You,Essential,,,Both,High
A2304,The Band,Stage Fright,1970,LP,Capitol,L5,V,V22 Dylan and The Band,,Country rock,"The UK, Ireland and Canada","Toronto / Woodstock, NY",Woodstock,piano; close harmonies; storytelling; road songs; anthemic,The Shape I'm In; Stage Fright; The W.S. Walcott Medicine Show,Recommended,,,Inferred,High
A2305,Bob Dylan,New Morning,1970,LP,Columbia,L5,V,V22 Dylan and The Band,,Folk rock,The Northeast,"New York / Woodstock, NY",,piano; spiritual or gospel; breezy; storytelling; horns,If Not for You; New Morning; Went to See the Gypsy,Recommended,,,Inferred,High
A2306,Bob Dylan,Self Portrait,1970,LP,Columbia,L5,V,V22 Dylan and The Band,,Country rock,The Northeast,"New York / Woodstock, NY",,pedal steel; strings; storytelling; breezy; polished,Copper Kettle (The Pale Moonlight); Alberta #1; Days of 49,Deep cut,,,Inferred,High
A2307,The Band,Cahoots,1971,LP,Capitol,L5,V,V22 Dylan and The Band,,Country rock,"The UK, Ireland and Canada","Toronto / Woodstock, NY",,piano; horns; storytelling; close harmonies; political,Life Is a Carnival; When I Paint My Masterpiece; The River Hymn,Deep cut,,,Documented,High
A2308,The Band,Rock of Ages,1972,Live,Capitol,L5,V,V22 Dylan and The Band,,Country rock,"The UK, Ireland and Canada","Toronto / Woodstock, NY",,horns; live in the room; close harmonies; rowdy; long solos,King Harvest (Has Surely Come); The Weight; Up on Cripple Creek,Recommended,,,Documented,High
A2309,The Band,Moondog Matinee,1973,LP,Capitol,L5,V,V22 Dylan and The Band,,Country rock,"The UK, Ireland and Canada","Toronto / Woodstock, NY",,horns; rowdy; close harmonies; drinking songs; polished,Ain't Got No Home; Mystery Train; Third Man Theme,Deep cut,,,Documented,High
A2310,Bob Dylan,Planet Waves,1974,LP,Asylum,L5,V,V22 Dylan and The Band,,Country rock,The Northeast,"New York / Woodstock, NY",,piano; road songs; harmonica; storytelling; rowdy,"Forever Young; On a Night Like This; Going, Going, Gone",Recommended,,,Documented,High
A2311,Bob Dylan and The Band,Before the Flood,1974,Live,Asylum,L5,V,V22 Dylan and The Band,,Folk rock,The Northeast,"New York / Woodstock, NY",,live in the room; rowdy; horns; anthemic; road songs,Like a Rolling Stone; Ballad of a Thin Man; All Along the Watchtower,Recommended,,,Documented,High
A2312,The Band,Northern Lights–Southern Cross,1975,LP,Capitol,L5,V,V22 Dylan and The Band,,Country rock,"The UK, Ireland and Canada","Toronto / Woodstock, NY",,synths; close harmonies; storytelling; Southern gothic; small-town,Ophelia; Acadian Driftwood; It Makes No Difference,Essential,,,Documented,Medium
A2313,Bob Dylan,Blood on the Tracks,1975,LP,Columbia,L5,V,V22 Dylan and The Band,,Folk rock,The Northeast,"New York / Woodstock, NY",,fingerpicked acoustic; heartbreak; storytelling; harmonica; bleak,Tangled Up in Blue; Idiot Wind; Simple Twist of Fate,Essential,Y,,Both,High
A2314,Bob Dylan and The Band,The Basement Tapes,1975,LP,Columbia,L5,V,V22 Dylan and The Band,,Country folk,The Northeast,"New York / Woodstock, NY",Woodstock,fingerpicked acoustic; lo-fi; live in the room; storytelling; funny-sad; Southern gothic,Million Dollar Bash; Tears of Rage; This Wheel's on Fire,Essential,,,Both,High
A2315,Bob Dylan,Desire,1976,LP,Columbia,L5,V,V22 Dylan and The Band,,Folk rock,The Northeast,"New York / Woodstock, NY",,strings; storytelling; political; duets; long songs (7+ minutes),Hurricane; Isis; Sara,Essential,,,Documented,High
A2316,Bob Dylan,Hard Rain,1976,Live,Columbia,L5,V,V22 Dylan and The Band,,Folk rock,The Northeast,"New York / Woodstock, NY",,harmonica; live in the room; rowdy; storytelling; road songs,Maggie's Farm; Shelter from the Storm; Idiot Wind,Deep cut,,,Documented,High
A2317,The Band,Islands,1977,LP,Capitol,L5,V,V22 Dylan and The Band,,Country rock,"The UK, Ireland and Canada","Toronto / Woodstock, NY",,horns; close harmonies; breezy; storytelling; polished,Right as Rain; Christmas Must Be Tonight; Georgia on My Mind,Deep cut,,,Documented,High
A2318,Rick Danko,Rick Danko,1977,LP,Arista,L5,V,V22 Dylan and The Band,,Country rock,"The UK, Ireland and Canada","Woodstock, NY",Woodstock,piano; close harmonies; storytelling; breezy; heartbreak,Java Blues; New Mexicoe; Sip the Wine,Deep cut,,,Both,High
A2319,The Band,The Last Waltz,1978,Live,Warner Bros.,L4,V,V22 Dylan and The Band,X7,Country rock,"The UK, Ireland and Canada","Toronto / Woodstock, NY",,horns; live in the room; close harmonies; duets; anthemic,Up on Cripple Creek; The Night They Drove Old Dixie Down; I Shall Be Released,Essential,,,Documented,High
A2320,Bob Dylan,Street-Legal,1978,LP,Columbia,L4,V,V22 Dylan and The Band,,Folk rock,The Northeast,"New York / Woodstock, NY",,horns; close harmonies; storytelling; political; polished,Señor (Tales of Yankee Power); Changing of the Guards; New Pony,Deep cut,,,Inferred,High
A2321,Bob Dylan,Slow Train Coming,1979,LP,Columbia,L4,V,V22 Dylan and The Band,,Folk rock,The Northeast,"New York / Woodstock, NY",Muscle Shoals,spiritual or gospel; horns; political; polished; baritone,Gotta Serve Somebody; Precious Angel; When You Gonna Wake Up,Recommended,,,Documented,High
A2322,Bob Dylan,Infidels,1983,LP,Columbia,L4,V,V22 Dylan and The Band,,Folk rock,The Northeast,"New York / Woodstock, NY",,Telecaster twang; political; storytelling; polished; slide guitar,Jokerman; Sweetheart Like You; License to Kill,Recommended,,,Inferred,High
A2323,Bob Dylan,Oh Mercy,1989,LP,Columbia,L3,V,V22 Dylan and The Band,,Folk rock,The Northeast,"New York / Woodstock, NY",New Orleans,hushed; bleak; storytelling; slide guitar; spiritual or gospel,Most of the Time; Man in the Long Black Coat; Everything Is Broken,Essential,,,Documented,High
A2324,Bob Dylan,Time Out of Mind,1997,LP,Columbia,L3,V,V22 Dylan and The Band,,Folk rock,The Northeast,"New York / Woodstock, NY",,bleak; baritone; storytelling; slide guitar; glacial,Not Dark Yet; Love Sick; Cold Irons Bound,Essential,,,Documented,High
A2325,Bob Dylan,"""Love and Theft""",2001,LP,Columbia,L2,V,V22 Dylan and The Band,,Folk rock,The Northeast,"New York / Woodstock, NY",,storytelling; horns; drawl; funny-sad; road songs,Mississippi; Summer Days; High Water (For Charley Patton),Essential,,,Documented,High
A2326,Bob Dylan,"The Bootleg Series Vol. 5: Bob Dylan Live 1975, The Rolling Thunder Revue",2002,Live,Columbia,L2,V,V22 Dylan and The Band,,Folk rock,The Northeast,"New York / Woodstock, NY",,live in the room; fiddle; harmonica; rowdy; storytelling,Isis; Romance in Durango; A Hard Rain's A-Gonna Fall,Recommended,,,Documented,High
A2327,Bob Dylan,Modern Times,2006,LP,Columbia,L2,V,V22 Dylan and The Band,,Folk rock,The Northeast,"New York / Woodstock, NY",,storytelling; baritone; political; drawl; long songs (7+ minutes),Thunder on the Mountain; Workingman's Blues #2; Ain't Talkin',Recommended,,,Inferred,High
A2328,Levon Helm,Dirt Farmer,2007,LP,Vanguard,L2,V,V22 Dylan and The Band,V24,Country folk,The Northeast,"Woodstock, NY",Woodstock,banjo; fiddle; mandolin; close harmonies; storytelling,"Poor Old Dirt Farmer; Anna Lee; Single Girl, Married Girl",Essential,,,Documented,High
A2329,Levon Helm,Electric Dirt,2009,LP,Dirt Farmer Music / Vanguard,L2,V,V22 Dylan and The Band,,Southern rock,The Northeast,"Woodstock, NY",Woodstock,horns; drawl; spiritual or gospel; rowdy; slide guitar,Tennessee Jed; Growin' Trade; Move Along Train,Recommended,,,Documented,High
A2330,Bob Dylan,Tempest,2012,LP,Columbia,L2,V,V22 Dylan and The Band,,Folk rock,The Northeast,"New York / Woodstock, NY",,storytelling; long songs (7+ minutes); fiddle; bleak; political,Duquesne Whistle; Pay in Blood; Roll On John,Deep cut,,,Inferred,High
A2331,Bob Dylan,Rough and Rowdy Ways,2020,LP,Columbia,L1,V,V22 Dylan and The Band,,Folk rock,The Northeast,"New York / Woodstock, NY",,storytelling; political; baritone; long songs (7+ minutes); spiritual or gospel,I Contain Multitudes; Murder Most Foul; Key West (Philosopher Pirate),Essential,,,Both,High
A2332,Steve Young,Rock Salt & Nails,1969,LP,A&M Records,L5,V,V23 Outlaw country,,Country folk,The South,"Nashville, TN",,fingerpicked acoustic; drawl; storytelling; heartbreak; road songs,Seven Bridges Road; Rock Salt and Nails; Kenny's Song,Recommended,,,Both,High
A2333,David Allan Coe,Penitentiary Blues,1970,LP,SSS International Records,L5,V,V23 Outlaw country,,Outlaw,The South,"Nashville, TN",,slide guitar; harmonica; baritone; bleak; storytelling,Penitentiary Blues; Death Row; Cell #33,Deep cut,,,Documented,High
A2334,Kris Kristofferson,Kristofferson,1970,LP,Monument Records,L5,V,V23 Outlaw country,,Country folk,The South,"Nashville, TN",,fingerpicked acoustic; drawl; storytelling; spiritual or gospel; heartbreak,Me and Bobby McGee; Sunday Mornin' Comin' Down; Help Me Make It Through the Night,Essential,,,Both,High
A2335,Sammi Smith,Help Me Make It Through the Night,1970,LP,Mega Records,L5,V,V23 Outlaw country,,Country folk,The South,"Nashville, TN",,hushed; drawl; heartbreak; storytelling; bleak,Help Me Make It Through the Night; Sunday Mornin' Comin' Down; There He Goes,Essential,,,Documented,High
A2336,Kris Kristofferson,The Silver Tongued Devil and I,1971,LP,Monument Records,L5,V,V23 Outlaw country,,Country folk,The South,"Nashville, TN",,fingerpicked acoustic; baritone; drawl; storytelling; heartbreak,"The Silver Tongued Devil and I; The Pilgrim, Chapter 33; Jody and the Kid",Essential,,,Inferred,High
A2337,Willie Nelson,Yesterday's Wine,1971,LP,RCA Victor,L5,V,V23 Outlaw country,,Country folk,Texas and Oklahoma,"Nashville, TN",,piano; storytelling; spiritual or gospel; hushed; drawl,Yesterday's Wine; Family Bible; Me and Paul,Recommended,,,Documented,High
A2338,Kris Kristofferson,Jesus Was a Capricorn,1972,LP,Monument Records,L5,V,V23 Outlaw country,,Country folk,The South,"Nashville, TN",,fingerpicked acoustic; baritone; spiritual or gospel; political; storytelling,Jesus Was a Capricorn (Owed to John Prine); Nobody Wins; Enough for You,Recommended,,,Inferred,High
A2339,Steve Young,Seven Bridges Road,1972,LP,Reprise Records,L5,V,V23 Outlaw country,,Country folk,The South,"Nashville, TN",,fingerpicked acoustic; drawl; storytelling; heartbreak; bleak,"Seven Bridges Road; Lonesome, On'ry and Mean; Montgomery in the Rain",Recommended,,,Documented,High
A2340,Waylon Jennings,Ladies Love Outlaws,1972,LP,RCA Victor,L5,V,V23 Outlaw country,,Outlaw,Texas and Oklahoma,"Nashville, TN",Nashville,Telecaster twang; pedal steel; baritone; road songs; drinking songs,Ladies Love Outlaws; Under Your Spell Again; Sure Didn't Take Him Long,Recommended,,,Documented,High
A2341,Billy Joe Shaver,Old Five and Dimers Like Me,1973,LP,Monument Records,L5,V,V23 Outlaw country,,Outlaw,Texas and Oklahoma,"Nashville, TN",,Telecaster twang; drawl; storytelling; small-town; drinking songs,Old Five and Dimers Like Me; Willy the Wandering Gypsy and Me; I Been to Georgia on a Fast Train,Essential,,,Both,High
A2342,Bobby Bare,"Bobby Bare Sings Lullabys, Legends and Lies",1973,LP,RCA Victor,L5,V,V23 Outlaw country,,Country folk,The South,"Nashville, TN",,storytelling; funny-sad; drawl; small-town; Southern gothic,Marie Laveau; Daddy What If; The Winner,Essential,,,Documented,High
A2343,Lee Clayton,Lee Clayton,1973,LP,MCA Records,L5,V,V23 Outlaw country,,Outlaw,The South,"Nashville, TN",,Telecaster twang; baritone; drawl; road songs; storytelling,Ladies Love Outlaws,Recommended,,,Documented,High
A2344,Waylon Jennings,Honky Tonk Heroes,1973,LP,RCA Victor,L5,V,V23 Outlaw country,V19,Outlaw,Texas and Oklahoma,"Nashville, TN",Nashville,Telecaster twang; baritone; drawl; storytelling; drinking songs; road songs,Honky Tonk Heroes; Old Five and Dimers Like Me; You Ask Me To,Essential,Y,,Both,High
A2345,Waylon Jennings,"Lonesome, On'ry and Mean",1973,LP,RCA Victor,L5,V,V23 Outlaw country,,Outlaw,Texas and Oklahoma,"Nashville, TN",Nashville,Telecaster twang; baritone; drawl; road songs; storytelling,"Lonesome, On'ry and Mean; Me and Bobby McGee; Good Time Charlie's Got the Blues",Essential,,,Documented,High
A2346,Willie Nelson,Shotgun Willie,1973,LP,Atlantic Records,L5,V,V23 Outlaw country,,Outlaw,Texas and Oklahoma,"Austin, TX",Austin,Telecaster twang; harmonica; drawl; road songs; breezy,Whiskey River; Shotgun Willie; Sad Songs and Waltzes,Essential,,,Documented,High
A2347,David Allan Coe,The Mysterious Rhinestone Cowboy,1974,LP,Columbia Records,L5,V,V23 Outlaw country,,Outlaw,The South,"Nashville, TN",,Telecaster twang; baritone; storytelling; small-town; road songs,Desperados Waiting for a Train; Crazy Mary; 33rd of August,Essential,,,Documented,High
A2348,Kris Kristofferson,Spooky Lady's Sideshow,1974,LP,Monument Records,L5,V,V23 Outlaw country,,Country folk,The South,"Nashville, TN",,fingerpicked acoustic; baritone; bleak; storytelling; drinking songs,Rescue Mission; Star-Spangled Bummer (Whores Die Hard); Broken Freedom Song,Deep cut,,,Inferred,High
A2349,Tompall Glaser,Tompall (Sings the Songs of Shel Silverstein),1974,LP,MGM Records,L5,V,V23 Outlaw country,,Outlaw,The South,"Nashville, TN",Nashville,Telecaster twang; baritone; drawl; funny-sad; storytelling,Put Another Log on the Fire; Mendocino; Country Gospel Good Book Rock & Roll,Recommended,,,Documented,High
A2350,Waylon Jennings,This Time,1974,LP,RCA Victor,L5,V,V23 Outlaw country,,Outlaw,Texas and Oklahoma,"Nashville, TN",Nashville,Telecaster twang; baritone; drawl; heartbreak; road songs,This Time; It's Not Supposed to Be That Way; Slow Rollin' Low,Recommended,,,Documented,High
A2351,Willie Nelson,Phases and Stages,1974,LP,Atlantic Records,L5,V,V23 Outlaw country,,Outlaw,Texas and Oklahoma,"Austin, TX",Austin,piano; storytelling; heartbreak; drawl; road songs,Bloody Mary Morning; Pretend I Never Happened; (How Will I Know) I'm Falling in Love Again,Essential,,,Documented,High
A2352,Bobby Bare,Cowboys and Daddys,1975,LP,RCA Victor,L5,V,V23 Outlaw country,,Country folk,The South,"Nashville, TN",,storytelling; drawl; road songs; small-town; political,Up Against the Wall Redneck Mother; The Cowboy and the Poet (Faster Horses); Amarillo Highway,Recommended,,,Documented,High
A2353,Bobby Bare,Hard Time Hungrys,1975,LP,RCA Victor,L5,V,V23 Outlaw country,,Country folk,The South,"Nashville, TN",,storytelling; political; drawl; funny-sad; small-town,"Hard Time Hungrys; The Unemployment Line; $100,000 in Pennies",Deep cut,,,Both,High
A2354,David Allan Coe,Once Upon a Rhyme,1975,LP,Columbia Records,L5,V,V23 Outlaw country,,Outlaw,The South,"Nashville, TN",,Telecaster twang; baritone; storytelling; heartbreak; road songs,You Never Even Called Me by My Name; Would You Lay with Me (In a Field of Stone); Jody Like a Melody,Recommended,,,Documented,High
A2355,Hank Williams Jr.,Hank Williams Jr. and Friends,1975,LP,MGM Records,L5,V,V23 Outlaw country,V28,Southern rock,The South,"Nashville, TN",,Telecaster twang; harmonized guitars; baritone; Southern gothic; road songs,Stoned at the Jukebox; Can't You See; Montana Song,Essential,,,Documented,High
A2356,Jessi Colter,I'm Jessi Colter,1975,LP,Capitol Records,L5,V,V23 Outlaw country,,Outlaw,The South,"Nashville, TN",Nashville,piano; hushed; drawl; heartbreak; cosmic,I'm Not Lisa; What's Happened to Blue Eyes,Essential,,,Documented,High
A2357,Waylon Jennings,Dreaming My Dreams,1975,LP,RCA Victor,L5,V,V23 Outlaw country,,Outlaw,Texas and Oklahoma,"Nashville, TN",Nashville,Telecaster twang; baritone; drawl; heartbreak; storytelling,Dreaming My Dreams with You; Waymore's Blues; Are You Sure Hank Done It This Way,Essential,,,Documented,High
A2358,Willie Nelson,Red Headed Stranger,1975,LP,Columbia Records,L5,V,V23 Outlaw country,,Outlaw,Texas and Oklahoma,"Austin, TX",Austin,piano; fingerpicked acoustic; storytelling; drawl; bleak; hushed,Blue Eyes Crying in the Rain; Time of the Preacher; Red Headed Stranger,Essential,Y,,Documented,High
A2359,Billy Joe Shaver,When I Get My Wings,1976,LP,Capricorn Records,L5,V,V23 Outlaw country,,Outlaw,Texas and Oklahoma,"Nashville, TN",,Telecaster twang; drawl; storytelling; drinking songs; road songs,When I Get My Wings; Ride Me Down Easy; Ain't No God in Mexico,Recommended,,,Documented,High
A2360,David Allan Coe,Longhaired Redneck,1976,LP,Columbia Records,L5,V,V23 Outlaw country,,Outlaw,The South,"Nashville, TN",,Telecaster twang; baritone; drawl; rowdy; small-town,Longhaired Redneck; Revenge; Rock and Roll Holiday,Essential,,,Documented,High
A2361,Jessi Colter,Diamond in the Rough,1976,LP,Capitol Records,L5,V,V23 Outlaw country,,Outlaw,The South,"Nashville, TN",Nashville,piano; hushed; heartbreak; drawl; breezy,Diamond in the Rough; You Hung the Moon (Didn't You Waylon); Get Back,Deep cut,,,Documented,High
A2362,Johnny Paycheck,11 Months and 29 Days,1976,LP,Epic Records,L5,V,V23 Outlaw country,V26,Outlaw,The South,"Nashville, TN",,Telecaster twang; baritone; drawl; drinking songs; road songs,11 Months and 29 Days; I've Seen Better Days; That's What the Outlaws in Texas Want to Hear,Recommended,,,Both,High
A2363,Tompall Glaser,The Great Tompall and His Outlaw Band,1976,LP,MGM Records,L5,V,V23 Outlaw country,,Outlaw,The South,"Nashville, TN",Nashville,Telecaster twang; baritone; drawl; storytelling; drinking songs,The Wild Side of Life; Good Hearted Woman; Broken Down Momma,Recommended,,,Documented,High
A2364,Waylon Jennings,Are You Ready for the Country,1976,LP,RCA Victor,L5,V,V23 Outlaw country,,Outlaw,Texas and Oklahoma,"Nashville, TN",Nashville,Telecaster twang; baritone; drawl; road songs; anthemic,Are You Ready for the Country; So Good Woman; Old Friend,Recommended,,,Documented,High
A2365,"Waylon Jennings, Willie Nelson, Jessi Colter and Tompall Glaser",Wanted! The Outlaws,1976,Compilation,RCA Victor,L5,V,V23 Outlaw country,V26,Outlaw,The South,"Nashville, TN",Nashville,Telecaster twang; baritone; drawl; duets; road songs,Good Hearted Woman; Suspicious Minds; My Heroes Have Always Been Cowboys,Essential,,,Documented,High
A2366,Willie Nelson,The Sound in Your Mind,1976,LP,Columbia Records,L5,V,V23 Outlaw country,,Outlaw,Texas and Oklahoma,"Austin, TX",Austin,piano; storytelling; drawl; spiritual or gospel; breezy,The Sound in Your Mind; If You've Got the Money (I've Got the Time); That Lucky Old Sun (Just Rolls Around Heaven All Day),Recommended,,,Documented,High
A2367,Willie Nelson,The Troublemaker,1976,LP,Columbia Records,L5,V,V23 Outlaw country,,Country folk,Texas and Oklahoma,"Austin, TX",Austin,piano; spiritual or gospel; storytelling; drawl; hushed,The Troublemaker; Uncloudy Day; Will the Circle Be Unbroken,Recommended,,,Documented,High
A2368,Billy Joe Shaver,Gypsy Boy,1977,LP,Capricorn Records,L5,V,V23 Outlaw country,,Outlaw,Texas and Oklahoma,"Nashville, TN",,Telecaster twang; drawl; storytelling; small-town; road songs,Gypsy Boy; Honky Tonk Heroes; Chicken on the Ground,Deep cut,,,Documented,High
A2369,David Allan Coe,Rides Again,1977,LP,Columbia Records,L5,V,V23 Outlaw country,,Outlaw,The South,"Nashville, TN",,Telecaster twang; baritone; drawl; funny-sad; small-town,"Willie, Waylon and Me; The Punkin Center Barn Dance; If That Ain't Country",Recommended,,,Documented,High
A2370,David Allan Coe,Tattoo,1977,LP,Columbia Records,L5,V,V23 Outlaw country,,Outlaw,The South,"Nashville, TN",,Telecaster twang; baritone; drawl; heartbreak; storytelling,San Francisco Mabel Joy; Play Me a Sad Song; Just to Prove My Love for You,Deep cut,,,Documented,High
A2371,Jessi Colter,Mirriam,1977,LP,Capitol Records,L5,V,V23 Outlaw country,,Outlaw,The South,"Nashville, TN",Nashville,piano; spiritual or gospel; hushed; drawl; heartbreak,I Belong to Him; New Wine; For Mama,Deep cut,,,Both,High
A2372,Johnny Paycheck,Take This Job and Shove It,1977,LP,Epic Records,L5,V,V23 Outlaw country,V26,Outlaw,The South,"Nashville, TN",,Telecaster twang; baritone; drawl; drinking songs; anthemic,Take This Job and Shove It; Colorado Kool-Aid; The Man From Bowling Green,Essential,,,Documented,High
A2373,Waylon Jennings,Ol' Waylon,1977,LP,RCA Victor,L5,V,V23 Outlaw country,,Outlaw,Texas and Oklahoma,"Nashville, TN",Nashville,Telecaster twang; baritone; drawl; road songs; anthemic,"Luckenbach, Texas (Back to the Basics of Love); Lucille; I Think I'm Gonna Kill Myself",Essential,,,Documented,High
A2374,Willie Nelson,To Lefty from Willie,1977,LP,Columbia Records,L5,V,V23 Outlaw country,V26,Classic country,Texas and Oklahoma,"Austin, TX",,piano; drawl; storytelling; heartbreak; breezy,Railroad Lady; Mom and Dad's Waltz; I Never Go Around Mirrors,Deep cut,,,Documented,High
A2375,Lee Clayton,Border Affair,1978,LP,Capitol Records,L4,V,V23 Outlaw country,,Outlaw,The South,"Nashville, TN",,Telecaster twang; baritone; drawl; road songs; heartbreak,Silver Stallion; If You Can Touch Her At All; Border Affair,Recommended,,,Documented,High
A2376,Steve Young,No Place to Fall,1978,LP,RCA Records,L4,V,V23 Outlaw country,V24,Country folk,The South,"Nashville, TN",,fingerpicked acoustic; drawl; storytelling; heartbreak; bleak,"No Place to Fall; Seven Bridges Road; Don't Think Twice, It's All Right",Recommended,,,Documented,High
A2377,Waylon Jennings,I've Always Been Crazy,1978,LP,RCA Victor,L4,V,V23 Outlaw country,,Outlaw,Texas and Oklahoma,"Nashville, TN",Nashville,Telecaster twang; baritone; drawl; political; drinking songs,I've Always Been Crazy; Don't You Think This Outlaw Bit's Done Got Out of Hand; I Walk the Line,Recommended,,,Documented,High
A2378,Waylon Jennings and Willie Nelson,Waylon & Willie,1978,Collab,RCA Victor,L4,V,V23 Outlaw country,,Outlaw,Texas and Oklahoma,"Nashville, TN",Nashville,Telecaster twang; duets; baritone; road songs; anthemic,Mammas Don't Let Your Babies Grow Up to Be Cowboys; I Can Get Off on You; The Wurlitzer Prize (I Don't Want to Get Over You),Essential,,,Documented,High
A2379,Willie Nelson,Stardust,1978,LP,Columbia Records,L4,V,V23 Outlaw country,,Outlaw,Texas and Oklahoma,"Austin, TX",Austin,piano; strings; drawl; breezy; hushed,Georgia on My Mind; Stardust; Blue Skies,Essential,,,Documented,High
A2380,Hank Williams Jr.,Whiskey Bent and Hell Bound,1979,LP,Elektra/Curb,L4,V,V23 Outlaw country,V28,Southern rock,The South,"Nashville, TN",,Telecaster twang; harmonized guitars; baritone; drinking songs; rowdy,Whiskey Bent and Hell Bound; Outlaw Women; O.D.'d in Denver,Recommended,,,Documented,High
A2381,Lee Clayton,Naked Child,1979,LP,Capitol Records,L4,V,V23 Outlaw country,,Outlaw,The South,"Nashville, TN",,Telecaster twang; baritone; drawl; road songs; political,I Ride Alone; Saturday Night Special; Wind and Rain,Recommended,,,Documented,High
A2382,Johnny Paycheck,Mr. Hag Told My Story,1981,LP,Epic Records,L4,V,V23 Outlaw country,V26,Honky-tonk,The South,"Nashville, TN",,Telecaster twang; baritone; drawl; drinking songs; storytelling,Turnin' Off a Memory; Carolyn; I Can't Hold Myself in Line,Recommended,,,Documented,High
A2383,Jerry Jeff Walker,Mr. Bojangles,1968,LP,Atco,L5,V,V24 Texas songwriters and progressive country,,Country folk,Texas and Oklahoma,"Austin, TX",,fingerpicked acoustic; storytelling; drawl; road songs; drinking songs,Mr. Bojangles; My Old Man; Gypsy Songman,Essential,,,Documented,High
A2384,Townes Van Zandt,For the Sake of the Song,1968,LP,Poppy,L5,V,V24 Texas songwriters and progressive country,,Country folk,Texas and Oklahoma,"Houston, TX",Houston folk clubs,fingerpicked acoustic; baritone; bleak; storytelling; heartbreak,Waiting Around to Die; For the Sake of the Song; Tecumseh Valley,Essential,,Y,Both,High
A2385,Sir Douglas Quintet,Mendocino,1969,LP,Smash,L5,V,V24 Texas songwriters and progressive country,,Country rock,Texas and Oklahoma,"San Antonio, TX",,Telecaster twang; horns; drawl; breezy; storytelling,Mendocino; Texas Me; She's About a Mover,Recommended,,,Both,High
A2386,Townes Van Zandt,Our Mother the Mountain,1969,LP,Poppy,L5,V,V24 Texas songwriters and progressive country,,Country folk,Texas and Oklahoma,"Houston, TX",Houston folk clubs,fingerpicked acoustic; baritone; storytelling; bleak; drawl,Kathleen; Tecumseh Valley; St. John the Gambler,Essential,,Y,Inferred,High
A2387,Townes Van Zandt,Townes Van Zandt,1969,LP,Poppy,L5,V,V24 Texas songwriters and progressive country,,Country folk,Texas and Oklahoma,"Houston, TX",Houston folk clubs,fingerpicked acoustic; baritone; drawl; bleak; heartbreak; storytelling,Lungs; (Quicksilver Daydreams of) Maria; Waiting Around to Die,Essential,Y,Y,Both,High
A2388,Townes Van Zandt,Delta Momma Blues,1970,LP,Poppy,L5,V,V24 Texas songwriters and progressive country,,Country folk,Texas and Oklahoma,"Houston, TX",Houston folk clubs,fingerpicked acoustic; baritone; drinking songs; storytelling; hushed,Come Tomorrow; Where I Lead Me; Tower Song,Recommended,,Y,Inferred,High
A2389,Townes Van Zandt,"High, Low and In Between",1971,LP,Poppy,L5,V,V24 Texas songwriters and progressive country,,Country folk,Texas and Oklahoma,"Houston, TX",Houston folk clubs,fingerpicked acoustic; baritone; spiritual or gospel; storytelling; drawl,To Live Is to Fly; Two Hands; Highway Kind,Recommended,,Y,Both,High
A2390,Jerry Jeff Walker,Jerry Jeff Walker,1972,LP,MCA,L5,V,V24 Texas songwriters and progressive country,,Outlaw,Texas and Oklahoma,"Austin, TX",Austin,Telecaster twang; drawl; road songs; storytelling; rowdy,L.A. Freeway; Hill Country Rain; Charlie Dunn,Recommended,,,Both,High
A2391,Michael Martin Murphey,Geronimo's Cadillac,1972,LP,A&M,L5,V,V24 Texas songwriters and progressive country,,Country rock,Texas and Oklahoma,"Austin, TX",Austin,pedal steel; drawl; storytelling; political; breezy,Geronimo's Cadillac; Backslider's Wine; Boy from the Country,Essential,,,Documented,High
A2392,Townes Van Zandt,The Late Great Townes Van Zandt,1972,LP,Poppy,L5,V,V24 Texas songwriters and progressive country,,Country folk,Texas and Oklahoma,"Houston, TX",Houston folk clubs,fingerpicked acoustic; baritone; funny-sad; storytelling; drawl,Pancho and Lefty; If I Needed You; Fraulein,Essential,,Y,Documented,High
A2393,Willis Alan Ramsey,Willis Alan Ramsey,1972,LP,Shelter,L5,V,V24 Texas songwriters and progressive country,,Country folk,Texas and Oklahoma,"Austin, TX",Austin,fingerpicked acoustic; drawl; storytelling; funny-sad; breezy,Ballad of Spider John; Muskrat Candlelight; Northeast Texas Women,Essential,,,Documented,High
A2394,B.W. Stevenson,My Maria,1973,LP,RCA Victor,L5,V,V24 Texas songwriters and progressive country,,Country rock,Texas and Oklahoma,"Dallas, TX",Austin,strings; drawl; breezy; heartbreak; storytelling,My Maria; Shambala; Sunset Woman,Recommended,,,Inferred,High
A2395,Doug Sahm,Doug Sahm and Band,1973,LP,Atlantic,L5,V,V24 Texas songwriters and progressive country,,Country rock,Texas and Oklahoma,"San Antonio, TX",,pedal steel; horns; drawl; road songs; breezy,(Is Anybody Going to) San Antone; Faded Love; Me and Paul,Essential,,,Documented,High
A2396,Doug Sahm,Texas Tornado,1973,LP,Atlantic,L5,V,V24 Texas songwriters and progressive country,,Country rock,Texas and Oklahoma,"San Antonio, TX",,pedal steel; horns; drawl; road songs; breezy,Texas Tornado; Blue Horizon; Chicano,Recommended,,,Inferred,High
A2397,Jerry Jeff Walker,¡Viva Terlingua!,1973,Live,MCA,L5,V,V24 Texas songwriters and progressive country,,Outlaw,Texas and Oklahoma,"Austin, TX",Austin,Telecaster twang; drawl; rowdy; road songs; drinking songs,"Up Against the Wall, Redneck Mother; London Homesick Blues; Desperados Waiting for a Train",Essential,,,Both,High
A2398,Kinky Friedman,Sold American,1973,LP,Vanguard,L5,V,V24 Texas songwriters and progressive country,,Outlaw,Texas and Oklahoma,Texas Hill Country,,Telecaster twang; drawl; funny-sad; political; storytelling,Sold American; Ride 'Em Jewboy; The Ballad of Charles Whitman,Essential,,,Inferred,High
A2399,Michael Martin Murphey,Cosmic Cowboy Souvenir,1973,LP,A&M,L5,V,V24 Texas songwriters and progressive country,,Country rock,Texas and Oklahoma,"Austin, TX",Austin,pedal steel; drawl; storytelling; breezy; road songs,"Cosmic Cowboy, Pt. 1; Alleys of Austin; South Canadian River Song",Recommended,,,Documented,High
A2400,Kinky Friedman,Kinky Friedman,1974,LP,ABC Records,L5,V,V24 Texas songwriters and progressive country,,Outlaw,Texas and Oklahoma,Texas Hill Country,,Telecaster twang; drawl; funny-sad; storytelling; political,Lady Day; Ride 'Em Jewboy; Get Your Biscuits in the Oven and Your Buns in the Bed,Deep cut,,,Inferred,High
A2401,Guy Clark,Old No. 1,1975,LP,RCA Victor,L5,V,V24 Texas songwriters and progressive country,,Country folk,Texas and Oklahoma,"Houston, TX",Houston folk clubs,fingerpicked acoustic; storytelling; drawl; small-town; heartbreak,L.A. Freeway; Desperados Waiting for a Train; She Ain't Goin' Nowhere,Essential,Y,,Both,High
A2402,Ray Wylie Hubbard,Ray Wylie Hubbard and the Cowboy Twinkies,1975,LP,Reprise,L5,V,V24 Texas songwriters and progressive country,,Outlaw,Texas and Oklahoma,"Dallas, TX",Austin,Telecaster twang; drawl; rowdy; road songs; storytelling,West Texas Country Western Dance Band; $60 Ford; Portales,Recommended,,,Documented,High
A2403,Rusty Wier,Don't It Make You Wanna Dance?,1975,LP,20th Century Records,L5,V,V24 Texas songwriters and progressive country,,Country rock,Texas and Oklahoma,"Austin, TX",Austin,Telecaster twang; rowdy; road songs; drawl; breezy,Don't It Make You Wanna Dance?; Sally Mae; Tulsa Turnaround,Recommended,,,Inferred,High
A2404,Terry Allen,Juarez,1975,LP,Fate,L5,V,V24 Texas songwriters and progressive country,,Country folk,Texas and Oklahoma,"Lubbock, TX",Lubbock,piano; baritone; storytelling; Southern gothic; bleak,Cortez Sail; Border Palace; Dogwood,Essential,,,Both,High
A2405,Guy Clark,Texas Cookin',1976,LP,RCA Victor,L5,V,V24 Texas songwriters and progressive country,,Country folk,Texas and Oklahoma,"Houston, TX",,fingerpicked acoustic; storytelling; drawl; small-town; road songs,Texas Cookin'; The Ballad of Laverne and Captain Flint; Broken Hearted People,Recommended,,,Inferred,High
A2406,Steve Fromholz,A Rumor in My Own Time,1976,LP,Capitol,L5,V,V24 Texas songwriters and progressive country,,Country folk,Texas and Oklahoma,"Austin, TX",Austin,fingerpicked acoustic; drawl; storytelling; funny-sad; breezy,Hobo Bob; Ain't It Nice to Be Alone; Bears,Recommended,,,Both,High
A2407,Joe Ely,Joe Ely,1977,LP,MCA,L5,V,V24 Texas songwriters and progressive country,,Country rock,Texas and Oklahoma,"Lubbock, TX",Lubbock,Telecaster twang; drawl; road songs; storytelling; rowdy,She Never Spoke Spanish to Me; Gambler's Bride; I Had My Hopes Up High,Essential,,,Both,High
A2408,Townes Van Zandt,"Live at the Old Quarter, Houston, Texas",1977,Live,Tomato,L5,V,V24 Texas songwriters and progressive country,,Country folk,Texas and Oklahoma,"Houston, TX",Houston folk clubs,fingerpicked acoustic; baritone; live in the room; storytelling; drawl,Pancho and Lefty; If I Needed You; Waitin' Around to Die,Essential,,Y,Inferred,High
A2409,Butch Hancock,West Texas Waltzes & Dust-Blown Tractor Tunes,1978,LP,Rainlight,L4,V,V24 Texas songwriters and progressive country,,Country folk,Texas and Oklahoma,"Lubbock, TX",Lubbock,fingerpicked acoustic; drawl; storytelling; small-town; lo-fi,West Texas Waltz; You've Never Seen Me Cry; Dry Land Farm,Essential,,,Documented,High
A2410,Guy Clark,Guy Clark,1978,LP,Warner Bros.,L4,V,V24 Texas songwriters and progressive country,,Country folk,Texas and Oklahoma,"Houston, TX",,fingerpicked acoustic; storytelling; drawl; small-town; heartbreak,Fools for Each Other; Fool on the Roof; Houston Kid,Recommended,,,Inferred,High
A2411,Joe Ely,Honky Tonk Masquerade,1978,LP,MCA,L4,V,V24 Texas songwriters and progressive country,,Country rock,Texas and Oklahoma,"Lubbock, TX",Lubbock,Telecaster twang; drawl; road songs; rowdy; storytelling,Honky Tonk Masquerade; Boxcars; West Texas Waltz,Essential,,,Both,High
A2412,Nanci Griffith,There's a Light Beyond These Woods,1978,LP,B.F. Deal Records,L4,V,V24 Texas songwriters and progressive country,V13,Country folk,Texas and Oklahoma,"Austin, TX",Austin,fingerpicked acoustic; hushed; storytelling; small-town; close harmonies,There's a Light Beyond These Woods; Alabama Soft Spoken Blues; Michael's Song,Recommended,,,Inferred,High
A2413,Ray Wylie Hubbard,Off the Wall,1978,LP,Lone Star Records,L4,V,V24 Texas songwriters and progressive country,,Outlaw,Texas and Oklahoma,"Austin, TX",Austin,Telecaster twang; drawl; rowdy; drinking songs; storytelling,Redneck Mother; Mexico Bar; Prairie Madness,Recommended,,,Documented,High
A2414,Townes Van Zandt,Flyin' Shoes,1978,LP,Tomato,L4,V,V24 Texas songwriters and progressive country,,Country folk,Texas and Oklahoma,"Houston, TX",Houston folk clubs,fingerpicked acoustic; baritone; heartbreak; storytelling; hushed,Flyin' Shoes; No Place to Fall; Rex's Blues,Recommended,,Y,Documented,High
A2415,Joe Ely,Down on the Drag,1979,LP,MCA,L4,V,V24 Texas songwriters and progressive country,,Country rock,Texas and Oklahoma,"Lubbock, TX",,Telecaster twang; drawl; road songs; storytelling; bleak,Down on the Drag; Fools Fall in Love; BBQ and Foam,Recommended,,,Both,High
A2416,Terry Allen,Lubbock (on everything),1979,LP,Fate,L4,V,V24 Texas songwriters and progressive country,,Country rock,Texas and Oklahoma,"Lubbock, TX",Lubbock,piano; baritone; storytelling; funny-sad; small-town,Amarillo Highway; The Wolfman of Del Rio; High Plains Jamboree,Essential,,,Both,High
A2417,Butch Hancock,Diamond Hill,1980,LP,Rainlight,L4,V,V24 Texas songwriters and progressive country,,Country folk,Texas and Oklahoma,"Lubbock, TX",,fingerpicked acoustic; drawl; storytelling; small-town; bleak,Diamond Hill; Neon Wind; Golden Hearted Ways,Deep cut,,,Inferred,High
A2418,Joe Ely,Live Shots,1980,Live,MCA,L4,V,V24 Texas songwriters and progressive country,,Country rock,Texas and Oklahoma,"Lubbock, TX",,Telecaster twang; rowdy; live in the room; road songs; drawl,Fingernails; Honky Tonk Masquerade; Honky Tonkin',Recommended,,,Documented,High
A2419,Robert Earl Keen,No Kinda Dancer,1984,LP,Workshop Records,L4,V,V24 Texas songwriters and progressive country,,Country folk,Texas and Oklahoma,"Houston, TX",,fingerpicked acoustic; storytelling; drawl; small-town; heartbreak,No Kinda Dancer; The Front Porch Song; Swervin' In My Lane,Essential,,,Documented,High
A2420,Townes Van Zandt,At My Window,1987,LP,Sugar Hill,L3,V,V24 Texas songwriters and progressive country,V13,Country folk,Texas and Oklahoma,"Houston, TX",,fingerpicked acoustic; baritone; hushed; storytelling; bleak,At My Window; Snowin' on Raton; For the Sake of the Song,Essential,,Y,Inferred,High
A2421,Jimmie Dale Gilmore,Fair & Square,1988,LP,HighTone,L3,V,V24 Texas songwriters and progressive country,V13,Honky-tonk,Texas and Oklahoma,"Lubbock, TX",,pedal steel; drawl; close harmonies; storytelling; hushed,White Freight Liner Blues; Honky Tonk Masquerade; Fair & Square,Essential,,,Documented,High
A2422,Blaze Foley,Live at the Austin Outhouse,1989,Live,Outhouse Records,L3,V,V24 Texas songwriters and progressive country,,Country folk,Texas and Oklahoma,"Austin, TX",Austin,fingerpicked acoustic; baritone; funny-sad; storytelling; lo-fi,Clay Pigeons; If I Could Only Fly; Election Day,Essential,,,Documented,High
A2423,Jimmie Dale Gilmore,Jimmie Dale Gilmore,1989,LP,HighTone,L3,V,V24 Texas songwriters and progressive country,,Honky-tonk,Texas and Oklahoma,"Lubbock, TX",,pedal steel; drawl; close harmonies; storytelling; spiritual or gospel,"Reunion; Just a Wave, Not the Water; Treat Me Like a Saturday Night",Recommended,,,Inferred,High
A2424,Robert Earl Keen,West Textures,1989,LP,Sugar Hill,L3,V,V24 Texas songwriters and progressive country,V13,Country folk,Texas and Oklahoma,"Houston, TX",,fingerpicked acoustic; storytelling; drawl; road songs; small-town,The Road Goes On Forever; Sonora's Death Row; Leavin' Tennessee,Essential,,,Both,High
A2425,The Flatlanders,More a Legend Than a Band,1990,Compilation,Rounder,L3,V,V24 Texas songwriters and progressive country,,Country folk,Texas and Oklahoma,"Lubbock, TX",Lubbock,fingerpicked acoustic; mandolin; close harmonies; storytelling; cosmic,Dallas; Jole Blon; Tonight I'm Gonna Go Downtown,Essential,,,Both,High
A2426,Guy Clark,Dublin Blues,1995,LP,Asylum,L3,V,V24 Texas songwriters and progressive country,V13,Country folk,Texas and Oklahoma,"Nashville, TN",,fingerpicked acoustic; storytelling; drawl; heartbreak; hushed,Dublin Blues; The Randall Knife; Stuff That Works,Essential,,,Inferred,High
A2427,Guy Clark,Cold Dog Soup,1999,LP,Sugar Hill,L2,V,V24 Texas songwriters and progressive country,V13,Country folk,Texas and Oklahoma,"Nashville, TN",,fingerpicked acoustic; storytelling; drawl; heartbreak; small-town,Fort Worth Blues; Sis Draper; Cold Dog Soup,Recommended,,,Documented,High
A2428,Blaze Foley,The Dawg Years,2010,Compilation,Fat Possum,L2,V,V24 Texas songwriters and progressive country,,Country folk,Texas and Oklahoma,"Austin, TX",Austin,fingerpicked acoustic; baritone; lo-fi; funny-sad; storytelling,Livin' in the Woods in a Tree; Election Day; Big Chief Hightower,Deep cut,,,Inferred,High
A2429,Lee Hazlewood,Trouble Is a Lonesome Town,1963,LP,Mercury,L6,V,V25 Country-folk storytellers,,Country folk,The West,"Los Angeles, CA",,storytelling; baritone; small-town; spiritual or gospel; drawl; bleak,Trouble Is a Lonesome Town; Six Feet of Chain; Son of a Gun,Recommended,,,Both,High
A2430,Fred Neil,Fred Neil,1966,LP,Capitol Records,L5,V,V25 Country-folk storytellers,,Folk rock,The Northeast,"New York, NY",Greenwich Village folk,storytelling; fingerpicked acoustic; baritone; hushed; spiritual or gospel; bleak,Everybody's Talkin'; The Dolphins; I've Got a Secret (Didn't We Shake Sugaree),Essential,,,Both,High
A2431,Tim Hardin,Tim Hardin 1,1966,LP,Verve Forecast,L5,V,V25 Country-folk storytellers,,Folk rock,The Northeast,"New York, NY",Greenwich Village folk,storytelling; hushed; heartbreak; fingerpicked acoustic; baritone; bleak,Reason to Believe; Misty Roses; Don't Make Promises,Essential,,,Both,High
A2432,Bobbie Gentry,Ode to Billie Joe,1967,LP,Capitol Records,L5,V,V25 Country-folk storytellers,,Country folk,The South,"Chickasaw County, MS",,storytelling; Southern gothic; small-town; strings; drawl; bleak,"Ode to Billie Joe; Mississippi Delta; Hurry, Tuesday Child",Essential,,,Both,High
A2433,Tim Hardin,Tim Hardin 2,1967,LP,Verve Forecast,L5,V,V25 Country-folk storytellers,,Folk rock,The Northeast,"New York, NY",Greenwich Village folk,storytelling; hushed; heartbreak; strings; baritone; bleak,If I Were a Carpenter; The Lady Came from Baltimore; Tribute to Hank Williams,Essential,,,Documented,High
A2434,Bobbie Gentry,The Delta Sweete,1968,LP,Capitol Records,L5,V,V25 Country-folk storytellers,,Country folk,The South,"Chickasaw County, MS",,storytelling; Southern gothic; small-town; horns; strings; spiritual or gospel,Okolona River Bottom Band; Reunion; Tobacco Road,Essential,,,Both,High
A2435,Fred Neil,Sessions,1968,LP,Capitol Records,L5,V,V25 Country-folk storytellers,,Folk rock,The Northeast,"New York, NY",Greenwich Village folk,storytelling; long solos; fingerpicked acoustic; baritone; hushed; breezy,Look Over Yonder; Roll On Rosie; Merry Go Round,Deep cut,,,Documented,High
A2436,Jim Ford,Harlan County,1969,LP,White Whale Records,L5,V,V25 Country-folk storytellers,,Country folk,The West,"Los Angeles, CA",,storytelling; horns; drawl; small-town; road songs; heartbreak,Harlan County; I Wanna Make Her Love Me; Workin' My Way to L.A.,Recommended,,,Documented,High
A2437,Karen Dalton,It's So Hard to Tell Who's Going to Love You the Best,1969,LP,Capitol Records,L5,V,V25 Country-folk storytellers,,Country folk,The Northeast,"New York, NY",Greenwich Village folk,storytelling; drawl; cracked or yelping; hushed; heartbreak; bleak,In the Evening (It's So Hard to Tell Who's Going to Love You the Best); Little Bit of Rain; It Hurts Me Too,Essential,,,Documented,High
A2438,Mickey Newbury,Looks Like Rain,1969,LP,Mercury,L5,V,V25 Country-folk storytellers,,Country folk,The South,"Nashville, TN",,storytelling; hushed; heartbreak; baritone; bleak; spiritual or gospel,She Even Woke Me Up to Say Goodbye; San Francisco Mabel Joy; 33rd of August,Recommended,,,Both,High
A2439,Shel Silverstein,Boy Named Sue (And His Other Country Songs),1969,LP,RCA Victor,L5,V,V25 Country-folk storytellers,,Classic country,Chicago and the Midwest,"Chicago, IL",,storytelling; funny-sad; pop-culture references; drawl; rowdy; small-town,Boy Named Sue; Dirty Ol' Me; Somebody Stole My Rig,Recommended,,,Documented,High
A2440,Tom T. Hall,Ballad of Forty Dollars and His Other Great Songs,1969,LP,Mercury,L5,V,V25 Country-folk storytellers,,Classic country,The South,"Nashville, TN",,storytelling; small-town; drawl; spiritual or gospel; funny-sad; road songs,Ballad of Forty Dollars; That's How I Got to Memphis; I Washed My Face in the Morning Dew,Recommended,,,Inferred,High
A2441,Tom T. Hall,Homecoming,1969,LP,Mercury,L5,V,V25 Country-folk storytellers,,Country folk,The South,"Nashville, TN",,storytelling; small-town; drawl; spiritual or gospel; road songs; funny-sad,Homecoming; A Week in a Country Jail; Shoeshine Man,Recommended,,,Inferred,High
A2442,Bobbie Gentry,Fancy,1970,LP,Capitol Records,L5,V,V25 Country-folk storytellers,,Country folk,The South,"Chickasaw County, MS",,storytelling; Southern gothic; strings; horns; drawl; political,Fancy; Delta Man; Something in the Way He Moves,Essential,,,Both,High
A2443,Jesse Winchester,Jesse Winchester,1970,LP,Ampex Records,L5,V,V25 Country-folk storytellers,,Country folk,"The UK, Ireland and Canada","Montreal, Quebec, Canada",,storytelling; hushed; heartbreak; small-town; fingerpicked acoustic; spiritual or gospel,The Brand New Tennessee Waltz; Yankee Lady; Payday,Essential,,,Documented,High
A2444,Lee Hazlewood,Cowboy in Sweden,1970,LP,LHI Records,L5,V,V25 Country-folk storytellers,,Cosmic country,The West,"Los Angeles, CA",,storytelling; baritone; cosmic; strings; drawl; bleak,No Train to Stockholm; Leather and Lace; Hey Cowboy,Essential,,,Both,High
A2445,Loudon Wainwright III,Loudon Wainwright III,1970,LP,Atlantic,L5,V,V25 Country-folk storytellers,,Country folk,The Northeast,"New York, NY",,storytelling; funny-sad; fingerpicked acoustic; deadpan; heartbreak; hushed,School Days; Glad to See You've Got Religion; Central Square Song,Recommended,,,Inferred,High
A2446,Bobbie Gentry,Patchwork,1971,LP,Capitol Records,L5,V,V25 Country-folk storytellers,,Country folk,The South,"Chickasaw County, MS",,storytelling; small-town; strings; horns; drawl; heartbreak,Marigolds and Tangerines; Beverly; But I Can't Get Back,Recommended,,,Inferred,High
A2447,John Prine,John Prine,1971,LP,Atlantic,L5,V,V25 Country-folk storytellers,,Country folk,Chicago and the Midwest,"Maywood, IL",Chicago folk revival,fingerpicked acoustic; deadpan; storytelling; small-town; funny-sad; heartbreak,Sam Stone; Angel from Montgomery; Paradise,Essential,Y,Y,Both,High
A2448,Karen Dalton,In My Own Time,1971,LP,Just Sunshine Records,L5,V,V25 Country-folk storytellers,,Country folk,The Northeast,"New York, NY",Greenwich Village folk,storytelling; drawl; cracked or yelping; hushed; heartbreak; spiritual or gospel,Katie Cruel; In My Own Dream; How Sweet It Is (To Be Loved by You),Essential,,,Inferred,High
A2449,Lee Hazlewood,Requiem for an Almost Lady,1971,LP,Viking Records,L5,V,V25 Country-folk storytellers,,Country folk,The West,"Los Angeles, CA",,storytelling; baritone; bleak; heartbreak; drawl; strings,If It's Monday Morning; L.A. Lady; Won't You Tell Your Dreams,Recommended,,,Inferred,High
A2450,Loudon Wainwright III,Album II,1971,LP,Atlantic,L5,V,V25 Country-folk storytellers,,Country folk,The Northeast,"New York, NY",,storytelling; funny-sad; deadpan; heartbreak; fingerpicked acoustic; road songs,Motel Blues; Nice Jewish Girls; Saw Your Name in the Paper,Recommended,,,Inferred,High
A2451,Mickey Newbury,'Frisco Mabel Joy,1971,LP,Elektra,L5,V,V25 Country-folk storytellers,,Country folk,The South,"Nashville, TN",,storytelling; hushed; spiritual or gospel; baritone; heartbreak; political,An American Trilogy; How I Love Them Old Songs; The Future's Not What It Used to Be,Essential,,,Both,High
A2452,Steve Goodman,Steve Goodman,1971,LP,Buddah Records,L5,V,V25 Country-folk storytellers,,Country folk,Chicago and the Midwest,"Chicago, IL",Chicago folk revival,storytelling; small-town; funny-sad; fingerpicked acoustic; road songs; drawl,City of New Orleans; You Never Even Call Me by My Name; Donald and Lydia,Essential,,,Documented,High
A2453,Tom T. Hall,In Search of a Song,1971,LP,Mercury,L5,V,V25 Country-folk storytellers,,Country folk,The South,"Nashville, TN",,storytelling; small-town; drawl; fingerpicked acoustic; spiritual or gospel; political,The Year That Clayton Delaney Died; Trip to Hyden; Who's Gonna Feed Them Hogs,Essential,Y,,Inferred,High
A2454,Eric Andersen,Blue River,1972,LP,Columbia,L5,V,V25 Country-folk storytellers,,Folk rock,The Northeast,"New York, NY",Greenwich Village folk,storytelling; hushed; heartbreak; strings; breezy; close harmonies,Blue River; Is It Really Love at All; Round the Bend,Essential,,,Inferred,High
A2455,Jesse Winchester,"Third Down, 110 to Go",1972,LP,Bearsville,L5,V,V25 Country-folk storytellers,,Country folk,"The UK, Ireland and Canada","Montreal, Quebec, Canada",,storytelling; hushed; heartbreak; small-town; fingerpicked acoustic; breezy,North Star; Midnight Bus; Lullaby for the First Born,Recommended,,,Documented,High
A2456,John Prine,Diamonds in the Rough,1972,LP,Atlantic,L5,V,V25 Country-folk storytellers,,Country folk,Chicago and the Midwest,"Maywood, IL",Chicago folk revival,fingerpicked acoustic; banjo; storytelling; drawl; funny-sad; small-town,Souvenirs; The Great Compromise; Everybody,Recommended,,Y,Documented,High
A2457,Lee Hazlewood,13,1972,LP,Viking Records,L5,V,V25 Country-folk storytellers,,Cosmic country,The West,"Los Angeles, CA",,storytelling; horns; baritone; cosmic; drawl; bleak,You Look Like a Lady; Tulsa Sunday; I Move Around,Deep cut,,,Inferred,High
A2458,Loudon Wainwright III,Album III,1972,LP,Columbia,L5,V,V25 Country-folk storytellers,,Country folk,The Northeast,"New York, NY",,storytelling; funny-sad; rowdy; deadpan; road songs; heartbreak,Dead Skunk; Red Guitar; Smokey Joe's Cafe,Recommended,,,Inferred,High
A2459,Shel Silverstein,Freakin' at the Freakers Ball,1972,LP,Columbia,L5,V,V25 Country-folk storytellers,,Country folk,Chicago and the Midwest,"Chicago, IL",,storytelling; funny-sad; pop-culture references; rowdy; political; drawl,Freakin' at the Freakers Ball; I Got Stoned and I Missed It; Sarah Cynthia Sylvia Stout Would Not Take the Garbage Out,Recommended,,,Both,Medium
A2460,Steve Goodman,Somebody Else's Troubles,1972,LP,Buddah Records,L5,V,V25 Country-folk storytellers,,Country folk,Chicago and the Midwest,"Chicago, IL",Chicago folk revival,storytelling; funny-sad; political; small-town; fingerpicked acoustic; bleak,The Dutchman; The Ballad of Penny Evans; Somebody Else's Troubles,Recommended,,,Documented,High
A2461,Tom T. Hall,The Storyteller,1972,LP,Mercury,L5,V,V25 Country-folk storytellers,,Country folk,The South,"Nashville, TN",,storytelling; small-town; drawl; funny-sad; spiritual or gospel; fingerpicked acoustic,"(Old Dogs, Children and) Watermelon Wine; More About John Henry; Windy City Anne",Essential,,,Both,High
A2462,Tom T. Hall,We All Got Together and...,1972,LP,Mercury,L5,V,V25 Country-folk storytellers,,Country folk,The South,"Nashville, TN",,storytelling; funny-sad; small-town; political; drawl; spiritual or gospel,Me and Jesus; The Monkey That Became President; Souvenirs,Recommended,,,Inferred,High
A2463,John Prine,Sweet Revenge,1973,LP,Atlantic,L5,V,V25 Country-folk storytellers,,Country folk,Chicago and the Midwest,"Maywood, IL",Chicago folk revival,storytelling; drawl; funny-sad; drinking songs; heartbreak; road songs,Christmas in Prison; Please Don't Bury Me; Dear Abby,Essential,,Y,Inferred,High
A2464,Loudon Wainwright III,Attempted Mustache,1973,LP,Columbia,L5,V,V25 Country-folk storytellers,,Country folk,The Northeast,"New York, NY",,storytelling; funny-sad; deadpan; heartbreak; road songs; spiritual or gospel,The Swimming Song; The Man Who Couldn't Cry; I Am the Way (New York Town),Essential,,,Documented,High
A2465,Mickey Newbury,Heaven Help the Child,1973,LP,Elektra,L5,V,V25 Country-folk storytellers,,Country folk,The South,"Nashville, TN",,storytelling; hushed; spiritual or gospel; baritone; bleak; heartbreak,Heaven Help the Child; Cortelia Clark; Why You Been Gone So Long,Recommended,,,Both,High
A2466,Tom T. Hall,Songs of Fox Hollow (For Children of All Ages),1974,LP,Mercury,L5,V,V25 Country-folk storytellers,,Country folk,The South,"Franklin, TN",,storytelling; small-town; spiritual or gospel; fingerpicked acoustic; funny-sad; lullaby,Sneaky Snake; I Care; The Mysterious Fox of the Hollow,Deep cut,,,Inferred,High
A2467,John Prine,Common Sense,1975,LP,Atlantic,L5,V,V25 Country-folk storytellers,,Country rock,Chicago and the Midwest,"Maywood, IL",Chicago folk revival,storytelling; political; heartbreak; horns; funny-sad; drawl,Common Sense; Come Back to Us Barbara Lewis Hare Krishna Beauregard; Saddle in the Rain,Recommended,,Y,Documented,High
A2468,Steve Goodman,Jessie's Jig & Other Favorites,1975,LP,Asylum Records,L5,V,V25 Country-folk storytellers,,Country folk,Chicago and the Midwest,"Chicago, IL",Chicago folk revival,storytelling; funny-sad; fiddle; mandolin; road songs; drawl,"Jessie's Jig (Rob's Romp, Beth's Bounce); Blue Umbrella; Door Number Three",Recommended,,,Documented,High
A2469,Jesse Winchester,Nothing but a Breeze,1977,LP,Bearsville,L5,V,V25 Country-folk storytellers,,Country folk,"The UK, Ireland and Canada","Montreal, Quebec, Canada",,storytelling; breezy; heartbreak; close harmonies; road songs; fingerpicked acoustic,Nothing but a Breeze; Rhumba Man; Bowling Green,Recommended,,,Documented,High
A2470,John Prine,Bruised Orange,1978,LP,Asylum,L4,V,V25 Country-folk storytellers,C2,Country folk,Chicago and the Midwest,"Maywood, IL",Chicago folk revival,storytelling; deadpan; small-town; funny-sad; spiritual or gospel; fingerpicked acoustic,Fish and Whistle; That's the Way That the World Goes 'Round; Bruised Orange (Chain of Sorrow),Essential,,Y,Both,High
A2471,John Prine,Storm Windows,1980,LP,Asylum,L4,V,V25 Country-folk storytellers,,Country folk,Chicago and the Midwest,"Maywood, IL",Chicago folk revival,storytelling; heartbreak; drawl; pedal steel; small-town; funny-sad,Storm Windows; Living in the Future; Baby Ruth,Recommended,,Y,Documented,High
A2472,John Prine,Aimless Love,1984,LP,Oh Boy Records,L4,V,V25 Country-folk storytellers,,Country folk,Chicago and the Midwest,"Maywood, IL",Chicago folk revival,storytelling; funny-sad; heartbreak; drawl; small-town; fingerpicked acoustic,Unwed Fathers; Aimless Love; People Puttin' People Down,Recommended,,Y,Both,High
A2473,John Prine,The Missing Years,1991,LP,Oh Boy Records,L3,V,V25 Country-folk storytellers,,Country folk,Chicago and the Midwest,"Maywood, IL",,storytelling; funny-sad; spiritual or gospel; drawl; political; heartbreak,Jesus the Missing Years; The Sins of Memphisto; Picture Show,Essential,,Y,Inferred,High
A2474,John Prine,In Spite of Ourselves,1999,LP,Oh Boy Records,L2,V,V25 Country-folk storytellers,,Honky-tonk,Chicago and the Midwest,"Maywood, IL",,duets; storytelling; funny-sad; drawl; heartbreak; close harmonies,In Spite of Ourselves; (We're Not) The Jet Set; Let's Invite Them Over,Recommended,,Y,Inferred,High
A2475,John Prine,Fair & Square,2005,LP,Oh Boy Records,L2,V,V25 Country-folk storytellers,,Country folk,Chicago and the Midwest,"Maywood, IL",,storytelling; funny-sad; deadpan; spiritual or gospel; fingerpicked acoustic; heartbreak,Some Humans Ain't Human; Clay Pigeons; Crazy as a Loon,Essential,,Y,Inferred,High
A2476,John Prine,The Tree of Forgiveness,2018,LP,Oh Boy Records,L1,V,V25 Country-folk storytellers,C2,Country folk,Chicago and the Midwest,"Maywood, IL",,storytelling; funny-sad; spiritual or gospel; deadpan; heartbreak; fingerpicked acoustic,When I Get to Heaven; Summer's End; The Lonesome Friends of Science,Essential,,Y,Documented,High
A2477,Johnny Cash,Ride This Train,1960,LP,Columbia,L6,V,"V26 Honky-tonk, Bakersfield, and hard country",,Country folk,The South,"Nashville, TN",,baritone; harmonica; storytelling; spiritual or gospel; road songs,Loading Coal; Dorraine of Ponchartrain,Deep cut,,,Both,High
A2478,Buck Owens,Buck Owens Sings Harlan Howard,1961,LP,Capitol,L6,V,"V26 Honky-tonk, Bakersfield, and hard country",,Honky-tonk,The West,"Bakersfield, CA",Bakersfield,Telecaster twang; drawl; heartbreak; storytelling; drinking songs,Above and Beyond; Heartbreak U.S.A.,Deep cut,,,Documented,High
A2479,Faron Young,Hello Walls,1961,LP,Capitol,L6,V,"V26 Honky-tonk, Bakersfield, and hard country",,Honky-tonk,The South,"Nashville, TN",,fiddle; pedal steel; baritone; heartbreak; drawl,Hello Walls; Country Girl,Recommended,,,Documented,Medium
A2480,Kitty Wells,Heartbreak U.S.A.,1961,LP,Decca,L6,V,"V26 Honky-tonk, Bakersfield, and hard country",,Honky-tonk,The South,"Nashville, TN",,fiddle; pedal steel; drawl; heartbreak; close harmonies,Heartbreak U.S.A.; Heartaches By The Number,Essential,,,Both,High
A2481,Ernest Tubb,Just Call Me Lonesome,1963,LP,Decca,L6,V,"V26 Honky-tonk, Bakersfield, and hard country",,Honky-tonk,The South,"Nashville, TN",,Telecaster twang; drawl; baritone; heartbreak; drinking songs,Just Call Me Lonesome; Thanks a Lot,Deep cut,,,Inferred,High
A2482,George Jones and Melba Montgomery,What's in Our Hearts,1963,Collab,United Artists,L6,V,"V26 Honky-tonk, Bakersfield, and hard country",,Honky-tonk,The South,"Nashville, TN",,duets; close harmonies; baritone; fiddle; heartbreak,What's in Our Hearts; We Must Have Been Out of Our Minds,Deep cut,,,Documented,Medium
A2483,Ray Price,Night Life,1963,LP,Columbia,L6,V,"V26 Honky-tonk, Bakersfield, and hard country",,Honky-tonk,The South,"Nashville, TN",,fiddle; pedal steel; baritone; drawl; drinking songs,Night Life; The Wild Side of Life,Essential,,,Documented,High
A2484,Buck Owens and His Buckaroos,Together Again,1964,LP,Capitol,L6,V,"V26 Honky-tonk, Bakersfield, and hard country",,Honky-tonk,The West,"Bakersfield, CA",Bakersfield,Telecaster twang; pedal steel; close harmonies; drawl; heartbreak,Together Again; My Heart Skips a Beat,Essential,,,Both,High
A2485,Johnny Cash,Bitter Tears: Ballads of the American Indian,1964,LP,Columbia,L6,V,"V26 Honky-tonk, Bakersfield, and hard country",,Country folk,The South,"Nashville, TN",,baritone; storytelling; political; spiritual or gospel; bleak,The Ballad of Ira Hayes; Custer,Essential,,,Documented,High
A2486,Buck Owens and His Buckaroos,I've Got a Tiger by the Tail,1965,LP,Capitol,L5,V,"V26 Honky-tonk, Bakersfield, and hard country",,Honky-tonk,The West,"Bakersfield, CA",Bakersfield,Telecaster twang; close harmonies; drawl; rowdy; road songs,I've Got a Tiger by the Tail; Trouble and Me,Essential,,,Inferred,High
A2487,Connie Smith,Connie Smith,1965,LP,RCA Victor,L5,V,"V26 Honky-tonk, Bakersfield, and hard country",,Honky-tonk,The South,"Nashville, TN",,fiddle; pedal steel; close harmonies; heartbreak; drawl,Once a Day; Tiny Blue Transistor Radio,Recommended,,,Both,Medium
A2488,Johnny Cash,Orange Blossom Special,1965,LP,Columbia,L5,V,"V26 Honky-tonk, Bakersfield, and hard country",,Country folk,The South,"Nashville, TN",,baritone; harmonica; storytelling; road songs; spiritual or gospel,Orange Blossom Special; It Ain't Me Babe,Essential,,,Documented,High
A2489,Merle Haggard and the Strangers,Strangers,1965,LP,Capitol,L5,V,"V26 Honky-tonk, Bakersfield, and hard country",,Honky-tonk,The West,"Bakersfield, CA",Bakersfield,Telecaster twang; drawl; storytelling; small-town; drinking songs,(My Friends Are Gonna Be) Strangers; Sam Hill,Essential,,,Both,High
A2490,Buck Owens and His Buckaroos,Carnegie Hall Concert,1966,Live,Capitol,L5,V,"V26 Honky-tonk, Bakersfield, and hard country",,Honky-tonk,The West,"Bakersfield, CA",Bakersfield,Telecaster twang; close harmonies; live in the room; rowdy; road songs,Act Naturally; Buckaroo,Essential,,,Inferred,High
A2491,Buck Owens and His Buckaroos,Open Up Your Heart,1966,LP,Capitol,L5,V,"V26 Honky-tonk, Bakersfield, and hard country",,Honky-tonk,The West,"Bakersfield, CA",Bakersfield,Telecaster twang; pedal steel; close harmonies; drawl; heartbreak,Open Up Your Heart; Where Does the Good Times Go,Deep cut,,,Documented,High
A2492,Hank Thompson and His Brazos Valley Boys,A Six Pack to Go,1966,LP,Capitol,L5,V,"V26 Honky-tonk, Bakersfield, and hard country",,Honky-tonk,Texas and Oklahoma,"Waco, TX",,fiddle; pedal steel; drawl; drinking songs; rowdy,A Six Pack to Go; The Wild Side of Life,Recommended,,,Documented,Medium
A2493,Jean Shepard,Many Happy Hangovers to You,1966,LP,Capitol,L5,V,"V26 Honky-tonk, Bakersfield, and hard country",,Honky-tonk,The West,"Bakersfield, CA",Bakersfield,fiddle; pedal steel; drawl; drinking songs; close harmonies,Many Happy Hangovers to You; If Teardrops Were Silver,Deep cut,,,Inferred,High
A2494,Merle Haggard and the Strangers,Swinging Doors and the Bottle Let Me Down,1966,LP,Capitol,L5,V,"V26 Honky-tonk, Bakersfield, and hard country",,Honky-tonk,The West,"Bakersfield, CA",Bakersfield,Telecaster twang; drawl; drinking songs; heartbreak; storytelling,Swinging Doors; The Bottle Let Me Down,Essential,,,Both,High
A2495,Red Simpson,"Roll, Truck, Roll",1966,LP,Capitol,L5,V,"V26 Honky-tonk, Bakersfield, and hard country",,Honky-tonk,The West,"Bakersfield, CA",Bakersfield,Telecaster twang; drawl; road songs; storytelling; small-town,Roll Truck Roll; The Man Behind the Badge,Deep cut,,,Inferred,High
A2496,Dolly Parton,"Hello, I'm Dolly",1967,LP,Monument,L5,V,"V26 Honky-tonk, Bakersfield, and hard country",,Classic country,The South,"Nashville, TN",,fiddle; pedal steel; close harmonies; storytelling; heartbreak,Dumb Blonde; Something Fishy,Recommended,,,Documented,High
A2497,Loretta Lynn,Don't Come Home A-Drinkin' (With Lovin' on Your Mind),1967,LP,Decca,L5,V,"V26 Honky-tonk, Bakersfield, and hard country",,Honky-tonk,The South,"Nashville, TN",,fiddle; pedal steel; drawl; storytelling; heartbreak,Don't Come Home A-Drinkin' (With Lovin' on Your Mind); What Kind of a Girl (Do You Think I Am),Essential,,,Both,Medium
A2498,Merle Haggard and the Strangers,Branded Man,1967,LP,Capitol,L5,V,"V26 Honky-tonk, Bakersfield, and hard country",,Honky-tonk,The West,"Bakersfield, CA",Bakersfield,Telecaster twang; drawl; storytelling; bleak; small-town,Branded Man; I Threw Away the Rose,Essential,,,Both,High
A2499,Merle Haggard and the Strangers,I'm a Lonesome Fugitive,1967,LP,Capitol,L5,V,"V26 Honky-tonk, Bakersfield, and hard country",,Honky-tonk,The West,"Bakersfield, CA",Bakersfield,Telecaster twang; drawl; storytelling; road songs; small-town,I'm a Lonesome Fugitive; Drink Up and Be Somebody,Recommended,,,Documented,High
A2500,Porter Wagoner,The Cold Hard Facts of Life,1967,LP,RCA Victor,L5,V,"V26 Honky-tonk, Bakersfield, and hard country",,Honky-tonk,The South,"Nashville, TN",,baritone; pedal steel; storytelling; Southern gothic; bleak,The Cold Hard Facts of Life; Committed to Parkview,Essential,,,Inferred,High
A2501,Tammy Wynette,Your Good Girl's Gonna Go Bad,1967,LP,Epic,L5,V,"V26 Honky-tonk, Bakersfield, and hard country",,Classic country,The South,"Nashville, TN",,baritone; close harmonies; heartbreak; strings; storytelling,Your Good Girl's Gonna Go Bad; Apartment No. 9,Recommended,,,Documented,High
A2502,Wynn Stewart,It's Such a Pretty World Today,1967,LP,Capitol,L5,V,"V26 Honky-tonk, Bakersfield, and hard country",,Honky-tonk,The West,"Bakersfield, CA",Bakersfield,Telecaster twang; pedal steel; drawl; breezy; close harmonies,It's Such a Pretty World Today; Angels Don't Lie,Essential,,,Both,High
A2503,George Jones,George Jones Sings the Songs of Dallas Frazier,1968,LP,Musicor,L5,V,"V26 Honky-tonk, Bakersfield, and hard country",,Honky-tonk,The South,"Nashville, TN",,Telecaster twang; baritone; drawl; heartbreak; storytelling,Say It's Not You; California Sunshine,Deep cut,,,Documented,High
A2504,Jerry Lee Lewis,"Another Place, Another Time",1968,LP,Smash,L5,V,"V26 Honky-tonk, Bakersfield, and hard country",,Honky-tonk,The South,"Nashville, TN",,piano; pedal steel; drawl; rowdy; drinking songs,"Another Place, Another Time; What's Made Milwaukee Famous (Has Made a Loser Out of Me)",Recommended,,,Documented,High
A2505,Johnny Cash,At Folsom Prison,1968,Live,Columbia,L5,V,"V26 Honky-tonk, Bakersfield, and hard country",,Country folk,The South,"Nashville, TN",,baritone; live in the room; storytelling; rowdy; political,Folsom Prison Blues; Cocaine Blues,Essential,,,Documented,High
A2506,Loretta Lynn,Fist City,1968,LP,Decca,L5,V,"V26 Honky-tonk, Bakersfield, and hard country",,Honky-tonk,The South,"Nashville, TN",,fiddle; pedal steel; drawl; storytelling; rowdy,Fist City; This Haunted House,Essential,,,Documented,Medium
A2507,Merle Haggard and the Strangers,Mama Tried,1968,LP,Capitol,L5,V,"V26 Honky-tonk, Bakersfield, and hard country",,Honky-tonk,The West,"Bakersfield, CA",Bakersfield,Telecaster twang; drawl; storytelling; small-town; heartbreak,Mama Tried; You'll Never Love Me Now,Essential,Y,,Both,High
A2508,Merle Haggard and the Strangers,Sing Me Back Home,1968,LP,Capitol,L5,V,"V26 Honky-tonk, Bakersfield, and hard country",,Honky-tonk,The West,"Bakersfield, CA",Bakersfield,Telecaster twang; drawl; storytelling; bleak; spiritual or gospel,Sing Me Back Home; The Son of Hickory Holler's Tramp,Recommended,,,Both,High
A2509,Tammy Wynette,D-I-V-O-R-C-E,1968,LP,Epic,L5,V,"V26 Honky-tonk, Bakersfield, and hard country",,Classic country,The South,"Nashville, TN",,baritone; close harmonies; heartbreak; strings; storytelling,D-I-V-O-R-C-E; Your Good Girl's Gonna Go Bad,Essential,,,Documented,High
A2510,Johnny Cash,At San Quentin,1969,Live,Columbia,L5,V,"V26 Honky-tonk, Bakersfield, and hard country",,Country folk,The South,"Nashville, TN",,baritone; live in the room; storytelling; rowdy; political,A Boy Named Sue; San Quentin,Essential,,,Documented,High
A2511,Merle Haggard and the Strangers,Okie from Muskogee,1969,Live,Capitol,L5,V,"V26 Honky-tonk, Bakersfield, and hard country",,Honky-tonk,The West,"Bakersfield, CA",Bakersfield,Telecaster twang; drawl; political; small-town; live in the room,Okie from Muskogee; Sing Me Back Home,Essential,,,Documented,High
A2512,Merle Haggard and the Strangers,Pride in What I Am,1969,LP,Capitol,L5,V,"V26 Honky-tonk, Bakersfield, and hard country",,Honky-tonk,The West,"Bakersfield, CA",Bakersfield,Telecaster twang; drawl; storytelling; political; small-town,Today I Started Loving You Again; Roll Truck Roll,Deep cut,,,Documented,High
A2513,Merle Haggard and the Strangers,"Same Train, a Different Time",1969,LP,Capitol,L5,V,"V26 Honky-tonk, Bakersfield, and hard country",,Honky-tonk,The West,"Bakersfield, CA",Bakersfield,Telecaster twang; harmonica; storytelling; drawl; spiritual or gospel,Waiting for a Train; T for Texas,Recommended,,,Documented,High
A2514,Tammy Wynette,Stand by Your Man,1969,LP,Epic,L5,V,"V26 Honky-tonk, Bakersfield, and hard country",,Classic country,The South,"Nashville, TN",,baritone; close harmonies; heartbreak; strings; storytelling,Stand by Your Man; I Stayed Long Enough,Essential,,,Documented,High
A2515,Conway Twitty,Hello Darlin',1970,LP,Decca,L5,V,"V26 Honky-tonk, Bakersfield, and hard country",,Classic country,The South,"Nashville, TN",,baritone; pedal steel; close harmonies; heartbreak; storytelling,Hello Darlin'; She Needs Someone to Hold Her (When She Cries),Essential,,,Both,High
A2516,Johnny Cash,"Hello, I'm Johnny Cash",1970,LP,Columbia,L5,V,"V26 Honky-tonk, Bakersfield, and hard country",,Country folk,The South,"Nashville, TN",,baritone; harmonica; storytelling; road songs; spiritual or gospel,Sunday Mornin' Comin' Down; Blistered,Recommended,,,Documented,Medium
A2517,Porter Wagoner,Skid Row Joe,1970,LP,RCA Victor,L5,V,"V26 Honky-tonk, Bakersfield, and hard country",,Honky-tonk,The South,"Nashville, TN",,baritone; pedal steel; storytelling; Southern gothic; bleak,Skid Row Joe; Down in the Alley,Deep cut,,,Documented,High
A2518,Tammy Wynette,Tammy's Touch,1970,LP,Epic,L5,V,"V26 Honky-tonk, Bakersfield, and hard country",,Classic country,The South,"Nashville, TN",,baritone; close harmonies; heartbreak; strings; polished,"Run, Woman, Run; He Loves Me All the Way",Deep cut,,,Documented,High
A2519,Dolly Parton,Coat of Many Colors,1971,LP,RCA Victor,L5,V,"V26 Honky-tonk, Bakersfield, and hard country",,Country folk,The South,"Nashville, TN",,fingerpicked acoustic; storytelling; small-town; heartbreak; close harmonies,Coat of Many Colors; My Blue Tears,Essential,,,Documented,High
A2520,Loretta Lynn,Coal Miner's Daughter,1971,LP,Decca,L5,V,"V26 Honky-tonk, Bakersfield, and hard country",,Honky-tonk,The South,"Nashville, TN",,fiddle; pedal steel; drawl; storytelling; small-town,Coal Miner's Daughter; They Don't Make 'Em Like My Daddy,Essential,,,Both,High
A2521,Merle Haggard and the Strangers,Hag,1971,LP,Capitol,L5,V,"V26 Honky-tonk, Bakersfield, and hard country",,Honky-tonk,The West,"Bakersfield, CA",Bakersfield,Telecaster twang; drawl; storytelling; heartbreak; road songs,"Soldier's Last Letter; Jesus, Take a Hold",Deep cut,,,Documented,High
A2522,Merle Haggard and the Strangers,Someday We'll Look Back,1971,LP,Capitol,L5,V,"V26 Honky-tonk, Bakersfield, and hard country",,Honky-tonk,The West,"Bakersfield, CA",Bakersfield,Telecaster twang; drawl; storytelling; breezy; road songs,Someday We'll Look Back; Farmer's Daughter,Deep cut,,,Inferred,High
A2523,Merle Haggard and the Strangers,Let Me Tell You About a Song,1972,LP,Capitol,L5,V,"V26 Honky-tonk, Bakersfield, and hard country",,Honky-tonk,The West,"Bakersfield, CA",Bakersfield,Telecaster twang; drawl; storytelling; baritone; small-town,Carolyn; Grandma Harp,Deep cut,,,Inferred,High
A2524,Charlie Rich,Behind Closed Doors,1973,LP,Epic,L5,V,"V26 Honky-tonk, Bakersfield, and hard country",,Classic country,The South,"Nashville, TN",,baritone; piano; strings; close harmonies; polished,Behind Closed Doors; A Sunday Kind of Woman,Essential,,,Documented,High
A2525,Dolly Parton,My Tennessee Mountain Home,1973,LP,RCA Victor,L5,V,"V26 Honky-tonk, Bakersfield, and hard country",,Country folk,The South,"Nashville, TN",,fingerpicked acoustic; storytelling; small-town; close harmonies; heartbreak,My Tennessee Mountain Home; In the Good Old Days (When Times Were Bad),Recommended,,,Documented,High
A2526,George Jones and Tammy Wynette,We're Gonna Hold On,1973,Collab,Epic,L5,V,"V26 Honky-tonk, Bakersfield, and hard country",,Classic country,The South,"Nashville, TN",,duets; close harmonies; baritone; heartbreak; storytelling,We're Gonna Hold On; My Elusive Dreams,Recommended,,,Documented,Medium
A2527,Johnny Bush,Whiskey River / There Stands the Glass,1973,LP,RCA Victor,L5,V,"V26 Honky-tonk, Bakersfield, and hard country",,Honky-tonk,Texas and Oklahoma,"San Antonio, TX",,Telecaster twang; pedal steel; baritone; drinking songs; heartbreak,Whiskey River; There Stands the Glass,Recommended,,,Documented,High
A2528,Dolly Parton,Jolene,1974,LP,RCA Victor,L5,V,"V26 Honky-tonk, Bakersfield, and hard country",,Classic country,The South,"Nashville, TN",,fiddle; pedal steel; close harmonies; storytelling; heartbreak,Jolene; I Will Always Love You,Essential,,,Documented,High
A2529,Freddy Fender,Before the Next Teardrop Falls,1974,LP,ABC/Dot,L5,V,"V26 Honky-tonk, Bakersfield, and hard country",,Honky-tonk,Texas and Oklahoma,"San Benito, TX",,pedal steel; baritone; heartbreak; storytelling; drawl,Before the Next Teardrop Falls; Wasted Days and Wasted Nights,Recommended,,,Documented,High
A2530,George Jones,The Grand Tour,1974,LP,Epic,L5,V,"V26 Honky-tonk, Bakersfield, and hard country",,Classic country,The South,"Nashville, TN",,baritone; drawl; heartbreak; storytelling; strings,The Grand Tour; Bartender's Blues,Essential,,,Documented,High
A2531,Merle Haggard and the Strangers,If We Make It Through December,1974,LP,Capitol,L5,V,"V26 Honky-tonk, Bakersfield, and hard country",,Honky-tonk,The West,"Bakersfield, CA",Bakersfield,Telecaster twang; drawl; heartbreak; small-town; bleak,If We Make It Through December; To Each His Own,Essential,,,Both,High
A2532,Moe Bandy,I Just Started Hatin' Cheatin' Songs Today,1974,LP,GRC,L5,V,"V26 Honky-tonk, Bakersfield, and hard country",,Honky-tonk,The South,"Nashville, TN",,Telecaster twang; pedal steel; drawl; drinking songs; heartbreak,I Just Started Hatin' Cheatin' Songs Today; It Was Always So Easy (To Find an Unhappy Woman),Recommended,,,Inferred,High
A2533,Dolly Parton,The Bargain Store,1975,LP,RCA Victor,L5,V,"V26 Honky-tonk, Bakersfield, and hard country",,Classic country,The South,"Nashville, TN",,pedal steel; fiddle; storytelling; heartbreak; close harmonies,The Bargain Store; Kentucky Gambler,Recommended,,,Documented,High
A2534,Gary Stewart,Out of Hand,1975,LP,RCA Victor,L5,V,"V26 Honky-tonk, Bakersfield, and hard country",,Honky-tonk,The South,"Nashville, TN",,Telecaster twang; pedal steel; cracked or yelping; drinking songs; heartbreak,Drinkin' Thing; Out of Hand,Essential,Y,Y,Inferred,High
A2535,Gary Stewart,You're Not the Woman You Used to Be,1975,LP,MCA,L5,V,"V26 Honky-tonk, Bakersfield, and hard country",,Honky-tonk,The South,"Nashville, TN",,Telecaster twang; pedal steel; cracked or yelping; heartbreak; drinking songs,You're Not the Woman You Used to Be; Big Bertha,Deep cut,,Y,Documented,High
A2536,Gene Watson,Love in the Hot Afternoon,1975,LP,Capitol,L5,V,"V26 Honky-tonk, Bakersfield, and hard country",,Honky-tonk,Texas and Oklahoma,"Houston, TX",,Telecaster twang; pedal steel; drawl; heartbreak; baritone,Love in the Hot Afternoon; Where Love Begins,Recommended,,,Both,High
A2537,Moe Bandy,Bandy the Rodeo Clown,1975,LP,GRC,L5,V,"V26 Honky-tonk, Bakersfield, and hard country",,Honky-tonk,The South,"Nashville, TN",,Telecaster twang; pedal steel; drawl; small-town; storytelling,Bandy the Rodeo Clown; Don't Anybody Make Love at Home Anymore,Deep cut,,,Documented,High
A2538,Gary Stewart,Steppin' Out,1976,LP,RCA Victor,L5,V,"V26 Honky-tonk, Bakersfield, and hard country",,Honky-tonk,The South,"Nashville, TN",,Telecaster twang; pedal steel; cracked or yelping; drinking songs; rowdy,In Some Room Above the Street; Flat Natural Born Good-Timin' Man,Recommended,,Y,Documented,High
A2539,George Jones,Alone Again,1976,LP,Epic,L5,V,"V26 Honky-tonk, Bakersfield, and hard country",,Classic country,The South,"Nashville, TN",,baritone; drawl; heartbreak; strings; bleak,Alone Again; These Days (I Barely Get By),Deep cut,,,Documented,High
A2540,George Jones and Tammy Wynette,Golden Ring,1976,Collab,Epic,L5,V,"V26 Honky-tonk, Bakersfield, and hard country",,Classic country,The South,"Nashville, TN",,duets; close harmonies; baritone; heartbreak; storytelling,Golden Ring; We're Gonna Hold On,Essential,,,Documented,High
A2541,Gary Stewart,Your Place or Mine,1977,LP,RCA Victor,L5,V,"V26 Honky-tonk, Bakersfield, and hard country",,Honky-tonk,The South,"Nashville, TN",,Telecaster twang; pedal steel; cracked or yelping; heartbreak; drinking songs,Your Place or Mine; Oh! Sweet Temptation,Deep cut,,Y,Documented,High
A2542,Vern Gosdin,Till the End,1977,LP,Elektra,L5,V,"V26 Honky-tonk, Bakersfield, and hard country",,Honky-tonk,The South,"Nashville, TN",,Telecaster twang; pedal steel; baritone; heartbreak; close harmonies,Till the End; Yesterday's Gone,Recommended,,,Documented,High
A2543,Gary Stewart,Little Junior,1978,LP,RCA Victor,L4,V,"V26 Honky-tonk, Bakersfield, and hard country",,Honky-tonk,The South,"Nashville, TN",,Telecaster twang; pedal steel; cracked or yelping; storytelling; heartbreak,Little Junior; Quits,Deep cut,,Y,Inferred,High
A2544,Merle Haggard,Serving 190 Proof,1979,LP,MCA,L4,V,"V26 Honky-tonk, Bakersfield, and hard country",,Honky-tonk,The West,"Bakersfield, CA",Bakersfield,Telecaster twang; drawl; drinking songs; heartbreak; storytelling,Red Bandana; My Own Kind of Hat; Kentucky Gambler,Recommended,,,Inferred,High
A2545,George Jones,I Am What I Am,1980,LP,Epic,L4,V,"V26 Honky-tonk, Bakersfield, and hard country",,Classic country,The South,"Nashville, TN",,baritone; drawl; heartbreak; strings; storytelling,He Stopped Loving Her Today; I'm Not Ready Yet,Essential,,,Both,High
A2546,Merle Haggard,Big City,1981,LP,Epic,L4,V,"V26 Honky-tonk, Bakersfield, and hard country",,Honky-tonk,The West,"Bakersfield, CA",Bakersfield,Telecaster twang; drawl; road songs; small-town; storytelling,Big City; My Favorite Memory,Recommended,,,Inferred,High
A2547,John Anderson,Wild & Blue,1982,LP,Warner Bros.,L4,V,"V26 Honky-tonk, Bakersfield, and hard country",V19,Honky-tonk,The South,"Nashville, TN",,Telecaster twang; pedal steel; drawl; storytelling; heartbreak,Wild and Blue; Swingin',Recommended,,,Inferred,Medium
A2548,Loretta Lynn,Van Lear Rose,2004,LP,Interscope,L2,V,"V26 Honky-tonk, Bakersfield, and hard country",V6,Honky-tonk,The South,"Nashville, TN",,Telecaster twang; drawl; storytelling; small-town; feedback,"Portland, Oregon; Van Lear Rose",Recommended,,,Documented,High
A2549,Grateful Dead,Aoxomoxoa,1969,LP,Warner Bros.,L5,V,V27 The Grateful Dead and California country-psych,,Cosmic country,The West,"San Francisco / Marin County, CA",,cosmic; storytelling; spiritual or gospel; fingerpicked acoustic,China Cat Sunflower; St. Stephen; Mountains of the Moon,Recommended,,,Documented,High
A2550,Grateful Dead,Live/Dead,1969,Live,Warner Bros.,L5,V,V27 The Grateful Dead and California country-psych,,Cosmic country,The West,"San Francisco / Marin County, CA",,long solos; live in the room; cosmic; long songs (7+ minutes); feedback,Dark Star; St. Stephen; Turn On Your Love Light,Essential,,,Documented,High
A2551,Grateful Dead,American Beauty,1970,LP,Warner Bros.,L5,V,V27 The Grateful Dead and California country-psych,,Country folk,The West,"San Francisco / Marin County, CA",,pedal steel; close harmonies; fingerpicked acoustic; storytelling; heartbreak,Friend of the Devil; Ripple; Box of Rain,Essential,Y,,Documented,High
A2552,Grateful Dead,Workingman's Dead,1970,LP,Warner Bros.,L5,V,V27 The Grateful Dead and California country-psych,,Country folk,The West,"San Francisco / Marin County, CA",,pedal steel; close harmonies; fingerpicked acoustic; storytelling; drinking songs,Uncle John's Band; Casey Jones; Dire Wolf,Essential,Y,,Both,High
A2553,Grateful Dead,Grateful Dead,1971,Live,Warner Bros.,L5,V,V27 The Grateful Dead and California country-psych,,Country rock,The West,"San Francisco / Marin County, CA",,storytelling; drinking songs; road songs; rowdy; close harmonies,Bertha; Playing in the Band; Mama Tried,Essential,,,Documented,High
A2554,New Riders of the Purple Sage,New Riders of the Purple Sage,1971,LP,Columbia,L5,V,V27 The Grateful Dead and California country-psych,,Country rock,The West,"San Francisco / Marin County, CA",,pedal steel; Telecaster twang; road songs; storytelling; drawl,Henry; Portland Woman; Glendale Train,Essential,,,Documented,High
A2555,Bob Weir,Ace,1972,LP,Warner Bros.,L5,V,V27 The Grateful Dead and California country-psych,,Country rock,The West,"San Francisco / Marin County, CA",,pedal steel; storytelling; harmonized guitars; road songs; breezy,Playing in the Band; Mexicali Blues; One More Saturday Night,Essential,,,Documented,High
A2556,Grateful Dead,Europe '72,1972,Live,Warner Bros.,L5,V,V27 The Grateful Dead and California country-psych,,Cosmic country,The West,"San Francisco / Marin County, CA",,pedal steel; long solos; road songs; storytelling; harmonized guitars,Jack Straw; Tennessee Jed; Morning Dew,Essential,,,Both,High
A2557,Jerry Garcia,Garcia,1972,LP,Warner Bros.,L5,V,V27 The Grateful Dead and California country-psych,,Country rock,The West,"San Francisco / Marin County, CA",,fingerpicked acoustic; storytelling; drawl; long songs (7+ minutes); breezy,Sugaree; Deal; Bird Song,Essential,,,Documented,High
A2558,New Riders of the Purple Sage,Powerglide,1972,LP,Columbia,L5,V,V27 The Grateful Dead and California country-psych,,Country rock,The West,"San Francisco / Marin County, CA",,pedal steel; Telecaster twang; road songs; drinking songs; harmonized guitars,"Dim Lights, Thick Smoke (And Loud, Loud Music); Lochinvar; Hello Mary Lou",Recommended,,,Documented,High
A2559,Grateful Dead,Wake of the Flood,1973,LP,Grateful Dead Records,L5,V,V27 The Grateful Dead and California country-psych,,Country rock,The West,"San Francisco / Marin County, CA",,horns; piano; long songs (7+ minutes); breezy; storytelling,Eyes of the World; Stella Blue; Weather Report Suite,Recommended,,,Both,High
A2560,New Riders of the Purple Sage,The Adventures of Panama Red,1973,LP,Columbia,L5,V,V27 The Grateful Dead and California country-psych,,Country rock,The West,"San Francisco / Marin County, CA",,pedal steel; horns; storytelling; road songs; harmonized guitars,Panama Red; Lonesome L.A. Cowboy; Kick in the Head,Essential,,,Documented,High
A2561,Grateful Dead,From the Mars Hotel,1974,LP,Grateful Dead Records,L5,V,V27 The Grateful Dead and California country-psych,,Country rock,The West,"San Francisco / Marin County, CA",,storytelling; road songs; harmonized guitars; breezy; pop-culture references,U.S. Blues; Scarlet Begonias; China Doll,Recommended,,,Both,High
A2562,Robert Hunter,Tales of the Great Rum Runners,1974,LP,Round Records,L5,V,V27 The Grateful Dead and California country-psych,,Country folk,The West,"San Francisco / Marin County, CA",,storytelling; drawl; fingerpicked acoustic; road songs; drinking songs,That Train; Standing at Your Door; Rum Runners,Deep cut,,,Documented,High
A2563,Grateful Dead,Blues for Allah,1975,LP,Grateful Dead Records,L5,V,V27 The Grateful Dead and California country-psych,,Cosmic country,The West,"San Francisco / Marin County, CA",,long solos; long songs (7+ minutes); cosmic; spiritual or gospel; storytelling,Franklin's Tower; Help on the Way; Crazy Fingers,Recommended,,,Documented,High
A2564,Old & In the Way,Old & In the Way,1975,Live,Round Records,L5,V,V27 The Grateful Dead and California country-psych,,Bluegrass,The West,"San Francisco / Marin County, CA",,fiddle; mandolin; close harmonies; storytelling; live in the room,Panama Red; Midnight Moonlight; Wild Horses,Essential,,,Documented,High
A2565,Jerry Garcia,Reflections,1976,LP,Round Records,L5,V,V27 The Grateful Dead and California country-psych,,Country rock,The West,"San Francisco / Marin County, CA",,storytelling; piano; harmonized guitars; breezy; road songs,Comes a Time; Might as Well; I'll Take a Melody,Recommended,,,Documented,High
A2566,Kingfish,Kingfish,1976,LP,Round Records,L5,V,V27 The Grateful Dead and California country-psych,,Country rock,The West,"San Francisco / Marin County, CA",,Telecaster twang; harmonica; road songs; rowdy; harmonized guitars,Lazy Lightnin'; Jump for Joy; Big Iron,Recommended,,,Documented,High
A2567,Grateful Dead,Terrapin Station,1977,LP,Arista,L5,V,V27 The Grateful Dead and California country-psych,,Cosmic country,The West,"San Francisco / Marin County, CA",,strings; horns; storytelling; cosmic; polished,Estimated Prophet; Terrapin Station; Samson and Delilah,Recommended,,,Documented,High
A2568,Jerry Garcia Band,Cats Under the Stars,1978,LP,Arista,L4,V,V27 The Grateful Dead and California country-psych,,Country rock,The West,"San Francisco / Marin County, CA",,storytelling; piano; horns; breezy; spiritual or gospel,Rubin and Cherise; Cats Under the Stars; Love in the Afternoon,Recommended,,,Documented,High
A2569,Grateful Dead,Reckoning,1981,Live,Arista,L4,V,V27 The Grateful Dead and California country-psych,,Country folk,The West,"San Francisco / Marin County, CA",,fingerpicked acoustic; close harmonies; storytelling; drinking songs; live in the room,Deep Elem Blues; Bird Song; Monkey and the Engineer,Recommended,,,Documented,High
A2570,Jerry Garcia Acoustic Band,Almost Acoustic,1988,Live,Grateful Dead Records,L3,V,V27 The Grateful Dead and California country-psych,,Bluegrass,The West,"San Francisco / Marin County, CA",,fingerpicked acoustic; close harmonies; storytelling; spiritual or gospel; live in the room,Deep Elem Blues; Ripple; Casey Jones,Recommended,,,Documented,High
A2571,Jerry Garcia / David Grisman,Jerry Garcia / David Grisman,1991,Collab,Acoustic Disc,L3,V,V27 The Grateful Dead and California country-psych,,Bluegrass,The West,"San Francisco / Marin County, CA",,mandolin; fingerpicked acoustic; long songs (7+ minutes); storytelling; close harmonies,Friend of the Devil; Grateful Dawg; Arabia,Recommended,,,Documented,High
A2572,The Allman Brothers Band,The Allman Brothers Band,1969,LP,Atco Records,L5,V,V28 Southern rock and country soul,,Southern rock,The South,"Macon, GA",Capricorn and Jacksonville Southern rock,slide guitar; long solos; harmonized guitars; baritone; cosmic; long songs (7+ minutes),Whipping Post; Dreams; Trouble No More,Essential,,,Both,High
A2573,Delaney & Bonnie,Accept No Substitute,1969,LP,Elektra Records,L5,V,V28 Southern rock and country soul,,Southern rock,The South,"Los Angeles, CA",,horns; duets; drawl; spiritual or gospel; road songs,"Do Right Woman, Do Right Man; Ghetto; Get Ourselves Together",Recommended,,,Documented,High
A2574,Delaney & Bonnie,Home,1969,LP,Stax Records,L5,V,V28 Southern rock and country soul,,Southern rock,The South,"Los Angeles, CA",,horns; duets; spiritual or gospel; drawl; heartbreak,Piece of My Heart; It's Been a Long Time Coming; Everybody Loves a Winner,Recommended,,,Documented,High
A2575,Tony Joe White,...Continued,1969,LP,Monument Records,L5,V,V28 Southern rock and country soul,,Southern rock,The South,"Oak Grove, LA",,slide guitar; baritone; drawl; storytelling; small-town,Rainy Night in Georgia,Deep cut,,,Documented,High
A2576,Tony Joe White,Black and White,1969,LP,Monument Records,L5,V,V28 Southern rock and country soul,,Southern rock,The South,"Oak Grove, LA",,slide guitar; baritone; drawl; storytelling; small-town,Polk Salad Annie; Soul Francisco; Willie and Laura Mae Jones,Essential,,,Both,High
A2577,The Allman Brothers Band,Idlewild South,1970,LP,Atco Records,L5,V,V28 Southern rock and country soul,,Southern rock,The South,"Macon, GA",Capricorn and Jacksonville Southern rock,slide guitar; harmonized guitars; storytelling; spiritual or gospel; road songs,Midnight Rider; In Memory of Elizabeth Reed; Please Call Home,Recommended,,,Documented,Medium
A2578,Cowboy,Reach for the Sky,1970,LP,Atco Records,L5,V,V28 Southern rock and country soul,,Country rock,The South,"Macon, GA",Capricorn and Jacksonville Southern rock,fingerpicked acoustic; close harmonies; road songs; breezy; storytelling,Livin' in the Country; Pretty Friend; Everything Here,Deep cut,,,Documented,High
A2579,The Allman Brothers Band,At Fillmore East,1971,Live,Capricorn Records,L5,V,V28 Southern rock and country soul,,Southern rock,The South,"Macon, GA",Capricorn and Jacksonville Southern rock,slide guitar; long solos; harmonized guitars; long songs (7+ minutes); live in the room; cosmic,Statesboro Blues; Whipping Post; In Memory of Elizabeth Reed,Essential,,,Inferred,High
A2580,Little Feat,Little Feat,1971,LP,Warner Bros. Records,L5,V,V28 Southern rock and country soul,,Southern rock,The West,"Los Angeles, CA",,slide guitar; storytelling; road songs; fingerpicked acoustic; breezy,Willin'; Truck Stop Girl; Forty-Four Blues/How Many More Years,Recommended,,,Documented,High
A2581,The Allman Brothers Band,Eat a Peach,1972,LP,Capricorn Records,L5,V,V28 Southern rock and country soul,,Southern rock,The South,"Macon, GA",Capricorn and Jacksonville Southern rock,slide guitar; long solos; harmonized guitars; long songs (7+ minutes); heartbreak; cosmic,Melissa; Blue Sky; Ain't Wastin' Time No More,Essential,,,Documented,High
A2582,Arthur Alexander,Arthur Alexander,1972,LP,Warner Bros. Records,L5,V,V28 Southern rock and country soul,,Southern rock,The South,"Muscle Shoals, AL",Muscle Shoals,horns; baritone; heartbreak; storytelling; spiritual or gospel,In the Middle of It All; Rainbow Road; Go on Home Girl,Recommended,,,Documented,High
A2583,Little Feat,Sailin' Shoes,1972,LP,Warner Bros. Records,L5,V,V28 Southern rock and country soul,,Southern rock,The West,"Los Angeles, CA",,slide guitar; storytelling; piano; road songs; breezy,Easy to Slip; Willin'; Trouble,Recommended,,,Documented,High
A2584,The Allman Brothers Band,Brothers and Sisters,1973,LP,Capricorn Records,L5,V,V28 Southern rock and country soul,V26,Southern rock,The South,"Macon, GA",Capricorn and Jacksonville Southern rock,harmonized guitars; long solos; road songs; piano; breezy; storytelling,Ramblin' Man; Jessica; Southbound,Essential,,,Documented,High
A2585,Dan Penn,Nobody's Fool,1973,LP,Bell Records,L5,V,V28 Southern rock and country soul,,Southern rock,The South,"Muscle Shoals, AL",Muscle Shoals,baritone; drawl; horns; heartbreak; spiritual or gospel,Nobody's Fool; Raining in Memphis; Lodi,Recommended,,,Documented,High
A2586,Gregg Allman,Laid Back,1973,LP,Capricorn Records,L5,V,V28 Southern rock and country soul,,Southern rock,The South,"Macon, GA",Capricorn and Jacksonville Southern rock,baritone; piano; spiritual or gospel; hushed; heartbreak,Midnight Rider; Multi-Colored Lady; Queen of Hearts,Recommended,,,Both,High
A2587,Little Feat,Dixie Chicken,1973,LP,Warner Bros. Records,L5,V,V28 Southern rock and country soul,,Southern rock,The West,"Los Angeles, CA",,slide guitar; piano; storytelling; breezy; road songs,Dixie Chicken; Fat Man in the Bathtub; Roll Um Easy,Essential,Y,,Documented,High
A2588,Lynyrd Skynyrd,(Pronounced 'Lĕh-'nérd 'Skin-'nérd),1973,LP,MCA Records,L5,V,V28 Southern rock and country soul,V3,Southern rock,The South,"Jacksonville, FL",Capricorn and Jacksonville Southern rock,harmonized guitars; long solos; slide guitar; drawl; storytelling; long songs (7+ minutes),Free Bird; Simple Man; Tuesday's Gone,Essential,Y,Y,Both,High
A2589,The Marshall Tucker Band,The Marshall Tucker Band,1973,LP,Capricorn Records,L5,V,V28 Southern rock and country soul,,Southern rock,The South,"Spartanburg, SC",Capricorn and Jacksonville Southern rock,horns; long solos; storytelling; road songs; drawl,Can't You See; Take the Highway; Ramblin',Essential,,,Documented,High
A2590,ZZ Top,Tres Hombres,1973,LP,London Records,L5,V,V28 Southern rock and country soul,,Southern rock,The South,"Houston, TX",,slide guitar; harmonica; drawl; rowdy; drinking songs,La Grange; Jesus Just Left Chicago; Beer Drinkers & Hell Raisers,Recommended,,,Both,High
A2591,Charlie Daniels Band,Fire on the Mountain,1974,LP,Kama Sutra Records,L5,V,V28 Southern rock and country soul,,Southern rock,The South,"Nashville, TN",,fiddle; harmonized guitars; storytelling; drawl; rowdy,The South's Gonna Do It; Long Haired Country Boy; Caballo Diablo,Essential,,,Documented,High
A2592,Grinderswitch,Honest to Goodness,1974,LP,Capricorn Records,L5,V,V28 Southern rock and country soul,,Southern rock,The South,"Macon, GA",Capricorn and Jacksonville Southern rock,slide guitar; harmonized guitars; long solos; road songs; drawl,Kiss the Blues Goodbye; Homebound; Peach County Jamboree,Deep cut,,,Documented,High
A2593,Little Feat,Feats Don't Fail Me Now,1974,LP,Warner Bros. Records,L5,V,V28 Southern rock and country soul,,Southern rock,The West,"Los Angeles, CA",,slide guitar; piano; storytelling; breezy; road songs,Spanish Moon; Oh Atlanta; Skin It Back,Recommended,,,Documented,High
A2594,Lynyrd Skynyrd,Second Helping,1974,LP,MCA Records,L5,V,V28 Southern rock and country soul,,Southern rock,The South,"Jacksonville, FL",Capricorn and Jacksonville Southern rock,harmonized guitars; slide guitar; storytelling; small-town; drawl; anthemic,Sweet Home Alabama; The Ballad of Curtis Loew; Don't Ask Me No Questions,Essential,,Y,Documented,High
A2595,The Marshall Tucker Band,Where We All Belong,1974,LP,Capricorn Records,L5,V,V28 Southern rock and country soul,,Southern rock,The South,"Spartanburg, SC",Capricorn and Jacksonville Southern rock,horns; long solos; live in the room; storytelling; road songs,This Ol' Cowboy; 24 Hours at a Time; Everyday (I Have the Blues),Recommended,,,Documented,High
A2596,Wet Willie,Keep On Smilin',1974,LP,Capricorn Records,L5,V,V28 Southern rock and country soul,,Southern rock,The South,"Mobile, AL",Capricorn and Jacksonville Southern rock,horns; drawl; spiritual or gospel; breezy; anthemic,Keep On Smilin'; Country Side of Life; Trust in the Lord,Recommended,,,Documented,High
A2597,Larry Jon Wilson,New Beginnings,1975,LP,Monument Records,L5,V,V28 Southern rock and country soul,V25,Country folk,The South,"Swainsboro, GA",,baritone; fingerpicked acoustic; storytelling; small-town; drawl,Ohoopee River Bottomland; Through the Eyes of Little Children; New Beginnings (Russian River Rainbow),Deep cut,,,Both,High
A2598,Lynyrd Skynyrd,Nuthin' Fancy,1975,LP,MCA Records,L5,V,V28 Southern rock and country soul,,Southern rock,The South,"Jacksonville, FL",Capricorn and Jacksonville Southern rock,harmonized guitars; slide guitar; drawl; road songs; rowdy; drinking songs,Saturday Night Special; Whiskey Rock-a-Roller; On the Hunt,Recommended,,Y,Documented,Medium
A2599,The Marshall Tucker Band,Searchin' for a Rainbow,1975,LP,Capricorn Records,L5,V,V28 Southern rock and country soul,,Southern rock,The South,"Spartanburg, SC",Capricorn and Jacksonville Southern rock,horns; storytelling; road songs; drawl; breezy,Fire on the Mountain; Searchin' for a Rainbow; Walkin' and Talkin',Essential,,,Documented,High
A2600,The Outlaws,Outlaws,1975,LP,Arista Records,L5,V,V28 Southern rock and country soul,,Southern rock,The South,"Tampa, FL",Capricorn and Jacksonville Southern rock,harmonized guitars; long solos; close harmonies; road songs; anthemic,Green Grass and High Tides; There Goes Another Love Song,Recommended,,,Documented,High
A2601,Charlie Daniels Band,Saddle Tramp,1976,LP,Epic Records,L5,V,V28 Southern rock and country soul,,Southern rock,The South,"Nashville, TN",,fiddle; harmonized guitars; storytelling; drawl; road songs,Saddle Tramp; Sweet Louisiana; Cumberland Mountain Number Nine,Deep cut,,,Documented,High
A2602,Lynyrd Skynyrd,Gimme Back My Bullets,1976,LP,MCA Records,L5,V,V28 Southern rock and country soul,,Southern rock,The South,"Jacksonville, FL",Capricorn and Jacksonville Southern rock,harmonized guitars; slide guitar; drawl; road songs; bleak; anthemic,Gimme Back My Bullets; Double Trouble; Cry for the Bad Man,Deep cut,,Y,Documented,Medium
A2603,Lynyrd Skynyrd,One More from the Road,1976,Live,MCA Records,L5,V,V28 Southern rock and country soul,,Southern rock,The South,"Jacksonville, FL",Capricorn and Jacksonville Southern rock,harmonized guitars; long solos; slide guitar; live in the room; road songs; anthemic,Free Bird; T for Texas; Sweet Home Alabama,Recommended,,Y,Documented,High
A2604,Dickey Betts & Great Southern,Dickey Betts & Great Southern,1977,LP,Arista Records,L5,V,V28 Southern rock and country soul,,Southern rock,The South,"Macon, GA",Capricorn and Jacksonville Southern rock,harmonized guitars; long solos; slide guitar; storytelling; breezy,Bougainvillea; Sweet Virginia; Out to Get Me,Deep cut,,,Documented,High
A2605,Lynyrd Skynyrd,Street Survivors,1977,LP,MCA Records,L5,V,V28 Southern rock and country soul,V3,Southern rock,The South,"Jacksonville, FL",Capricorn and Jacksonville Southern rock,harmonized guitars; slide guitar; drawl; storytelling; bleak; anthemic,That Smell; What's Your Name; You Got That Right,Essential,,Y,Documented,High
A2606,The Marshall Tucker Band,Carolina Dreams,1977,LP,Capricorn Records,L5,V,V28 Southern rock and country soul,,Southern rock,The South,"Spartanburg, SC",Capricorn and Jacksonville Southern rock,horns; road songs; storytelling; drawl; breezy,Heard It in a Love Song; Fly Like an Eagle; Desert Skies,Essential,,,Documented,High
A2607,Sea Level,Sea Level,1977,LP,Capricorn Records,L5,V,V28 Southern rock and country soul,,Southern rock,The South,"Macon, GA",Capricorn and Jacksonville Southern rock,piano; long solos; horns; breezy; cosmic,Rain in Spain; Scarborough Fair; Nothing Matters But the Fever,Deep cut,,,Documented,High
A2608,Eddie Hinton,Very Extremely Dangerous,1978,LP,Capricorn Records,L4,V,V28 Southern rock and country soul,,Southern rock,The South,"Muscle Shoals, AL",Muscle Shoals,horns; baritone; cracked or yelping; heartbreak; spiritual or gospel,Shoot the Moon; Brand New Man; You Got Me Singing,Recommended,,,Documented,High
A2609,Little Feat,Waiting for Columbus,1978,Live,Warner Bros. Records,L4,V,V28 Southern rock and country soul,,Southern rock,The West,"Los Angeles, CA",,slide guitar; piano; horns; live in the room; long solos,Dixie Chicken; Willin'; A Apolitical Blues,Essential,,,Documented,High
A2610,Molly Hatchet,Molly Hatchet,1978,LP,Epic Records,L4,V,V28 Southern rock and country soul,,Southern rock,The South,"Jacksonville, FL",Capricorn and Jacksonville Southern rock,harmonized guitars; long solos; shouted; rowdy; anthemic,Gator Country; Dreams I'll Never See; Bounty Hunter,Recommended,,,Documented,High
A2611,Blackfoot,Strikes,1979,LP,Atco Records,L4,V,V28 Southern rock and country soul,,Southern rock,The South,"Jacksonville, FL",Capricorn and Jacksonville Southern rock,harmonized guitars; slide guitar; harmonica; anthemic; rowdy,"Highway Song; Train, Train; Road Fever",Recommended,,,Documented,High
A2612,Nico,Chelsea Girl,1967,LP,Verve Records,L5,V,V29 Velvet Underground and proto-indie,,Folk rock,The Northeast,"New York, NY",New York proto-punk and CBGB,strings; fingerpicked acoustic; hushed; heartbreak,These Days; Chelsea Girls; Wrap Your Troubles in Dreams,Essential,,,Documented,High
A2613,The Velvet Underground,The Velvet Underground & Nico,1967,LP,Verve,L5,V,V29 Velvet Underground and proto-indie,,Noise,The Northeast,"New York, NY",New York proto-punk and CBGB,feedback; deadpan; storytelling; heartbreak; long songs (7+ minutes),Heroin; Venus in Furs; I'm Waiting for the Man,Essential,,,Documented,High
A2614,Nico,The Marble Index,1968,LP,Elektra Records,L5,V,V29 Velvet Underground and proto-indie,,Slowcore,The Northeast,"New York, NY",,hushed; bleak; glacial; cosmic; spiritual or gospel,Frozen Warnings; Lawns of Dawns; Evening of Light,Essential,,,Both,High
A2615,The Velvet Underground,White Light/White Heat,1968,LP,Verve,L5,V,V29 Velvet Underground and proto-indie,,Noise,The Northeast,"New York, NY",,feedback; noise wall; long songs (7+ minutes); shouted; live in the room,Sister Ray; White Light/White Heat; The Gift,Essential,,,Documented,High
A2616,The Stooges,The Stooges,1969,LP,Elektra Records,L5,V,V29 Velvet Underground and proto-indie,,Punk,Chicago and the Midwest,"Ann Arbor, MI",,feedback; rowdy; long songs (7+ minutes); shouted,I Wanna Be Your Dog; We Will Fall; No Fun,Recommended,,,Documented,High
A2617,The Velvet Underground,The Velvet Underground,1969,LP,MGM,L5,V,V29 Velvet Underground and proto-indie,,Slowcore,The Northeast,"New York, NY",,hushed; deadpan; storytelling; spiritual or gospel; bleak,Pale Blue Eyes; Candy Says; Jesus,Essential,Y,,Both,High
A2618,John Cale,Vintage Violence,1970,LP,Columbia Records,L5,V,V29 Velvet Underground and proto-indie,,Folk rock,The Northeast,"New York, NY",,strings; breezy; storytelling; close harmonies,Adelaide; Big White Cloud; Fairweather Friend,Essential,,,Both,High
A2619,Nico,Desertshore,1970,LP,Reprise Records,L5,V,V29 Velvet Underground and proto-indie,,Slowcore,The Northeast,"New York, NY",,hushed; bleak; glacial; spiritual or gospel,Janitor of Lunacy; My Only Child; Le Petit Chevalier,Recommended,,,Both,High
A2620,The Velvet Underground,Loaded,1970,LP,Cotillion (Atlantic),L5,V,V29 Velvet Underground and proto-indie,,Punk,The Northeast,"New York, NY",,anthemic; polished; storytelling; road songs,Sweet Jane; Rock & Roll; New Age,Essential,,,Both,High
A2621,Lou Reed,Lou Reed,1972,LP,RCA Records,L5,V,V29 Velvet Underground and proto-indie,,Punk,The Northeast,"New York, NY",,storytelling; polished; deadpan; heartbreak,Lisa Says; Ocean; Wild Child,Deep cut,,,Documented,High
A2622,Lou Reed,Transformer,1972,LP,RCA Records,L5,V,V29 Velvet Underground and proto-indie,,Power pop,The Northeast,"New York, NY",,strings; pop-culture references; anthemic; polished; deadpan,Walk on the Wild Side; Perfect Day; Satellite of Love,Essential,,,Both,High
A2623,The Velvet Underground,Live at Max's Kansas City,1972,Live,Cotillion,L5,V,V29 Velvet Underground and proto-indie,,Punk,The Northeast,"New York, NY",,live in the room; lo-fi; deadpan; storytelling,Sweet Jane; I'm Waiting for the Man; Pale Blue Eyes,Recommended,,,Inferred,High
A2624,John Cale,Paris 1919,1973,LP,Reprise Records,L5,V,V29 Velvet Underground and proto-indie,,Folk rock,The Northeast,"New York, NY",,strings; storytelling; breezy; polished,Paris 1919; Child's Christmas in Wales; Half Past France,Essential,,,Inferred,High
A2625,Lou Reed,Berlin,1973,LP,RCA Records,L5,V,V29 Velvet Underground and proto-indie,,Slowcore,The Northeast,"New York, NY",,strings; bleak; storytelling; heartbreak; spiritual or gospel,Caroline Says I; The Kids; Berlin,Essential,,,Documented,High
A2626,Nico,The End...,1974,LP,Island Records,L5,V,V29 Velvet Underground and proto-indie,,Slowcore,The Northeast,"New York, NY",,synths; bleak; hushed; glacial,The End; You Forget to Answer; Innocent and Vain,Recommended,,,Both,High
A2627,The Velvet Underground,1969: The Velvet Underground Live,1974,Live,Mercury,L5,V,V29 Velvet Underground and proto-indie,,Punk,The Northeast,"New York, NY",,live in the room; long songs (7+ minutes); feedback; storytelling,Heroin; Ocean; Sweet Jane,Recommended,,,Inferred,High
A2628,Lou Reed,Coney Island Baby,1975,LP,RCA Records,L5,V,V29 Velvet Underground and proto-indie,,Folk rock,The Northeast,"New York, NY",,hushed; heartbreak; storytelling; deadpan,Coney Island Baby; She's My Best Friend; Kicks,Recommended,,,Inferred,High
A2629,Lou Reed,Metal Machine Music,1975,LP,RCA Records,L5,V,V29 Velvet Underground and proto-indie,,Noise,The Northeast,"New York, NY",,feedback; noise wall; long songs (7+ minutes); glacial,"Metal Machine Music, Part I; Metal Machine Music, Part II",Recommended,,,Documented,High
A2630,Jonathan Richman and the Modern Lovers,Jonathan Richman and the Modern Lovers,1976,LP,Beserkley Records,L5,V,V29 Velvet Underground and proto-indie,,Lo-fi,The Northeast,"Boston, MA",,deadpan; lo-fi; pop-culture references; lullaby,Abominable Snowman in the Market; Amazing Grace,Recommended,,,Documented,Medium
A2631,The Modern Lovers,The Modern Lovers,1976,LP,Beserkley Records,L5,V,V29 Velvet Underground and proto-indie,,Punk,The Northeast,"Boston, MA",Boston,deadpan; storytelling; small-town; road songs; rowdy,Roadrunner; Pablo Picasso; She Cracked,Essential,Y,,Documented,High
A2632,Jonathan Richman and the Modern Lovers,Rock 'n' Roll with the Modern Lovers,1977,LP,Beserkley Records,L5,V,V29 Velvet Underground and proto-indie,,Indie folk,The Northeast,"Boston, MA",,fingerpicked acoustic; lullaby; breezy; deadpan,Egyptian Reggae; The Wheels on the Bus; Ice Cream Man,Recommended,,,Documented,High
A2633,Television,Marquee Moon,1977,LP,Elektra Records,L5,V,V29 Velvet Underground and proto-indie,,Post-punk,The Northeast,"New York, NY",New York proto-punk and CBGB,harmonized guitars; long songs (7+ minutes); long solos; storytelling,Marquee Moon; Venus; See No Evil,Recommended,,,Both,High
A2634,Lou Reed,Street Hassle,1978,LP,Arista Records,L4,V,V29 Velvet Underground and proto-indie,,Punk,The Northeast,"New York, NY",,long songs (7+ minutes); storytelling; bleak; live in the room,Street Hassle; Dirt; Real Good Time Together,Recommended,,,Both,High
A2635,Jonathan Richman and the Modern Lovers,Back in Your Life,1979,LP,Beserkley Records,L4,V,V29 Velvet Underground and proto-indie,,Lo-fi,The Northeast,"Boston, MA",,lullaby; lo-fi; deadpan; breezy,Abdul and Cleopatra; Party in the Woods Tonight; Back in Your Life,Deep cut,,,Inferred,Medium
A2636,Lou Reed,The Blue Mask,1982,LP,RCA Records,L4,V,V29 Velvet Underground and proto-indie,,Post-punk,The Northeast,"New York, NY",,harmonized guitars; storytelling; political; bleak,The Blue Mask; Waves of Fear; Heavenly Arms,Recommended,,,Documented,High
A2637,The Velvet Underground,VU,1985,Compilation,Verve,L4,V,V29 Velvet Underground and proto-indie,,Punk,The Northeast,"New York, NY",,storytelling; deadpan; polished; heartbreak,Stephanie Says; Ocean; Foggy Notion,Deep cut,,,Documented,High
A2638,The Velvet Underground,Another View,1986,Compilation,Verve,L4,V,V29 Velvet Underground and proto-indie,,Noise,The Northeast,"New York, NY",,feedback; noise wall; lo-fi; storytelling,Hey Mr. Rain; Ride Into the Sun; We're Gonna Have a Real Good Time Together,Deep cut,,,Documented,High
A2639,Lou Reed,New York,1989,LP,Sire Records,L3,V,V29 Velvet Underground and proto-indie,,Punk,The Northeast,"New York, NY",,political; storytelling; anthemic; live in the room,Dirty Blvd.; Romeo Had Juliette; Busload of Faith,Essential,,,Inferred,High
A2640,Jonathan Richman,"I, Jonathan",1992,LP,Rounder Records,L3,V,V29 Velvet Underground and proto-indie,,Lo-fi,The Northeast,"Boston, MA",,lo-fi; deadpan; pop-culture references; breezy,Velvet Underground; Roadrunner (Twice); That Summer Feeling,Recommended,,,Both,High
A2641,Shirley Collins and Davy Graham,"Folk Roots, New Routes",1964,LP,Decca Records,L6,V,V30 British folk rock (selective),,Folk rock,"The UK, Ireland and Canada","London, England",London folk clubs,fingerpicked acoustic; hushed; storytelling; spiritual or gospel; breezy,Nottamun Town; Reynardine; Blue Monk,Deep cut,,,Documented,High
A2642,Bert Jansch,Bert Jansch,1965,LP,Transatlantic Records,L5,V,V30 British folk rock (selective),V8,Folk rock,"The UK, Ireland and Canada","London, England",London folk clubs,fingerpicked acoustic; hushed; bleak; storytelling; lo-fi,Needle of Death; Strolling Down the Highway; Angie,Essential,,,Documented,High
A2643,Bert Jansch,Jack Orion,1966,LP,Transatlantic Records,L5,V,V30 British folk rock (selective),,Folk rock,"The UK, Ireland and Canada","London, England",London folk clubs,fingerpicked acoustic; storytelling; hushed; bleak; long songs (7+ minutes),Jack Orion; Blackwaterside; Nottamun Town,Recommended,,,Documented,High
A2644,Fairport Convention,What We Did on Our Holidays,1968,LP,Island Records,L5,V,V30 British folk rock (selective),,Folk rock,"The UK, Ireland and Canada","London, England",London folk clubs,fiddle; fingerpicked acoustic; close harmonies; storytelling; hushed,Fotheringay; Meet on the Ledge; She Moves Through the Fair,Essential,,,Documented,High
A2645,Bridget St John,Ask Me No Questions,1969,LP,Dandelion Records,L5,V,V30 British folk rock (selective),,Folk rock,"The UK, Ireland and Canada","London, England",,fingerpicked acoustic; hushed; baritone; storytelling; breezy,Ask Me No Questions; Autumn Lullaby; To B Without A Hitch,Deep cut,,,Documented,High
A2646,Fairport Convention,Liege & Lief,1969,LP,Island Records,L5,V,V30 British folk rock (selective),,Folk rock,"The UK, Ireland and Canada","London, England",London folk clubs,fiddle; harmonized guitars; storytelling; bleak; close harmonies,Matty Groves; Tam Lin; Crazy Man Michael,Essential,Y,,Documented,High
A2647,Fairport Convention,Unhalfbricking,1969,LP,Island Records,L5,V,V30 British folk rock (selective),,Folk rock,"The UK, Ireland and Canada","London, England",London folk clubs,fiddle; close harmonies; storytelling; hushed; breezy,Who Knows Where the Time Goes?; A Sailor's Life; Si Tu Dois Partir,Essential,,,Documented,High
A2648,Michael Chapman,Rainmaker,1969,LP,Harvest,L5,V,V30 British folk rock (selective),V8,Folk rock,"The UK, Ireland and Canada","Leeds, England",,fingerpicked acoustic; baritone; storytelling; hushed; cracked or yelping,It Didn't Work Out; Rainmaker; No-One Left To Care,Essential,,,Both,High
A2649,Nick Drake,Five Leaves Left,1969,LP,Island Records,L5,V,V30 British folk rock (selective),V5,Folk rock,"The UK, Ireland and Canada","Tanworth-in-Arden, England",London folk clubs,strings; fingerpicked acoustic; hushed; bleak; baritone,River Man; Way to Blue; Time Has Told Me,Essential,,,Both,High
A2650,Pentangle,Basket of Light,1969,LP,Transatlantic Records,L5,V,V30 British folk rock (selective),,Folk rock,"The UK, Ireland and Canada","London, England",London folk clubs,fingerpicked acoustic; close harmonies; storytelling; breezy; long solos,Light Flight; Once I Had a Sweetheart; Sally Go 'Round the Roses,Essential,,,Documented,High
A2651,Fairport Convention,Full House,1970,LP,Island Records,L5,V,V30 British folk rock (selective),,Folk rock,"The UK, Ireland and Canada","London, England",London folk clubs,fiddle; harmonized guitars; storytelling; long songs (7+ minutes); breezy,Sloth; Sir Patrick Spens; Walk Awhile,Recommended,,,Both,High
A2652,Fotheringay,Fotheringay,1970,LP,Island Records,L5,V,V30 British folk rock (selective),,Folk rock,"The UK, Ireland and Canada","London, England",,fiddle; harmonized guitars; close harmonies; storytelling; breezy,Nothing More; The Sea; Banks of the Nile,Recommended,,,Documented,High
A2653,Michael Chapman,Fully Qualified Survivor,1970,LP,Harvest Records,L5,V,V30 British folk rock (selective),,Folk rock,"The UK, Ireland and Canada","Yorkshire, England",,fingerpicked acoustic; storytelling; breezy; small-town; hushed,Postcards of Scarborough; Aviator; Kodak Ghosts,Recommended,,,Both,High
A2654,Vashti Bunyan,Just Another Diamond Day,1970,LP,Philips Records,L5,V,V30 British folk rock (selective),C5,Folk rock,"The UK, Ireland and Canada","London, England",,fingerpicked acoustic; strings; hushed; lullaby; breezy,Diamond Day; Glow Worms; Rose Hip November,Essential,,,Both,High
A2655,Anne Briggs,The Time Has Come,1971,LP,CBS Records,L5,V,V30 British folk rock (selective),,Folk rock,"The UK, Ireland and Canada","Nottinghamshire, England",,fingerpicked acoustic; hushed; storytelling; bleak; lo-fi,The Time Has Come; Wishing Well; Fine Horseman,Deep cut,,,Documented,High
A2656,John Martyn,Bless the Weather,1971,LP,Island Records,L5,V,V30 British folk rock (selective),,Folk rock,"The UK, Ireland and Canada","London, England",London folk clubs,fingerpicked acoustic; hushed; breezy; heartbreak; storytelling,Head and Heart; Go Easy; Bless the Weather,Recommended,,,Documented,High
A2657,Nick Drake,Bryter Layter,1971,LP,Island Records,L5,V,V30 British folk rock (selective),V5,Folk rock,"The UK, Ireland and Canada","Tanworth-in-Arden, England",London folk clubs,strings; horns; fingerpicked acoustic; hushed; breezy,Northern Sky; At the Chime of a City Clock; Hazey Jane II,Essential,,,Documented,High
A2658,Sandy Denny,The North Star Grassman and the Ravens,1971,LP,Island Records,L5,V,V30 British folk rock (selective),,Folk rock,"The UK, Ireland and Canada","London, England",London folk clubs,fiddle; close harmonies; storytelling; hushed; breezy,Late November; Next Time Around; John the Gun,Essential,,,Documented,High
A2659,Steeleye Span,Please to See the King,1971,LP,B&C Records,L5,V,V30 British folk rock (selective),,Folk rock,"The UK, Ireland and Canada","London, England",London folk clubs,fiddle; harmonized guitars; close harmonies; storytelling; bleak,The Blacksmith; False Knight on the Road; Boys of Bedlam,Recommended,,,Documented,High
A2660,Nick Drake,Pink Moon,1972,LP,Island Records,L5,V,V30 British folk rock (selective),V5,Folk rock,"The UK, Ireland and Canada","Tanworth-in-Arden, England",London folk clubs,fingerpicked acoustic; piano; hushed; bleak; lullaby,Pink Moon; Place to Be; Things Behind the Sun,Essential,Y,,Inferred,High
A2661,Richard Thompson,Henry the Human Fly,1972,LP,Island Records,L5,V,V30 British folk rock (selective),,Folk rock,"The UK, Ireland and Canada","London, England",,Telecaster twang; harmonized guitars; storytelling; funny-sad; deadpan,Roll Over Vaughn Williams; Nobody's Wedding; The Angels Took My Racehorse Away,Recommended,,,Documented,High
A2662,Sandy Denny,Sandy,1972,LP,Island Records,L5,V,V30 British folk rock (selective),,Folk rock,"The UK, Ireland and Canada","London, England",London folk clubs,strings; close harmonies; storytelling; hushed; breezy,"It'll Take a Long Time; Listen, Listen; The Lady",Essential,,,Documented,High
A2663,John Martyn,Solid Air,1973,LP,Island Records,L5,V,V30 British folk rock (selective),,Folk rock,"The UK, Ireland and Canada","London, England",London folk clubs,fingerpicked acoustic; hushed; spiritual or gospel; heartbreak; breezy,Solid Air; May You Never; Don't Want to Know,Essential,,,Documented,High
A2664,Bert Jansch,L.A. Turnaround,1974,LP,Charisma Records,L5,V,V30 British folk rock (selective),,Folk rock,"The UK, Ireland and Canada","London, England",,fingerpicked acoustic; breezy; storytelling; polished; cosmic,Fresh as a Sweet Sunday Morning; One for Jo; Open Up the Watergate (Let the Sunshine In),Deep cut,,,Documented,High
A2665,Richard and Linda Thompson,I Want to See the Bright Lights Tonight,1974,LP,Island Records,L5,V,V30 British folk rock (selective),,Folk rock,"The UK, Ireland and Canada","London, England",,Telecaster twang; harmonized guitars; duets; storytelling; bleak,The Calvary Cross; Withered and Died; I Want to See the Bright Lights Tonight,Essential,,,Documented,High
A2666,Sandy Denny,Like an Old Fashioned Waltz,1974,LP,Island Records,L5,V,V30 British folk rock (selective),,Folk rock,"The UK, Ireland and Canada","London, England",London folk clubs,strings; horns; polished; hushed; bleak,Solo; At the End of the Day; Whispering Grass,Deep cut,,,Documented,High
A2667,Richard and Linda Thompson,Hokey Pokey,1975,LP,Island Records,L5,V,V30 British folk rock (selective),,Folk rock,"The UK, Ireland and Canada","London, England",,Telecaster twang; duets; storytelling; funny-sad; breezy,Hokey Pokey (The Ice Cream Song); A Heart Needs a Home; Old Man Inside a Young Man,Recommended,,,Documented,High
A2668,Richard and Linda Thompson,Pour Down Like Silver,1975,LP,Island Records,L5,V,V30 British folk rock (selective),,Folk rock,"The UK, Ireland and Canada","London, England",,Telecaster twang; duets; spiritual or gospel; hushed; bleak,Streets of Paradise; Night Comes In; For Shame of Doing Wrong,Recommended,,,Documented,High
A2669,Richard and Linda Thompson,Shoot Out the Lights,1982,LP,Hannibal Records,L4,V,V30 British folk rock (selective),,Folk rock,"The UK, Ireland and Canada","London, England",,Telecaster twang; duets; heartbreak; bleak; storytelling,Walking on a Wire; Shoot Out the Lights; Don't Renege on Our Love,Essential,,,Documented,High
A2670,Woody Guthrie,Dust Bowl Ballads,1940,LP,Victor,L6,V,R1 Roots,,Country folk,Texas and Oklahoma,"Okemah, OK",,storytelling; political; harmonica; drawl; road songs,Tom Joad; Do Re Mi; Talkin' Dust Bowl Blues,Essential,,,Both,High
A2671,Jean Ritchie,Singing the Traditional Songs of Her Kentucky Mountain Family,1952,LP,Elektra,L6,V,R1 Roots,,Country folk,The South,"Viper, KY",,storytelling; hushed; spiritual or gospel; drawl; lullaby,Nottamun Town; Shady Grove; The Cuckoo,Recommended,,,Documented,High
A2672,Various Artists,Anthology of American Folk Music,1952,Compilation,Folkways Records,L6,V,R1 Roots,,Country folk,The South,"Various, USA",,banjo; fiddle; storytelling; spiritual or gospel; Southern gothic,Henry Lee; John the Revelator; Acadian One Step,Essential,Y,,Both,High
A2673,Kitty Wells,Kitty Wells' Country Hit Parade,1956,Compilation,Decca,L6,V,R1 Roots,,Honky-tonk,The South,"Nashville, TN",,Telecaster twang; drawl; heartbreak; close harmonies; storytelling,It Wasn't God Who Made Honky Tonk Angels; Release Me; Cheatin's a Sin,Essential,,,Both,High
A2674,The Louvin Brothers,Tragic Songs of Life,1956,LP,Capitol,L6,V,R1 Roots,,Classic country,The South,"Henagar, AL",,mandolin; close harmonies; storytelling; heartbreak; Southern gothic,Knoxville Girl; In the Pines; Kentucky,Essential,,,Both,High
A2675,Odetta,Odetta Sings Ballads and Blues,1956,LP,Tradition Records,L6,V,R1 Roots,,Country folk,The South,"Birmingham, AL",,storytelling; spiritual or gospel; political; baritone; hushed,"Muleskinner Blues; Oh, Freedom; Santy Anno",Essential,,,Documented,High
A2676,Flatt & Scruggs,Foggy Mountain Jamboree,1957,LP,Columbia,L6,V,R1 Roots,,Bluegrass,The South,"Nashville, TN",,banjo; mandolin; fiddle; close harmonies; storytelling,Flint Hill Special; Foggy Mountain Chimes; Blue Ridge Cabin Home,Essential,,,Both,High
A2677,Johnny Cash,Johnny Cash with His Hot and Blue Guitar!,1957,LP,Sun Records,L6,V,R1 Roots,,Classic country,The South,"Memphis, TN",Memphis,baritone; drawl; storytelling; drinking songs; road songs,Folsom Prison Blues; I Walk the Line; Cry! Cry! Cry!,Essential,,,Both,High
A2678,Elizabeth Cotten,Folksongs and Instrumentals with Guitar,1958,LP,Folkways,L6,V,R1 Roots,,Country folk,The South,"Chapel Hill, NC",,fingerpicked acoustic; storytelling; hushed; lullaby; drawl,Freight Train; Vastopol; Wilson Rag,Essential,,,Both,High
A2679,The Everly Brothers,Songs Our Daddy Taught Us,1958,LP,Cadence,L6,V,R1 Roots,,Country folk,The South,"Nashville, TN",,close harmonies; fingerpicked acoustic; storytelling; drawl; heartbreak,Barbara Allen; Down in the Willow Garden; Roving Gambler,Essential,,,Documented,High
A2680,Johnny Cash,Johnny Cash Sings the Songs That Made Him Famous,1958,Compilation,Sun Records,L6,V,R1 Roots,,Classic country,The South,"Memphis, TN",Memphis,baritone; drawl; storytelling; heartbreak; road songs,Ballad of a Teenage Queen; Guess Things Happen That Way; There You Go,Recommended,,,Documented,High
A2681,Johnny Cash,The Fabulous Johnny Cash,1958,LP,Columbia,L6,V,R1 Roots,,Classic country,The South,"Memphis, TN",,baritone; drawl; storytelling; spiritual or gospel; heartbreak,"Don't Take Your Guns to Town; I Still Miss Someone; Frankie's Man, Johnny",Recommended,,,Documented,High
A2682,The New Lost City Ramblers,The New Lost City Ramblers,1958,LP,Folkways Records,L6,V,R1 Roots,,Bluegrass,The Northeast,"New York, NY",,fiddle; banjo; mandolin; fingerpicked acoustic; storytelling,Don't Let Your Deal Go Down; Colored Aristocracy; Brown's Ferry Blues,Essential,,,Documented,High
A2683,The Stanley Brothers,Country Pickin' and Singin',1958,LP,Mercury,L6,V,R1 Roots,,Bluegrass,The South,"Dickenson County, VA",,banjo; mandolin; close harmonies; drawl; storytelling,Angel Band; White Dove; The Fields Have Turned Brown,Recommended,,,Both,High
A2684,Ernest Tubb,The Ernest Tubb Story,1959,Compilation,Decca,L6,V,R1 Roots,,Honky-tonk,Texas and Oklahoma,"San Antonio, TX",,Telecaster twang; drawl; heartbreak; drinking songs; road songs,Walking the Floor Over You; Filipino Baby; Rainbow at Midnight,Recommended,,,Both,High
A2685,The Everly Brothers,The Everly Brothers' Best,1959,Compilation,Cadence,L6,V,R1 Roots,,Country folk,The South,"Nashville, TN",,close harmonies; duets; heartbreak; breezy; drawl,Bye Bye Love; Wake Up Little Susie; All I Have to Do Is Dream,Recommended,,,Documented,High
A2686,The Louvin Brothers,Satan Is Real,1959,LP,Capitol,L6,V,R1 Roots,,Classic country,The South,"Henagar, AL",,mandolin; close harmonies; spiritual or gospel; Southern gothic; baritone,Satan Is Real; The Christian Life; Satan's Jeweled Crown,Essential,,,Documented,High
A2687,Marty Robbins,Gunfighter Ballads and Trail Songs,1959,LP,Columbia,L6,V,R1 Roots,,Classic country,Elsewhere,"Glendale, AZ",,Telecaster twang; storytelling; road songs; baritone; drawl,El Paso; Big Iron; Cool Water,Essential,,,Inferred,High
A2688,Buck Owens,Buck Owens,1961,LP,Capitol,L6,V,R1 Roots,,Honky-tonk,Elsewhere,"Bakersfield, CA",Bakersfield,Telecaster twang; drawl; close harmonies; heartbreak; rowdy,Under Your Spell Again; Above and Beyond; Excuse Me (I Think I've Got a Heartache),Essential,,,Both,High
A2689,Patsy Cline,Showcase,1961,LP,Decca,L6,V,R1 Roots,,Mainstream country,The South,"Winchester, VA",,strings; close harmonies; heartbreak; baritone; polished,Crazy; I Fall to Pieces; She's Got You,Essential,,,Both,High
A2690,Bob Dylan,Bob Dylan,1962,LP,Columbia,L6,V,R1 Roots,V22,Country folk,Elsewhere,"New York, NY",Greenwich Village folk,fingerpicked acoustic; storytelling; harmonica; drawl; heartbreak,Song to Woody; Talkin' New York; House of the Rising Sun,Essential,,,Documented,High
A2691,Ray Charles,Modern Sounds in Country and Western Music,1962,LP,ABC-Paramount,L6,V,R1 Roots,,Crossover,The South,"Albany, GA",,strings; horns; piano; close harmonies; heartbreak,I Can't Stop Loving You; You Don't Know Me; Born to Lose,Essential,,,Both,High
A2692,Bob Dylan,The Freewheelin' Bob Dylan,1963,LP,Columbia,L6,V,R1 Roots,V22,Country folk,Elsewhere,"New York, NY",Greenwich Village folk,fingerpicked acoustic; storytelling; harmonica; political; heartbreak,"Blowin' in the Wind; Don't Think Twice, It's All Right; A Hard Rain's a-Gonna Fall",Essential,,,Both,High
A2693,Doc Watson,Doc Watson,1964,LP,Vanguard,L6,V,R1 Roots,,Country folk,The South,"Deep Gap, NC",,fingerpicked acoustic; banjo; storytelling; drawl; harmonica,Black Mountain Rag; Tom Dooley; Deep River Blues,Essential,,,Both,High
A2694,Hank Williams,40 Greatest Hits,1978,Compilation,Polydor,L6,V,R1 Roots,,Honky-tonk,The South,"Montgomery, AL",,Telecaster twang; drawl; heartbreak; drinking songs; storytelling,"Your Cheatin' Heart; I'm So Lonesome I Could Cry; Hey, Good Lookin'",Essential,Y,,Documented,High
A2695,Bill Monroe,The Essential Bill Monroe And His Blue Grass Boys (1945-1949),1992,Compilation,Columbia,L6,V,R1 Roots,,Bluegrass,The South,"Rosine, KY",,mandolin; fiddle; banjo; close harmonies; storytelling,Blue Moon of Kentucky; Uncle Pen; Can't You Hear Me Callin',Essential,,,Both,High
A2696,Bob Wills & His Texas Playboys,The Essential Bob Wills (1935-1947),1992,Compilation,Columbia,L6,V,R1 Roots,,Classic country,Texas and Oklahoma,"Tulsa, OK",,fiddle; horns; storytelling; road songs; breezy,New San Antonio Rose; Steel Guitar Rag; Take Me Back to Tulsa,Essential,,,Documented,High
A2697,Lead Belly,"Where Did You Sleep Last Night: Lead Belly Legacy, Vol. 1",1996,Compilation,Smithsonian Folkways,L6,V,R1 Roots,,Country folk,The South,"Shreveport, LA",,fingerpicked acoustic; storytelling; spiritual or gospel; political; drawl,"Where Did You Sleep Last Night (In the Pines); Goodnight, Irene; Rock Island Line",Essential,,,Documented,High
A2698,Mississippi John Hurt,Avalon Blues: The Complete 1928 Okeh Recordings,1996,Compilation,Columbia,L6,V,R1 Roots,,Country folk,The South,"Avalon, MS",,fingerpicked acoustic; storytelling; hushed; drawl; heartbreak,Frankie; Candy Man Blues; Avalon Blues,Essential,,,Both,High
A2699,Jimmie Rodgers,The Essential Jimmie Rodgers,1997,Compilation,RCA,L6,V,R1 Roots,,Country folk,The South,"Meridian, MS",,fingerpicked acoustic; storytelling; road songs; drawl; heartbreak,Blue Yodel No. 1 (T for Texas); Waiting for a Train; In the Jailhouse Now,Essential,,,Documented,High
A2700,Lefty Frizzell,Look What Thoughts Will Do,1997,Compilation,Columbia/Legacy,L6,V,R1 Roots,,Honky-tonk,Texas and Oklahoma,"Corsicana, TX",,Telecaster twang; drawl; heartbreak; storytelling; drinking songs,If You've Got the Money (I've Got the Time); Long Black Veil; I Love You a Thousand Ways,Essential,,,Documented,High
A2701,Woody Guthrie,"This Land Is Your Land: The Asch Recordings, Vol. 1",1997,Compilation,Smithsonian Folkways,L6,V,R1 Roots,,Country folk,Texas and Oklahoma,"Okemah, OK",,storytelling; political; harmonica; spiritual or gospel; road songs,This Land Is Your Land; Pastures of Plenty; Grand Coulee Dam,Recommended,,,Documented,High
A2702,The Carter Family,The Essential Carter Family,2013,Compilation,Columbia/Legacy,L6,V,R1 Roots,,Country folk,The South,"Maces Spring, VA",,close harmonies; fingerpicked acoustic; storytelling; spiritual or gospel; drawl,Wildwood Flower; Keep on the Sunny Side; Can the Circle Be Unbroken,Essential,,,Both,High
A2703,Glen Campbell,Wichita Lineman,1968,LP,Capitol,L5,Context,"X1 Mainstream Nashville, countrypolitan to bro-country",,Mainstream country,The West,"Los Angeles, CA",,pedal steel; strings; close harmonies; polished; heartbreak,Wichita Lineman; Dreams of the Everyday Housewife; Fate of Man,Essential,Y,,Inferred,High
A2704,George Strait,Does Fort Worth Ever Cross Your Mind,1984,LP,MCA Records,L4,Context,"X1 Mainstream Nashville, countrypolitan to bro-country",,Classic country,Texas and Oklahoma,"San Antonio, TX",,fiddle; pedal steel; Telecaster twang; drawl; heartbreak,Does Fort Worth Ever Cross Your Mind; Let's Fall to Pieces Together; The Cowboy Rides Away,Essential,,,Inferred,Medium
A2705,Randy Travis,Storms of Life,1986,LP,Warner Bros. Nashville,L4,Context,"X1 Mainstream Nashville, countrypolitan to bro-country",,Classic country,The South,"Nashville, TN",,pedal steel; baritone; drawl; heartbreak; drinking songs,On the Other Hand; 1982; Diggin' Up Bones,Essential,,,Both,Medium
A2706,Garth Brooks,No Fences,1990,LP,Capitol Nashville,L3,Context,"X1 Mainstream Nashville, countrypolitan to bro-country",,Mainstream country,The West,"Oklahoma City, OK",,fiddle; anthemic; storytelling; rowdy; drinking songs,Friends in Low Places; The Thunder Rolls; Unanswered Prayers,Essential,,,Both,Medium
A2707,Alan Jackson,Don't Rock the Jukebox,1991,LP,Arista Nashville,L3,Context,"X1 Mainstream Nashville, countrypolitan to bro-country",,Classic country,The South,"Newnan, GA",,fiddle; pedal steel; drawl; small-town; drinking songs,Don't Rock the Jukebox; Someday; Dallas,Recommended,,,Both,Medium
A2708,Shania Twain,Come On Over,1997,LP,Mercury Records,L3,Context,"X1 Mainstream Nashville, countrypolitan to bro-country",,Mainstream country,"The UK, Ireland and Canada","Nashville, TN",,anthemic; polished; breezy; drum machine; storytelling,Man! I Feel Like a Woman!; You're Still the One; That Don't Impress Me Much,Essential,,,Inferred,Medium
A2709,Jason Aldean,My Kinda Party,2010,LP,Broken Bow Records,L2,Context,"X1 Mainstream Nashville, countrypolitan to bro-country",,Mainstream country,The South,"Nashville, TN",,drum machine; anthemic; rowdy; drinking songs; storytelling,Dirt Road Anthem; My Kinda Party; Don't You Wanna Stay,Essential,,,Inferred,Medium
A2710,Florida Georgia Line,Here's to the Good Times,2012,LP,Republic Nashville,L2,Context,"X1 Mainstream Nashville, countrypolitan to bro-country",,Mainstream country,The South,"Nashville, TN",,drum machine; anthemic; rowdy; drinking songs; road songs,Cruise; Get Your Shine On; Round Here,Essential,,,Both,Medium
A2711,Luke Combs,This One's for You,2017,LP,River House Artists/Columbia Nashville,L1,Context,"X1 Mainstream Nashville, countrypolitan to bro-country",,Mainstream country,The South,"Nashville, TN",,Telecaster twang; baritone; anthemic; drinking songs; heartbreak,Hurricane; When It Rains It Pours; This One's for You,Essential,,,Inferred,Medium
A2712,Morgan Wallen,Dangerous: The Double Album,2021,LP,Big Loud/Republic,L1,Context,"X1 Mainstream Nashville, countrypolitan to bro-country",,Mainstream country,The South,"Nashville, TN",,drum machine; drawl; heartbreak; drinking songs; anthemic,Wasted on You; 7 Summers; Sand in My Boots,Essential,,,Inferred,Medium
A2713,Lainey Wilson,Bell Bottom Country,2022,LP,BBR Music Group,L1,Context,"X1 Mainstream Nashville, countrypolitan to bro-country",,Mainstream country,The South,"Nashville, TN",,pedal steel; drawl; anthemic; small-town; rowdy,Heart Like a Truck; Watermelon Moonshine; Never Say Never,Recommended,,,Inferred,Medium
A2714,Willow Avalon,Stranger,2024,EP,Atlantic/Assemble Sound,L1,Context,"X1 Mainstream Nashville, countrypolitan to bro-country",,Mainstream country,The South,"Glennville, GA",,drawl; hushed; storytelling; small-town; drum machine,Strangers; Wishing Well; Corn Bread,Recommended,,,Inferred,Medium
A2715,Jason Boland & the Stragglers,Pearl Snaps,1999,LP,Smith Music Group,L2,Context,"X2 Red Dirt, Texas country, and arena Americana",,Outlaw,Texas and Oklahoma,"Harrah, OK",Red Dirt,fiddle; pedal steel; drawl; storytelling; small-town,Pearl Snaps; Blackjack County Chain; Somewhere Down in Texas,Essential,,,Documented,Medium
A2716,Cross Canadian Ragweed,Cross Canadian Ragweed,2002,LP,Universal South,L2,Context,"X2 Red Dirt, Texas country, and arena Americana",,Southern rock,Texas and Oklahoma,"Yukon, OK",Red Dirt,Telecaster twang; rowdy; drawl; road songs; drinking songs,17; Boys From Oklahoma; Sick and Tired,Essential,Y,,Both,Medium
A2717,Pat Green,Wave on Wave,2003,LP,Universal/Republic,L2,Context,"X2 Red Dirt, Texas country, and arena Americana",,Mainstream country,Texas and Oklahoma,"Waco, TX",,Telecaster twang; anthemic; road songs; drawl; breezy,Wave on Wave; Guy Like Me; Tell Me Something I Don't Know,Recommended,,,Inferred,Medium
A2718,Turnpike Troubadours,Diamonds & Gasoline,2010,LP,Bossier City Records,L2,Context,"X2 Red Dirt, Texas country, and arena Americana",,Southern rock,Texas and Oklahoma,"Tahlequah, OK",Red Dirt,fiddle; storytelling; drawl; small-town; road songs,"Diamonds & Gasoline; Good Lord, I Am Your Son; Long Drive Home",Essential,,,Inferred,Medium
A2719,Chris Stapleton,Traveller,2015,LP,Mercury Nashville,L1,Context,"X2 Red Dirt, Texas country, and arena Americana",,Southern rock,The South,"Nashville, TN",,baritone; slide guitar; storytelling; heartbreak; cracked or yelping,Tennessee Whiskey; Nobody to Blame; Parachute,Essential,,,Both,Medium
A2720,Cody Johnson,Human: The Double Album,2021,LP,Warner Music Nashville/CoJo Music,L1,Context,"X2 Red Dirt, Texas country, and arena Americana",,Mainstream country,Texas and Oklahoma,"Sebastopol, TX",,fiddle; pedal steel; baritone; drawl; storytelling,'Til You Can't; Human; Longer Than She Did,Recommended,,,Inferred,Medium
A2721,Zach Bryan,American Heartbreak,2022,LP,Warner Records,L1,Context,"X2 Red Dirt, Texas country, and arena Americana",,Country folk,Texas and Oklahoma,"Oologah, OK",,fingerpicked acoustic; drawl; cracked or yelping; heartbreak; storytelling,Something in the Orange; Sun to Me; From Austin,Essential,Y,,Inferred,Medium
A2722,Zach Bryan,Zach Bryan,2023,LP,Warner Records,L1,Context,"X2 Red Dirt, Texas country, and arena Americana",,Country folk,Texas and Oklahoma,"Oologah, OK",,fingerpicked acoustic; drawl; cracked or yelping; storytelling; hushed,I Remember Everything; East Side of Sorrow; Fear and Fridays,Essential,,,Documented,Medium
A2723,49 Winchester,Leavin' This Holler,2024,LP,New West Records,L1,Context,"X2 Red Dirt, Texas country, and arena Americana",,Southern rock,The South,"Castlewood, VA",,pedal steel; Telecaster twang; drawl; small-town; road songs,Miles to Go; Everlasting Lover; Fast Asleep,Recommended,,,Inferred,Medium
A2724,Wyatt Flores,Half Life,2024,EP,OEG/Island,L1,Context,"X2 Red Dirt, Texas country, and arena Americana",,Country folk,Texas and Oklahoma,"Stillwater, OK",Red Dirt,fingerpicked acoustic; drawl; heartbreak; hushed; storytelling,Running Out Of Time; Half Life; Milwaukee,Recommended,,,Inferred,High
A2725,Old Crow Medicine Show,O.C.M.S.,2004,LP,Nettwerk,L2,Context,X3 Big-tent Americana and stomp-clap folk,X4,Folk rock,The South,"Nashville, TN",,banjo; fiddle; storytelling; rowdy; anthemic,Wagon Wheel; Tell It to Me; We're All in This Together,Essential,Y,,Inferred,Medium
A2726,Avett Brothers,I and Love and You,2009,LP,American Recordings,L2,Context,X3 Big-tent Americana and stomp-clap folk,,Indie folk,The Carolinas,"Concord, NC",,fingerpicked acoustic; piano; close harmonies; anthemic; heartbreak,I and Love and You; January Wedding; Kick Drum Heart,Essential,,,Inferred,Medium
A2727,Mumford & Sons,Sigh No More,2009,LP,Island Records/Glassnote Records,L2,Context,X3 Big-tent Americana and stomp-clap folk,,Indie folk,"The UK, Ireland and Canada","London, England",,banjo; close harmonies; anthemic; spiritual or gospel; shouted,Little Lion Man; The Cave; Winter Winds,Essential,,,Inferred,Medium
A2728,The Head and the Heart,The Head and the Heart,2011,LP,Sub Pop,L2,Context,X3 Big-tent Americana and stomp-clap folk,,Indie folk,The West,"Seattle, WA",,piano; close harmonies; fingerpicked acoustic; anthemic; breezy,Rivers and Roads; Lost in My Mind; Down in the Valley,Recommended,,,Inferred,Medium
A2729,The Lumineers,The Lumineers,2012,LP,Dualtone,L2,Context,X3 Big-tent Americana and stomp-clap folk,,Indie folk,The Northeast,"Denver, CO",,fingerpicked acoustic; shouted; anthemic; close harmonies; hushed,Ho Hey; Stubborn Love; Flowers in Your Hair,Essential,,,Inferred,Medium
A2730,Nathaniel Rateliff & the Night Sweats,Nathaniel Rateliff & the Night Sweats,2015,LP,Stax,L1,Context,X3 Big-tent Americana and stomp-clap folk,,Southern rock,The West,"Denver, CO",,horns; shouted; anthemic; rowdy; drinking songs,S.O.B.; I Need Never Get Old; Wasting Time,Recommended,,,Inferred,Medium
A2731,Brandi Carlile,"By the Way, I Forgive You",2018,LP,Low Country Sound/Elektra,L1,Context,X3 Big-tent Americana and stomp-clap folk,,Indie folk,The West,"Seattle, WA",,close harmonies; strings; anthemic; storytelling; spiritual or gospel,The Joke; Every Time I Hear That Song; The Mother,Essential,,,Inferred,Medium
A2732,JD Clayton,Long Way From Home,2023,LP,Mulberry Records,L1,Context,X3 Big-tent Americana and stomp-clap folk,X2,Country rock,Texas and Oklahoma,"Fort Smith, AR",,Telecaster twang; drawl; storytelling; small-town; breezy,American Millionaire; Long Way From Home; Devil in the Corner,Recommended,,,Inferred,Medium
A2733,The War and Treaty,Lover's Game,2023,LP,Mercury Nashville/UMG Nashville,L1,Context,X3 Big-tent Americana and stomp-clap folk,,Southern rock,The South,"Albion, MI",,horns; close harmonies; duets; spiritual or gospel; shouted,Lover's Game; Ain't No Harmin' Me; Blank Page,Recommended,,,Both,Medium
A2734,New Grass Revival,New Grass Revival,1972,LP,Starday Records,L5,Context,"X4 Bluegrass, old-time, and newgrass",,Bluegrass,The South,"Louisville, KY",,banjo; mandolin; fiddle; long solos; rowdy,Prince of Peace; Great Balls of Fire; Rabbit in a Log,Essential,Y,,Both,Medium
A2735,Nickel Creek,Nickel Creek,2000,LP,Sugar Hill,L2,Context,"X4 Bluegrass, old-time, and newgrass",,Bluegrass,The West,"San Diego, CA",,mandolin; fiddle; close harmonies; long solos; breezy,The Lighthouse's Tale; When You Come Back Down; Reasons Why,Essential,,,Both,Medium
A2736,Alison Krauss & Union Station,New Favorite,2001,LP,Rounder,L2,Context,"X4 Bluegrass, old-time, and newgrass",,Bluegrass,The South,"Nashville, TN",,fiddle; mandolin; close harmonies; hushed; polished,The Lucky One; New Favorite; Let Me Touch You for a While,Essential,,,Inferred,Medium
A2737,Punch Brothers,Punch,2008,LP,Nonesuch,L2,Context,"X4 Bluegrass, old-time, and newgrass",,Bluegrass,The Northeast,"New York, NY",,mandolin; banjo; long solos; long songs (7+ minutes); close harmonies,Punch; This Is the Song (Good Luck); Sold to the Devil,Recommended,,,Documented,Medium
A2738,Billy Strings,Home,2019,LP,Rounder,L1,Context,"X4 Bluegrass, old-time, and newgrass",,Bluegrass,The Northeast,"Nashville, TN",,banjo; mandolin; long solos; cracked or yelping; rowdy,Taking Water; Away From the Mire; Highway Hypnosis,Essential,,,Inferred,Medium
A2739,Leyla McCalla,Breaking the Thermometer,2022,LP,ANTI-,L1,Context,"X4 Bluegrass, old-time, and newgrass",,Country folk,The South,"New Orleans, LA",,banjo; strings; close harmonies; spiritual or gospel; storytelling,Fort Dimanche; Dodinin; Memory Song,Recommended,,,Both,Medium
A2740,Molly Tuttle,Crooked Tree,2022,LP,Nonesuch,L1,Context,"X4 Bluegrass, old-time, and newgrass",,Bluegrass,The West,"Nashville, TN",,banjo; mandolin; fiddle; close harmonies; storytelling,Crooked Tree; She'll Change; Dooley's Farm,Essential,,,Inferred,Medium
A2741,Sierra Ferrell,Trail of Flowers,2024,LP,Rounder,L1,Context,"X4 Bluegrass, old-time, and newgrass",X2,Bluegrass,The South,"Nashville, TN",,fiddle; banjo; close harmonies; storytelling; cosmic,American Dreaming; Jeremiah; Fox Hunt,Essential,,,Inferred,Medium
A2742,Devendra Banhart,Rejoicing in the Hands,2004,LP,Young God,L2,Context,"X5 Chamber, baroque, and freak folk",,Indie folk,The West,"Los Angeles, CA",,fingerpicked acoustic; cracked or yelping; lo-fi; spiritual or gospel; hushed,This Beard Is for Siobhan; A Sight to Behold; Insect Eyes,Essential,,,Both,High
A2743,Joanna Newsom,The Milk-Eyed Mender,2004,LP,Drag City,L2,Context,"X5 Chamber, baroque, and freak folk",,Indie folk,The West,"Nevada City, CA",,harmonized guitars; cracked or yelping; fingerpicked acoustic; lo-fi; storytelling,"Bridges and Balloons; Sadie; Peach, Plum, Pear",Recommended,,,Inferred,Medium
A2744,The Decemberists,Picaresque,2005,LP,Kill Rock Stars,L2,Context,"X5 Chamber, baroque, and freak folk",,Indie folk,The West,"Portland, OR",,strings; harmonized guitars; storytelling; anthemic; pop-culture references,The Infanta; 16 Military Wives; The Mariner's Revenge Song,Essential,,,Documented,Medium
A2745,Devendra Banhart,Cripple Crow,2005,LP,XL Recordings,L2,Context,"X5 Chamber, baroque, and freak folk",,Indie folk,The West,"Los Angeles, CA",,harmonized guitars; fingerpicked acoustic; drawl; spiritual or gospel; storytelling,I Feel Just Like a Child; Little Yellow Spider; Heard Somebody Say,Recommended,,,Inferred,High
A2746,Sufjan Stevens,Illinois,2005,LP,Asthmatic Kitty,L2,Context,"X5 Chamber, baroque, and freak folk",,Indie folk,Elsewhere,"New York, NY",,strings; horns; banjo; storytelling; small-town; anthemic,Chicago; Casimir Pulaski Day; Come On! Feel the Illinoise!,Essential,Y,,Inferred,Medium
A2747,Beirut,Gulag Orkestar,2006,LP,Ba Da Bing,L2,Context,"X5 Chamber, baroque, and freak folk",,Indie folk,The West,"Santa Fe, NM",,horns; strings; cracked or yelping; anthemic; storytelling,Postcards from Italy; Elephant Gun; Rhineland (Heartland),Essential,,,Inferred,Medium
A2748,The Decemberists,The Crane Wife,2006,LP,Capitol,L2,Context,"X5 Chamber, baroque, and freak folk",,Indie folk,The West,"Portland, OR",,strings; harmonized guitars; long songs (7+ minutes); storytelling; anthemic,The Crane Wife 3; O Valencia!; Sons & Daughters,Essential,,,Documented,Medium
A2749,Joanna Newsom,Ys,2006,LP,Drag City,L2,Context,"X5 Chamber, baroque, and freak folk",,Indie folk,The West,"Nevada City, CA",,strings; harmonized guitars; storytelling; cracked or yelping; long songs (7+ minutes),Emily; Monkey & Bear; Sawdust & Diamonds,Essential,,,Inferred,Medium
A2750,Beirut,The Flying Club Cup,2007,LP,Ba Da Bing,L2,Context,"X5 Chamber, baroque, and freak folk",,Indie folk,The West,"Santa Fe, NM",,horns; strings; harmonized guitars; anthemic; storytelling,Nantes; A Sunday Smile; Cliquot,Recommended,,,Inferred,Medium
A2751,Sufjan Stevens,Carrie & Lowell,2015,LP,Asthmatic Kitty,L1,Context,"X5 Chamber, baroque, and freak folk",,Indie folk,Elsewhere,"New York, NY",,fingerpicked acoustic; hushed; bleak; lullaby; spiritual or gospel,Fourth of July; Should Have Known Better; Eugene,Essential,,,Inferred,Medium
A2752,Tapir!,"The Pilgrim, Their God and the King of My Decrepit Mountain",2024,LP,Heavenly Recordings,L1,Context,"X5 Chamber, baroque, and freak folk",,Indie folk,"The UK, Ireland and Canada","London, UK",,strings; horns; spiritual or gospel; storytelling; anthemic,Ready to Fly Away,Recommended,,,Inferred,High
A2753,Racing Mount Pleasant,Racing Mount Pleasant,2025,LP,Self-released,L1,Context,"X5 Chamber, baroque, and freak folk",,Indie folk,Chicago and the Midwest,"Ann Arbor, MI",,strings; horns; anthemic; harmonized guitars; storytelling,Overture; Youngblood,Recommended,,,Inferred,High
A2754,Sunny Day Real Estate,Diary,1994,LP,Sub Pop,L3,Context,X6 Emo and Midwest emo,,Emo,The West,"Seattle, WA",,shouted; cracked or yelping; noise wall; anthemic; glacial,Seven; In Circles; 47,Essential,,,Both,Medium
A2755,Cap'n Jazz,Shmap'n Shmazz,1995,LP,Man With Gun,L3,Context,X6 Emo and Midwest emo,,Emo,Chicago and the Midwest,"Buffalo Grove, IL",,shouted; noise wall; Midwestern; short songs (under 2 minutes); drawl,Little League; Basil's Kite,Essential,Y,,Both,Medium
A2756,Mineral,The Power of Failing,1997,LP,Crank!,L3,Context,X6 Emo and Midwest emo,,Emo,Texas and Oklahoma,"Houston, TX",,shouted; cracked or yelping; anthemic; Southern gothic; long songs (7+ minutes),Parking Lot; Gloria,Essential,,,Inferred,Medium
A2757,The Promise Ring,Nothing Feels Good,1997,LP,Jade Tree,L3,Context,X6 Emo and Midwest emo,,Emo,Chicago and the Midwest,"Milwaukee, WI",,jangle; shouted; short songs (under 2 minutes); Midwestern; anthemic,Is This Thing On?; Raspberry Rush,Recommended,,,Inferred,Medium
A2758,American Football,American Football,1999,LP,Polyvinyl,L2,Context,X6 Emo and Midwest emo,,Emo,Chicago and the Midwest,"Urbana, IL",,jangle; Midwestern; hushed; harmonized guitars; glacial,Never Meant; The Summer Ends,Essential,,,Both,Medium
A2759,Into It. Over It.,Proper,2011,LP,Triple Crown,L2,Context,X6 Emo and Midwest emo,,Emo,Chicago and the Midwest,"Chicago, IL",,jangle; Midwestern; harmonized guitars; shouted; anthemic,Discretion; Anchor,Recommended,,,Inferred,Medium
A2760,The Hotelier,"Home, Like Noplace Is There",2014,LP,Tiny Engines,L1,Context,X6 Emo and Midwest emo,,Emo,The Northeast,"Worcester, MA",,shouted; bleak; anthemic; funny-sad; noise wall,Your Deep Rest; Discomfort Revisited,Recommended,,,Inferred,Medium
A2761,Modern Baseball,You're Gonna Miss It All,2014,LP,Run for Cover,L1,Context,X6 Emo and Midwest emo,,Emo,Philadelphia,"Philadelphia, PA",,shouted; drawl; funny-sad; small-town; short songs (under 2 minutes),Rock Bottom; Your Graduation,Recommended,,,Inferred,Medium
A2762,Bruce Springsteen,Born to Run,1975,LP,Columbia,L5,Context,X7 Heartland rock,,Heartland rock,The Northeast,"Asbury Park, NJ",,anthemic; Telecaster twang; storytelling; road songs; small-town,Thunder Road; Born to Run; Jungleland,Essential,Y,,Documented,Medium
A2763,Bob Seger,Night Moves,1976,LP,Capitol,L5,Context,X7 Heartland rock,,Heartland rock,Chicago and the Midwest,"Detroit, MI",,anthemic; road songs; heartbreak; drawl; storytelling,Night Moves; Mainstreet; Rock and Roll Never Forgets,Essential,,,Inferred,Medium
A2764,Bruce Springsteen,Darkness on the Edge of Town,1978,LP,Columbia,L4,Context,X7 Heartland rock,,Heartland rock,The Northeast,"Asbury Park, NJ",,anthemic; drawl; storytelling; small-town; heartbreak,Badlands; The Promised Land; Racing in the Street,Recommended,,,Inferred,Medium
A2765,Tom Petty and the Heartbreakers,Damn the Torpedoes,1979,LP,Backstreet/MCA,L4,Context,X7 Heartland rock,,Heartland rock,The South,"Gainesville, FL",,Telecaster twang; jangle; anthemic; road songs; drawl,Refugee; Even the Losers; Here Comes My Girl,Essential,,,Documented,Medium
A2766,Bob Seger,Against the Wind,1980,LP,Capitol,L4,Context,X7 Heartland rock,,Heartland rock,Chicago and the Midwest,"Detroit, MI",,anthemic; heartbreak; road songs; drawl; storytelling,Against the Wind; Fire Lake; You'll Accomp'ny Me,Recommended,,,Inferred,Medium
A2767,Bruce Springsteen,Nebraska,1982,LP,Columbia,L4,Context,X7 Heartland rock,V22,Country folk,The Northeast,"Asbury Park, NJ",,fingerpicked acoustic; bleak; storytelling; drawl; Southern gothic,Nebraska; Atlantic City; Highway Patrolman,Essential,,,Documented,Medium
A2768,Bruce Springsteen,Born in the U.S.A.,1984,LP,Columbia,L4,Context,X7 Heartland rock,,Heartland rock,The Northeast,"Asbury Park, NJ",,anthemic; synths; drum machine; road songs; political,Born in the U.S.A.; Dancing in the Dark; My Hometown,Recommended,,,Inferred,Medium
A2769,John Mellencamp,Scarecrow,1985,LP,Riva,L4,Context,X7 Heartland rock,,Heartland rock,Chicago and the Midwest,"Bloomington, IN",,Telecaster twang; fiddle; small-town; storytelling; political,Small Town; Rain on the Scarecrow; Lonely Ol' Night,Essential,,,Inferred,Medium
A2770,Tom Petty and the Heartbreakers,Southern Accents,1985,LP,MCA,L4,Context,X7 Heartland rock,,Heartland rock,The South,"Gainesville, FL",,synths; drawl; Southern gothic; road songs; anthemic,Rebels; Southern Accents; Don't Come Around Here No More,Recommended,,,Inferred,Medium
A2771,Mudhoney,Superfuzz Bigmuff,1988,EP,Sub Pop,L3,Context,X8 Grunge and '90s alt radio,,Punk,The West,"Seattle, WA",Seattle,feedback; noise wall; shouted; lo-fi; drawl,Touch Me I'm Sick; Mudride,Essential,,,Documented,Medium
A2772,Nirvana,Bleach,1989,LP,Sub Pop,L3,Context,X8 Grunge and '90s alt radio,,Punk,The West,"Aberdeen, WA",Seattle,feedback; noise wall; drawl; shouted; lo-fi,Blew; About a Girl; Negative Creep,Recommended,,,Documented,Medium
A2773,Nirvana,Nevermind,1991,LP,DGC Records,L3,Context,X8 Grunge and '90s alt radio,,Punk,The West,"Aberdeen, WA",Seattle,feedback; anthemic; shouted; drawl; noise wall,Smells Like Teen Spirit; Come as You Are; Lithium,Essential,Y,,Documented,Medium
A2774,Pearl Jam,Ten,1991,LP,Epic,L3,Context,X8 Grunge and '90s alt radio,,Heartland rock,The West,"Seattle, WA",Seattle,anthemic; baritone; drawl; heartbreak; storytelling,Alive; Jeremy; Black,Essential,,,Inferred,Medium
A2775,Soundgarden,Badmotorfinger,1991,LP,A&M,L3,Context,X8 Grunge and '90s alt radio,,Noise,The West,"Seattle, WA",Seattle,feedback; long solos; baritone; noise wall; anthemic,Rusty Cage; Outshined; Jesus Christ Pose,Essential,,,Documented,Medium
A2776,Screaming Trees,Sweet Oblivion,1992,LP,Epic,L3,Context,X8 Grunge and '90s alt radio,,Heartland rock,The West,"Ellensburg, WA",Seattle,baritone; long solos; anthemic; drawl; feedback,Nearly Lost You; Dollar Bill,Recommended,,,Inferred,Medium
A2777,Nirvana,In Utero,1993,LP,DGC Records,L3,Context,X8 Grunge and '90s alt radio,,Noise,The West,"Aberdeen, WA",Seattle,feedback; noise wall; shouted; bleak; lo-fi,Heart-Shaped Box; Rape Me; All Apologies,Recommended,,,Documented,Medium
A2778,Pearl Jam,Vs.,1993,LP,Epic,L3,Context,X8 Grunge and '90s alt radio,,Heartland rock,The West,"Seattle, WA",Seattle,anthemic; shouted; political; road songs; baritone,Go; Animal; Daughter,Recommended,,,Inferred,Medium
A2779,Soundgarden,Superunknown,1994,LP,A&M,L3,Context,X8 Grunge and '90s alt radio,,Noise,The West,"Seattle, WA",Seattle,feedback; long solos; baritone; anthemic; bleak,Black Hole Sun; Spoonman; Fell on Black Days,Recommended,,,Inferred,Medium
A2780,Cocteau Twins,Treasure,1984,LP,4AD,L4,Context,X9 Classic shoegaze and dream pop,,Dream pop,"The UK, Ireland and Canada","Grangemouth, Scotland",,harmonized guitars; hushed; cosmic; strings; lullaby,Lorelei; Pandora (for Cindy),Recommended,,,Both,High
A2781,My Bloody Valentine,Isn't Anything,1988,LP,Creation Records,L3,Context,X9 Classic shoegaze and dream pop,,Shoegaze,"The UK, Ireland and Canada","Dublin, Ireland / London, UK",,feedback; noise wall; harmonized guitars; hushed; glacial,Feed Me with Your Kiss; Nothing Much to Lose,Recommended,,Y,Both,High
A2782,Cocteau Twins,Heaven or Las Vegas,1990,LP,4AD,L3,Context,X9 Classic shoegaze and dream pop,,Dream pop,"The UK, Ireland and Canada","Grangemouth, Scotland",,harmonized guitars; hushed; cosmic; breezy; strings,Cherry-Coloured Funk; Heaven or Las Vegas,Recommended,,,Inferred,High
A2783,Pale Saints,The Comforts of Madness,1990,LP,4AD,L3,Context,X9 Classic shoegaze and dream pop,,Dream pop,"The UK, Ireland and Canada","Leeds, UK",,harmonized guitars; hushed; noise wall; jangle; glacial,Sight of You; Sea of Sound,Recommended,,,Both,High
A2784,Ride,Nowhere,1990,LP,Creation Records,L3,Context,X9 Classic shoegaze and dream pop,,Shoegaze,"The UK, Ireland and Canada","Oxford, UK",,feedback; noise wall; harmonized guitars; anthemic; jangle,Vapour Trail; Seagull; Dreams Burn Down,Essential,,,Both,High
A2785,Chapterhouse,Whirlpool,1991,LP,Dedicated Records,L3,Context,X9 Classic shoegaze and dream pop,,Shoegaze,"The UK, Ireland and Canada","Reading, UK",,noise wall; feedback; drum machine; jangle; breezy,Pearl; Falling Down,Recommended,,,Both,High
A2786,My Bloody Valentine,Loveless,1991,LP,Creation Records,L3,Context,X9 Classic shoegaze and dream pop,,Shoegaze,"The UK, Ireland and Canada","Dublin, Ireland / London, UK",,feedback; noise wall; harmonized guitars; hushed; cosmic,Only Shallow; When You Sleep; Soon,Essential,Y,Y,Both,High
A2787,Lush,Spooky,1992,LP,4AD,L3,Context,X9 Classic shoegaze and dream pop,,Shoegaze,"The UK, Ireland and Canada","London, UK",,harmonized guitars; noise wall; hushed; jangle; breezy,For Love; Nothing Natural,Recommended,,,Documented,High
A2788,Pale Saints,In Ribbons,1992,LP,4AD,L3,Context,X9 Classic shoegaze and dream pop,,Dream pop,"The UK, Ireland and Canada","Leeds, UK",,harmonized guitars; hushed; breezy; jangle; noise wall,Throwing Back the Apple; Hunted,Recommended,,,Both,High
A2789,Ride,Going Blank Again,1992,LP,Creation Records,L3,Context,X9 Classic shoegaze and dream pop,,Shoegaze,"The UK, Ireland and Canada","Oxford, UK",,anthemic; harmonized guitars; jangle; noise wall; breezy,Leave Them All Behind; Twisterella,Recommended,,,Both,High
A2790,Chapterhouse,Blood Music,1993,LP,Dedicated Records,L3,Context,X9 Classic shoegaze and dream pop,,Shoegaze,"The UK, Ireland and Canada","Reading, UK",,noise wall; synths; breezy; jangle; hushed,She's a Vision; Autosleeper,Recommended,,,Inferred,High
A2791,Slowdive,Souvlaki,1993,LP,Creation Records,L3,Context,X9 Classic shoegaze and dream pop,,Dream pop,"The UK, Ireland and Canada","Reading, UK",,harmonized guitars; hushed; cosmic; glacial; breezy,Alison; When the Sun Hits; Souvlaki Space Station,Essential,,,Both,High
A2792,Swirlies,Blonder Tongue Audio Baton,1993,LP,Taang! Records,L3,Context,X9 Classic shoegaze and dream pop,,Shoegaze,The Northeast,"Boston, MA",,feedback; noise wall; lo-fi; drum machine; hushed,Bell; Jeremy Parker,Essential,,Y,Both,High
A2793,Slowdive,Pygmalion,1995,LP,Creation Records,L3,Context,X9 Classic shoegaze and dream pop,,Dream pop,"The UK, Ireland and Canada","Reading, UK",,glacial; hushed; drum machine; cosmic; lo-fi,Crazy for You; Miranda,Recommended,,,Inferred,High
A2794,Wire,Pink Flag,1977,LP,Harvest Records,L5,Context,X10 Post-punk and noise rock,,Post-punk,"The UK, Ireland and Canada","London, UK",,short songs (under 2 minutes); shouted; deadpan; feedback; rowdy,Three Girl Rhumba; Ex Lion Tamer; Mannequin,Essential,Y,,Documented,High
A2795,Wire,Chairs Missing,1978,LP,Harvest Records,L4,Context,X10 Post-punk and noise rock,,Post-punk,"The UK, Ireland and Canada","London, UK",,synths; deadpan; noise wall; shouted; anthemic,Outdoor Miner; I Am the Fly,Recommended,,,Both,High
A2796,Wire,154,1979,LP,Harvest Records,L4,Context,X10 Post-punk and noise rock,,Post-punk,"The UK, Ireland and Canada","London, UK",,synths; noise wall; deadpan; anthemic; polished,Map Ref. 41°N 93°W; A Touching Display,Recommended,,,Both,High
A2797,Mission of Burma,Vs.,1982,LP,Ace of Hearts Records,L4,Context,X10 Post-punk and noise rock,,Post-punk,The Northeast,"Boston, MA",,shouted; noise wall; anthemic; feedback; rowdy,That's When I Reach for My Revolver; Academy Fight Song,Essential,,,Both,High
A2798,Big Black,Atomizer,1986,LP,Homestead Records,L4,Context,X10 Post-punk and noise rock,,Noise,Chicago and the Midwest,"Chicago, IL",,drum machine; noise wall; shouted; feedback; bleak,"Kerosene; Jordan, Minnesota",Essential,,,Documented,High
A2799,Big Black,Songs About Fucking,1987,LP,Touch and Go Records,L3,Context,X10 Post-punk and noise rock,,Noise,Chicago and the Midwest,"Chicago, IL",,drum machine; noise wall; shouted; political; bleak,Colombian Necktie; Bad Houses,Recommended,,,Documented,High
A2800,Fugazi,Repeater,1990,LP,Dischord Records,L3,Context,X10 Post-punk and noise rock,,Post-punk,The Northeast,"Washington, D.C.",,shouted; noise wall; political; anthemic; drawl,Merchandise; Turnover; Blueprint,Essential,,,Both,High
A2801,Fugazi,In on the Kill Taker,1993,LP,Dischord Records,L3,Context,X10 Post-punk and noise rock,,Post-punk,The Northeast,"Washington, D.C.",,noise wall; shouted; political; anthemic; rowdy,Facet Squared; Smallpox Champion,Recommended,,,Both,High
A2802,Fugazi,Red Medicine,1995,LP,Dischord Records,L3,Context,X10 Post-punk and noise rock,,Post-punk,The Northeast,"Washington, D.C.",,noise wall; synths; hushed; political; shouted,Do You Like Me; Bed for the Scraping,Recommended,,,Inferred,High
A2803,Mission of Burma,ONoffON,2004,LP,Matador Records,L2,Context,X10 Post-punk and noise rock,,Post-punk,The Northeast,"Boston, MA",,shouted; noise wall; anthemic; rowdy; feedback,The Setup; Dust Devil,Recommended,,,Documented,High
A2804,Protomartyr,Under Color of Official Right,2014,LP,Hardly Art,L1,Context,X10 Post-punk and noise rock,,Post-punk,Chicago and the Midwest,"Detroit, MI",,deadpan; shouted; noise wall; bleak; storytelling,"Ellen; Scum, Rise!",Recommended,,,Both,High
A2805,Protomartyr,Relatives in Descent,2017,LP,Domino,L1,Context,X10 Post-punk and noise rock,,Post-punk,Chicago and the Midwest,"Detroit, MI",,deadpan; noise wall; political; bleak; storytelling,A Private Understanding; Windsor Hum,Recommended,,,Inferred,High
A2806,Indigo De Souza,Any Shape You Take,2021,LP,Saddle Creek,L1,Context,X10 Post-punk and noise rock,,Punk,The Carolinas,"Asheville, NC",Asheville,shouted; synths; funny-sad; heartbreak; anthemic,Kill Me; Real Pain,Recommended,,Y,Documented,High
A2807,Robber Robber,Two Wheels Move the Soul,2026,LP,Fire Talk Records,L1,Context,X10 Post-punk and noise rock,,Punk,"Burlington, Vermont","Burlington, VT","Burlington, Vermont",shouted; noise wall; feedback; rowdy; anthemic,The Sound It Made; Imprint,Recommended,,Y,Documented,High
A2808,Whiskey Myers,Firewater,2011,LP,Wiggy Thump Records,L2,Context,X11 Modern Southern rock,,Southern rock,Texas and Oklahoma,"Tyler, TX",,slide guitar; long solos; drawl; rowdy; drinking songs,Ballad of a Southern Man; Anna Marie,Essential,,,Inferred,High
A2809,Blackberry Smoke,The Whippoorwill,2012,LP,Southern Ground,L2,Context,X11 Modern Southern rock,,Southern rock,The South,"Atlanta, GA",,slide guitar; long solos; Telecaster twang; drawl; road songs,Six Ways to Sunday; Pretty Little Lie; Ain't Much Left of Me,Essential,Y,,Documented,High
A2810,Whiskey Myers,Early Morning Shakes,2014,LP,Wiggy Thump Records,L1,Context,X11 Modern Southern rock,,Southern rock,Texas and Oklahoma,"Tyler, TX",,slide guitar; long solos; drawl; road songs; rowdy,Ghost; On the River,Recommended,,,Inferred,High
A2811,Blackberry Smoke,Holding All the Roses,2015,LP,Rounder Records,L1,Context,X11 Modern Southern rock,,Southern rock,The South,"Atlanta, GA",,slide guitar; Telecaster twang; drawl; anthemic; road songs,Holding All the Roses; Woman in the Moon,Recommended,,,Inferred,High
A2812,Whiskey Myers,Mud,2016,LP,Wiggy Thump Records,L1,Context,X11 Modern Southern rock,,Southern rock,Texas and Oklahoma,"Tyler, TX",,slide guitar; drawl; road songs; anthemic; rowdy,Trailer We Call Home; Frogman,Recommended,,,Inferred,High
A2813,The Steel Woods,Straw in the Wind,2017,LP,Thirty Tigers,L1,Context,X11 Modern Southern rock,,Southern rock,The South,"Nashville, TN",,slide guitar; long solos; drawl; storytelling; bleak,Axe; If That Ain't Country,Essential,,,Both,High
A2814,Larkin Poe,Venom & Faith,2018,LP,Tricki-Woo Records,L1,Context,X11 Modern Southern rock,,Southern rock,The South,"Nashville, TN",,slide guitar; baritone; drawl; road songs; rowdy,Sometimes; Sundown Blues,Recommended,,,Inferred,High
A2815,The Allman Betts Band,Down to the River,2019,LP,BMG,L1,Context,X11 Modern Southern rock,,Southern rock,The South,"Sarasota, FL",,slide guitar; long solos; harmonized guitars; road songs; cosmic,Down to the River; Autumn Breeze,Essential,,,Documented,High
A2816,The Steel Woods,Old News,2019,LP,Thirty Tigers,L1,Context,X11 Modern Southern rock,,Southern rock,The South,"Nashville, TN",,slide guitar; drawl; storytelling; long solos; bleak,Rock and Roll Never Forgets; All of Your Stones,Recommended,,,Inferred,High
A2817,Whiskey Myers,Whiskey Myers,2019,LP,Wiggy Thump Records,L1,Context,X11 Modern Southern rock,,Southern rock,Texas and Oklahoma,"Tyler, TX",,slide guitar; drawl; road songs; spiritual or gospel; anthemic,Gasoline; Houston County Sky,Recommended,,,Inferred,High
A2818,The Allman Betts Band,Bless Your Heart,2020,LP,BMG,L1,Context,X11 Modern Southern rock,,Southern rock,The South,"Sarasota, FL",,slide guitar; long songs (7+ minutes); harmonized guitars; cosmic; road songs,Should We Ever Part; Pale Horse Rider,Recommended,,,Documented,High
A2819,Blackberry Smoke,You Hear Georgia,2021,LP,3 Legged / Thirty Tigers,L1,Context,X11 Modern Southern rock,,Southern rock,The South,"Atlanta, GA",,slide guitar; drawl; anthemic; road songs; polished,You Hear Georgia; All Rise Again,Recommended,,,Documented,High
A2820,Larkin Poe,Blood Harmony,2022,LP,Tricki-Woo Records,L1,Context,X11 Modern Southern rock,,Southern rock,The South,"Nashville, TN",,slide guitar; harmonized guitars; drawl; anthemic; road songs,Bolt Cutters & The Family Name; Might as Well Be Me,Recommended,,,Inferred,High
A2821,Kacey Musgraves,Same Trailer Different Park,2013,LP,Mercury Nashville,L2,Context,X12 Pop and indie artists' country turns,,Mainstream country,Texas and Oklahoma,"Golden, TX",,pedal steel; drawl; deadpan; funny-sad; small-town,Merry Go 'Round; Follow Your Arrow,Recommended,Y,,Both,High
A2822,Kacey Musgraves,Golden Hour,2018,LP,MCA Nashville,L1,Context,X12 Pop and indie artists' country turns,,Mainstream country,Texas and Oklahoma,"Golden, TX",,pedal steel; synths; breezy; cosmic; heartbreak,Slow Burn; Golden Hour; Space Cowboy,Essential,,,Inferred,High
A2823,Orville Peck,Pony,2019,LP,Sub Pop,L1,Context,X12 Pop and indie artists' country turns,,Alt-country,The West,"Toronto, ON",,Telecaster twang; baritone; drawl; cracked or yelping; cosmic,Dead of Night; Turn to Hate,Essential,Y,,Inferred,High
A2824,CMAT,If My Wife New I'd Be Dead,2022,LP,CMATBaby/AWAL,L1,Context,X12 Pop and indie artists' country turns,,Country folk,"The UK, Ireland and Canada","Dublin, Ireland",,pedal steel; drawl; funny-sad; pop-culture references; heartbreak,"I Wanna Be a Cowboy, Baby!; Rodney",Essential,,Y,Inferred,High
A2825,Orville Peck,Bronco,2022,LP,Columbia,L1,Context,X12 Pop and indie artists' country turns,,Alt-country,The West,"Toronto, ON",,pedal steel; baritone; anthemic; cosmic; road songs,"C'mon Baby, Cry; Daytona Sand",Recommended,,,Inferred,High
A2826,CMAT,"Crazymad, for Me",2023,LP,CMATBaby/AWAL,L1,Context,X12 Pop and indie artists' country turns,,Country folk,"The UK, Ireland and Canada","Dublin, Ireland",,pedal steel; drawl; funny-sad; storytelling; heartbreak,Where Are Your Kids Tonight?; Stay for Something,Recommended,,Y,Inferred,High
A2827,Mitski,The Land Is Inhospitable and So Are We,2023,LP,Dead Oceans,L1,Context,X12 Pop and indie artists' country turns,,Indie folk,The Northeast,"New York, NY",,strings; hushed; bleak; storytelling; cracked or yelping,Bug Like an Angel; My Love Mine All Mine,Recommended,,,Inferred,High
A2828,Beyoncé,Cowboy Carter,2024,LP,Parkwood Entertainment/Columbia,L1,Context,X12 Pop and indie artists' country turns,,Mainstream country,The South,"Houston, TX",,pedal steel; banjo; fiddle; close harmonies; storytelling,Texas Hold 'Em; 16 Carriages,Essential,,,Both,High
A2829,Post Malone,F-1 Trillion,2024,LP,Mercury/Republic,L1,Context,X12 Pop and indie artists' country turns,,Mainstream country,The South,"Dallas, TX",,pedal steel; duets; drinking songs; anthemic; Telecaster twang,I Had Some Help; Pour Me a Drink,Recommended,,,Both,High
A2830,CMAT,EURO-COUNTRY,2025,LP,CMATBaby/AWAL,L1,Context,X12 Pop and indie artists' country turns,,Country folk,"The UK, Ireland and Canada","Dublin, Ireland",,pedal steel; drawl; funny-sad; anthemic; political,Euro-Country; Take a Sexy Picture of Me,Recommended,,Y,Inferred,High
A2831,"Crosby, Stills & Nash","Crosby, Stills & Nash",1969,LP,Atlantic Records,L5,Context,X13 Laurel Canyon and '70s soft rock,,Folk rock,The West,"Laurel Canyon, Los Angeles, CA",Laurel Canyon,close harmonies; fingerpicked acoustic; breezy; harmonized guitars; anthemic,Suite: Judy Blue Eyes; Helplessly Hoping,Essential,,,Documented,High
A2832,Harry Nilsson,Nilsson Schmilsson,1971,LP,RCA,L5,Context,X13 Laurel Canyon and '70s soft rock,,Folk rock,The West,"Los Angeles, CA",,piano; baritone; breezy; pop-culture references; anthemic,Without You; Jump into the Fire,Recommended,,,Both,High
A2833,Joni Mitchell,Blue,1971,LP,Reprise,L5,Context,X13 Laurel Canyon and '70s soft rock,,Folk rock,The West,"Laurel Canyon, Los Angeles, CA",Laurel Canyon,fingerpicked acoustic; hushed; heartbreak; storytelling; close harmonies,A Case of You; River,Essential,Y,,Inferred,High
A2834,Eagles,Eagles,1972,LP,Asylum,L5,Context,X13 Laurel Canyon and '70s soft rock,,Country rock,The West,"Los Angeles, CA",Laurel Canyon,close harmonies; pedal steel; harmonized guitars; breezy; road songs,Take It Easy; Peaceful Easy Feeling,Recommended,,,Documented,High
A2835,Jackson Browne,Late for the Sky,1974,LP,Asylum,L5,Context,X13 Laurel Canyon and '70s soft rock,,Folk rock,The West,"Los Angeles, CA",Laurel Canyon,piano; harmonized guitars; bleak; storytelling; breezy,Fountain of Sorrow; Late for the Sky,Essential,,,Documented,High
A2836,Joni Mitchell,Court and Spark,1974,LP,Asylum,L5,Context,X13 Laurel Canyon and '70s soft rock,,Folk rock,The West,"Los Angeles, CA",Laurel Canyon,piano; jangle; storytelling; breezy; close harmonies,Help Me; Free Man in Paris,Essential,,,Inferred,High
A2837,Linda Ronstadt,Heart Like a Wheel,1974,LP,Capitol Records,L5,Context,X13 Laurel Canyon and '70s soft rock,,Country rock,The West,"Los Angeles, CA",Laurel Canyon,pedal steel; close harmonies; duets; heartbreak; breezy,You're No Good; When Will I Be Loved,Essential,,,Documented,High
A2838,Eagles,Hotel California,1976,LP,Asylum,L5,Context,X13 Laurel Canyon and '70s soft rock,,Country rock,The West,"Los Angeles, CA",,harmonized guitars; long solos; anthemic; storytelling; close harmonies,Hotel California; New Kid in Town,Essential,,,Documented,High
A2839,Jackson Browne,The Pretender,1976,LP,Asylum,L5,Context,X13 Laurel Canyon and '70s soft rock,,Folk rock,The West,"Los Angeles, CA",,piano; strings; storytelling; breezy; heartbreak,The Pretender; Here Come Those Tears Again,Recommended,,,Inferred,High
A2840,Joni Mitchell,Hejira,1976,LP,Asylum,L5,Context,X13 Laurel Canyon and '70s soft rock,,Folk rock,The West,"Los Angeles, CA",,cosmic; long songs (7+ minutes); storytelling; road songs; glacial,Coyote; Amelia,Recommended,,,Inferred,High
A2841,Jackson Browne,Running on Empty,1977,Live,Asylum,L5,Context,X13 Laurel Canyon and '70s soft rock,,Folk rock,The West,"Los Angeles, CA",,road songs; harmonica; breezy; storytelling; live in the room,Running on Empty; The Load-Out/Stay,Recommended,,,Inferred,High
A2842,Linda Ronstadt,Simple Dreams,1977,LP,Asylum Records,L5,Context,X13 Laurel Canyon and '70s soft rock,,Country rock,The West,"Los Angeles, CA",,pedal steel; close harmonies; breezy; heartbreak; duets,Blue Bayou; Poor Poor Pitiful Me,Recommended,,,Inferred,High
A2843,Ramones,Ramones,1976,LP,Sire,L5,Context,X14 Punk and hardcore roots,,Punk,The Northeast,"Queens, NY",New York proto-punk and CBGB,short songs (under 2 minutes); rowdy; deadpan; feedback; shouted,Blitzkrieg Bop; Judy Is a Punk,Essential,Y,,Inferred,High
A2844,Ramones,Leave Home,1977,LP,Sire,L5,Context,X14 Punk and hardcore roots,,Punk,The Northeast,"Queens, NY",New York proto-punk and CBGB,short songs (under 2 minutes); rowdy; deadpan; shouted; pop-culture references,Pinhead; Suzy Is a Headbanger,Recommended,,,Inferred,High
A2845,Ramones,Rocket to Russia,1977,LP,Sire,L5,Context,X14 Punk and hardcore roots,,Punk,The Northeast,"Queens, NY",New York proto-punk and CBGB,short songs (under 2 minutes); rowdy; anthemic; deadpan; pop-culture references,Sheena Is a Punk Rocker; Rockaway Beach,Recommended,,,Inferred,High
A2846,The Clash,London Calling,1979,LP,CBS/Epic,L4,Context,X14 Punk and hardcore roots,,Punk,"The UK, Ireland and Canada","London, UK",,Telecaster twang; anthemic; political; storytelling; rowdy,London Calling; Rudie Can't Fail,Recommended,,,Inferred,High
A2847,Circle Jerks,Group Sex,1980,LP,Frontier Records,L4,Context,X14 Punk and hardcore roots,,Punk,The West,"Los Angeles, CA",,short songs (under 2 minutes); rowdy; shouted; feedback; deadpan,Beverly Hills; Deny Everything,Recommended,,,Documented,High
A2848,Dead Kennedys,Fresh Fruit for Rotting Vegetables,1980,LP,Cherry Red Records,L4,Context,X14 Punk and hardcore roots,,Punk,The West,"San Francisco, CA",,shouted; political; rowdy; feedback; deadpan,Holiday in Cambodia; California Über Alles,Recommended,,,Both,High
A2849,Black Flag,Damaged,1981,LP,SST,L4,Context,X14 Punk and hardcore roots,,Punk,The West,"Hermosa Beach, CA",SST and San Pedro,shouted; rowdy; bleak; feedback; short songs (under 2 minutes),Rise Above; TV Party,Essential,,,Both,High
A2850,Bad Brains,Bad Brains,1982,LP,ROIR,L4,Context,X14 Punk and hardcore roots,,Punk,The Northeast,"Washington, D.C.",,shouted; rowdy; long solos; spiritual or gospel; political,Sailin' On; Pay to Cum,Essential,,,Documented,High
A2851,Black Flag,My War,1984,LP,SST,L4,Context,X14 Punk and hardcore roots,,Punk,The West,"Hermosa Beach, CA",SST and San Pedro,long songs (7+ minutes); bleak; feedback; shouted; noise wall,My War; Nothing Left Inside,Recommended,,,Inferred,High
A2852,Minor Threat,Complete Discography,1989,Compilation,Dischord Records,L3,Context,X14 Punk and hardcore roots,,Punk,The Northeast,"Washington, D.C.",,short songs (under 2 minutes); shouted; rowdy; political; anthemic,Straight Edge; Out of Step,Essential,,,Documented,High
A2854,Jason Isbell and the 400 Unit,Here We Rest,2011,LP,Lightning Rod Records,L2,V,V3 Southern storytelling rock,V7,Southern rock,The South,"Muscle Shoals, AL",Muscle Shoals,drawl; storytelling; small-town; drinking songs; harmonized guitars,Alabama Pines; Codeine,Recommended,,,Documented,High
A2855,Jason Isbell,Southeastern,2013,LP,Southeastern Records,L2,V,V7 Neo-traditional and 'new outlaw' country,V3,Alt-country,The South,"Nashville, TN",,fingerpicked acoustic; hushed; storytelling; heartbreak; drawl,Cover Me Up; Elephant; Traveling Alone,Essential,,,Documented,High
A2856,Jason Isbell,Something More Than Free,2015,LP,Southeastern,L1,V,V7 Neo-traditional and 'new outlaw' country,V3,Alt-country,The South,"Nashville, TN",,storytelling; pedal steel; drawl; small-town; heartbreak,24 Frames; Speed Trap Town,Essential,,,Documented,High
A2857,Jason Isbell and the 400 Unit,The Nashville Sound,2017,LP,Southeastern,L1,V,V7 Neo-traditional and 'new outlaw' country,V3,Alt-country,The South,"Nashville, TN",,storytelling; political; anthemic; drawl; harmonized guitars,White Man's World; If We Were Vampires; Cumberland Gap,Essential,,,Documented,High
A2858,Jason Isbell and the 400 Unit,Live from the Ryman,2018,Live,Southeastern,L1,V,V7 Neo-traditional and 'new outlaw' country,V3,Alt-country,The South,"Nashville, TN",,live in the room; storytelling; drawl; harmonized guitars; anthemic,Hope the High Road; 24 Frames; Cover Me Up,Recommended,,,Documented,High
A2859,Jason Isbell and the 400 Unit,Reunions,2020,LP,Southeastern,L1,V,V7 Neo-traditional and 'new outlaw' country,V3,Alt-country,The South,"Nashville, TN",,storytelling; strings; drawl; heartbreak; hushed,Dreamsicle; River,Recommended,,,Documented,High
A2860,Jason Isbell and the 400 Unit,Georgia Blue,2021,Collab,Southeastern,L1,V,V7 Neo-traditional and 'new outlaw' country,,Crossover,The South,"Nashville, TN",,duets; storytelling; horns; close harmonies; anthemic,Nightswimming; Midnight Train to Georgia,Deep cut,,,Documented,High
A2861,Jason Isbell and the 400 Unit,Weathervanes,2023,LP,Southeastern Records,L1,V,V7 Neo-traditional and 'new outlaw' country,V3,Alt-country,The South,"Nashville, TN",,storytelling; harmonized guitars; drawl; long songs (7+ minutes); anthemic,Cast Iron Skillet; Death Wish; Miles,Essential,,,Documented,High
A2862,Jason Isbell,Foxes in the Snow,2025,LP,Southeastern,L1,V,V7 Neo-traditional and 'new outlaw' country,V3,Country folk,The South,"Nashville, TN",,fingerpicked acoustic; hushed; heartbreak; drawl; bleak,Bury Me; Foxes in the Snow,Recommended,,,Documented,High
A2865,Sam Doores + Riley Downing & The Tumbleweeds,Holy Cross Blues,2012,LP,Self-released,L2,V,V6 2000s–2010s alt-country,,Alt-country,The South,"New Orleans, LA",New Orleans,fingerpicked acoustic; drawl; storytelling; small-town; live in the room,Low Down Soul,Deep cut,,,Documented,High
A2866,Sam Doores,Sam Doores,2020,LP,New West Records,L1,V,V6 2000s–2010s alt-country,C5,Country folk,The South,"New Orleans, LA",New Orleans,fingerpicked acoustic; piano; drawl; road songs; hushed,Let it Roll; Other Side of Town; Cambodian Rock n' Roll,Recommended,,,Documented,High
A2867,Riley Downing,Start It Over,2021,LP,New West Records,L1,V,V6 2000s–2010s alt-country,C3,Alt-country,The South,"New Orleans, LA",New Orleans,Telecaster twang; pedal steel; drawl; road songs; heartbreak,Start It Over; Coleman Rose; I'm Not Ready,Recommended,,,Documented,High
A2868,The Deslondes,Roll It Out,2024,LP,New West Records,L1,V,V6 2000s–2010s alt-country,C3,Alt-country,The South,"New Orleans, LA",New Orleans,piano; drawl; close harmonies; road songs; live in the room,Hold on Liza; Pour Another Round; Grand Junction,Recommended,,,Documented,High
A2869,The Lostines,Lostine Demos,2016,EP,Mashed Potato Records,L1,V,V6 2000s–2010s alt-country,C5,Country folk,The South,"New Orleans, LA",New Orleans,close harmonies; fingerpicked acoustic; live in the room; storytelling; piano,Southwest Texas; Playing The Fool; No Mama Blues,Deep cut,,,Documented,Medium
A2870,The Lostines,The Lostines,2018,EP,Gar Hole Records,L1,V,V6 2000s–2010s alt-country,C5,Country folk,The South,"New Orleans, LA",New Orleans,close harmonies; jangle; drawl; hushed; short songs (under 2 minutes),Faith In Love; Who's Your Love,Deep cut,,,Documented,Medium
A2871,The Lostines,Heart of Night,2022,Collab,Gar Hole Records / Mashed Potato Records,L1,V,V6 2000s–2010s alt-country,C5,Country folk,The South,"New Orleans, LA",New Orleans,close harmonies; strings; hushed; drawl; storytelling,A Tear; Last Night,Deep cut,,,Documented,Medium
A2872,The Lostines,Meet the Lostines,2024,LP,Gar Hole Records,L1,V,V6 2000s–2010s alt-country,C5,Country folk,The South,"New Orleans, LA",New Orleans,close harmonies; fiddle; pedal steel; strings; hushed,Neon Lights; Full Moon Night; After Party,Essential,,,Both,Medium
A2873,Luke Winslow-King,Everlasting Arms,2014,LP,Bloodshot Records,L1,V,V6 2000s–2010s alt-country,C5,Country folk,The South,"New Orleans, LA",New Orleans,slide guitar; horns; fingerpicked acoustic; drawl; spiritual or gospel,Everlasting Arms,Recommended,,,Both,Medium
A2874,Luke Winslow-King,I'm Glad Trouble Don't Last Always,2016,LP,Bloodshot Records,L1,V,V6 2000s–2010s alt-country,C5,Country folk,The South,"New Orleans, LA",New Orleans,slide guitar; horns; harmonized guitars; drawl; breezy,Act Like You Love Me; Esther Please,Deep cut,,,Both,Medium
A2875,Sarah Quintana,The World Has Changed,2013,LP,Self-released,L2,V,V6 2000s–2010s alt-country,,Country folk,The South,"New Orleans, LA",New Orleans,fingerpicked acoustic; drawl; storytelling; spiritual or gospel; hushed,The World Has Changed; Mr Voodoo,Deep cut,,,Inferred,Medium
A2876,Sarah Quintana,Miss River,2016,LP,Self-released,L1,V,V6 2000s–2010s alt-country,C5,Country folk,The South,"New Orleans, LA",New Orleans,fingerpicked acoustic; strings; storytelling; spiritual or gospel; hushed,Tiny Cellos; Miss River,Deep cut,,,Inferred,High
A2877,Sarah Quintana,Daddy Lies,2018,EP,Self-released,L1,V,V6 2000s–2010s alt-country,C5,Country folk,The South,"New Orleans, LA",New Orleans,fingerpicked acoustic; drawl; hushed; storytelling; heartbreak,Cherry Tree; Daddy Lies,Deep cut,,,Inferred,Medium
A2878,Sarah Quintana,Baby Don't,2025,LP,Self-released,L1,V,V6 2000s–2010s alt-country,C3,Country folk,The South,"New Orleans, LA",New Orleans,horns; slide guitar; drawl; road songs; breezy,"Baby, Don't; Rolling and Tumbling",Deep cut,,,Inferred,High
A2879,Pat Reedy & The Longtime Goners,That's All There Is (And There Ain't No More),2018,LP,Muddy Roots Records,L1,V,V6 2000s–2010s alt-country,C3,Honky-tonk,The South,"New Orleans, LA",New Orleans,Telecaster twang; pedal steel; drawl; drinking songs; road songs,Fare Thee Wall; Bloodshot Heart,Recommended,,,Inferred,High
A2880,Pat Reedy & The Longtime Goners,Make It Back Home,2024,LP,Self-released,L1,V,V6 2000s–2010s alt-country,C3,Honky-tonk,The South,"Chicago, IL",New Orleans,Telecaster twang; pedal steel; drawl; road songs; heartbreak,Make It Back Home; Bright Lights; Long Drives and Lonesome Mornings,Deep cut,,,Inferred,High
A2881,Ever More Nest,The Place That You Call Home,2018,LP,Parish Road Music,L1,V,V6 2000s–2010s alt-country,C5,Alt-country,The South,"New Orleans, LA",New Orleans,pedal steel; drawl; hushed; small-town; heartbreak,Major Tom,Deep cut,,,Inferred,High
A2882,Lost Bayou Ramblers,Mammoth Waltz,2012,LP,Bayou Perdu Records,L2,Context,"X4 Bluegrass, old-time, and newgrass",,Country folk,The South,"Arnaudville, LA",New Orleans,fiddle; feedback; noise wall; drawl; funny-sad,Mammoth Waltz; Carolina Blues,Deep cut,,,Inferred,High
A2883,Lost Bayou Ramblers,Kalenda,2017,LP,Rice Pump Records,L1,Context,"X4 Bluegrass, old-time, and newgrass",,Country folk,The South,"Arnaudville, LA",New Orleans,fiddle; synths; noise wall; feedback; drawl,Sabine Turnaround; Granny Smith,Deep cut,,,Inferred,High
A2884,A Country Western,Life on the Lawn,2024,LP,Crafted Sounds,L1,Core,"C7 Slacker, jangle, and power-pop revival",C8,Slacker,The Northeast,"Philadelphia, PA",,deadpan; small-town; heartbreak; road songs; jangle,Wasting the Weekends; Sidewalk; Ridgeline,Deep cut,,,Inferred,Medium
A2885,A Country Western,A Country Western,2020,LP,cooked raw,L1,Core,"C7 Slacker, jangle, and power-pop revival",,Slacker,The Northeast,"Philadelphia, PA",,lo-fi; short songs (under 2 minutes); heartbreak; drawl,Mussel; On Edge; Fade Away,Deep cut,,,Inferred,Medium
A2886,Andrew Smith,Spent,2025,LP,Self-released,L1,Core,C5 Twangy indie folk,C3,Alt-country,"The UK, Ireland and Canada","St. John's, Newfoundland and Labrador",,storytelling; drawl; road songs; heartbreak; small-town,Always Been You; Dollar Drink Days; Speed for Hire,Deep cut,,,Inferred,Medium
A2887,Big Fat Cow,Glutton For Punishment,2022,LP,Self-released,L1,Core,C1 Indie twang / yallternative,C6,Cosmic country,Chicago and the Midwest,"Kansas City, MO",,Crazy Horse fuzz; storytelling; drawl; small-town; cosmic,Goodbye Gram Parsons; Creeping Jenny; Two-Bit Jazz,Deep cut,,,Both,Medium
A2888,Big Fat Cow,"Garbage in, Garbage out.",2025,EP,Self-released,L1,Core,C1 Indie twang / yallternative,C6,Cosmic country,Chicago and the Midwest,"Kansas City, MO",,Crazy Horse fuzz; drawl; small-town; cosmic,Yellow Belly Boy; Feel It In The Wind,Deep cut,,,Inferred,Medium
A2889,Bitter Calm,Good Grief,2019,LP,Self-released,L1,Core,C8 Modern slowcore and hushed twang,,Slowcore,The South,"Birmingham, AL",,hushed; bleak; glacial; drawl,The Big Day; Don't Look Down; Gone,Deep cut,,,Inferred,Medium
A2890,Bitter Calm,Eternity In The Lake of Fire,2024,LP,Self-released,L1,Core,C8 Modern slowcore and hushed twang,,Slowcore,The South,"Birmingham, AL",,hushed; bleak; glacial; baritone,Sinner; Nothin'; Eternity,Deep cut,,,Inferred,Medium
A2891,Bottom Shelf,There Will Be Chicken Wings,2024,LP,Self-released,L1,Core,C4 Countrygaze and loud twang,C1,Southern rock,The Carolinas,"Raleigh, NC",,Crazy Horse fuzz; drawl; small-town; storytelling; road songs,Lost My Hard Drive; Smoky Mountain Rain; Porch Swing,Recommended,,,Inferred,Medium
A2892,Buckley Willis,Sunfall,2020,LP,Self-released,L1,Core,C6 Cosmic country and the '70s revival,C5,Cosmic country,Texas and Oklahoma,"Austin, TX",,cosmic; breezy; fingerpicked acoustic; harmonized guitars,Sunfall; Deep River; Thought Parade,Deep cut,,,Inferred,Medium
A2893,Buckley Willis,Johanna Street - EP,2020,EP,Self-released,L1,Core,C6 Cosmic country and the '70s revival,C5,Cosmic country,Texas and Oklahoma,"Austin, TX",,cosmic; breezy; fingerpicked acoustic,Naturally; Winds; Little Home,Deep cut,,,Inferred,Medium
A2894,Chris Acker,Famous Lunch,2024,LP,Gar Hole Records,L1,Core,C2 Barroom storytellers and deadpan songwriters,C3,Country folk,The South,"New Orleans, LA",,pedal steel; storytelling; funny-sad; drinking songs; drawl,Wouldn't Do For You (Buddy); Shit Surprise; Stubborn Eyes,Recommended,,,Inferred,Medium
A2895,Chris Acker,"Odd, Ordinary, & Otherwise",2021,LP,Gar Hole Records,L1,Core,C2 Barroom storytellers and deadpan songwriters,C3,Country folk,The South,"New Orleans, LA",,storytelling; funny-sad; drawl; heartbreak,Panicked & Paralyzed; Mahogany; Refinery,Deep cut,,,Inferred,Medium
A2896,Conor Lynch,Slow Country,2024,LP,Self-released,L1,Core,C5 Twangy indie folk,C7,Folk rock,Chicago and the Midwest,"Chicago, IL",,lo-fi; storytelling; road songs; drawl,Hill; Steam Whistle; Long Ways From Home,Deep cut,,,Inferred,Medium
A2897,Cooper Kenward,Cooper Kenward,2022,LP,Self-released,L1,Core,C5 Twangy indie folk,C2,Indie folk,The West,"Los Angeles, CA",,storytelling; funny-sad; heartbreak; drinking songs,In Due Time; Slow Roll; Crazy Love,Deep cut,,,Inferred,Medium
A2898,Cooper Kenward,Dying in a Diner,2024,LP,Soggy Anvil Records,L1,Core,C5 Twangy indie folk,C2,Indie folk,The West,"Los Angeles, CA",,storytelling; funny-sad; heartbreak; drinking songs,Orbit; Over Easy; Bookend,Deep cut,,,Inferred,Medium
A2899,Country Restroom,Always The Moon,2024,LP,Self-released,L1,Core,C3 New alt-country and honky-tonk bands,C5,Country folk,The South,"Pensacola, FL",,storytelling; drawl; small-town; heartbreak,Pharmaceutical Water; Father Time; Always The Moon,Deep cut,,,Inferred,Medium
A2900,Dogwood Tales,sending,2024,EP,Self-released,L1,Core,C1 Indie twang / yallternative,C2,Alt-country,The South,"Harrisonburg, VA",,pedal steel; storytelling; small-town; drawl,mt jackson; driver's side fantasy; sending,Deep cut,,,Documented,Medium
A2901,Dogwood Tales,Rodeo,2023,EP,WarHen Records,L1,Core,C1 Indie twang / yallternative,,Alt-country,The South,"Harrisonburg, VA",,pedal steel; storytelling; small-town; drawl,Rodeo; Stranger; Paul's Valley,Deep cut,,,Documented,Medium
A2902,Dogwood Tales,13 Summers 13 Falls,2023,EP,WarHen Records,L1,Core,C1 Indie twang / yallternative,,Alt-country,The South,"Harrisonburg, VA",,storytelling; small-town; drawl,Hard To Be Anywhere; 25; Since Yesterday,Deep cut,,,Inferred,Medium
A2903,Dogwood Tales,Every Star in Rockingham County,2026,LP,Born Losers Records,L1,Core,C1 Indie twang / yallternative,C2,Alt-country,The South,"Harrisonburg, VA",,pedal steel; storytelling; small-town; drawl; funny-sad,Mt. Jackson; Princess Peach; Every Star in Rockingham County,Recommended,,,Both,Medium
A2904,"Fat, Evil Children","Fat, Evil Children",2024,EP,Self-released,L1,Core,C5 Twangy indie folk,,Indie folk,The West,"Los Angeles, CA",,storytelling; drawl; heartbreak; fingerpicked acoustic,Weedpuller; God and His Steed; Down the Line,Deep cut,,,Inferred,Medium
A2905,"Fat, Evil Children",Can't Stop,2025,EP,Self-released,L1,Core,C5 Twangy indie folk,C9,Indie folk,The West,"Los Angeles, CA",,storytelling; heartbreak; drawl,Can't Stop; The Weight; I Arrived As You Left,Deep cut,,,Inferred,Medium
A2906,Fazed on a Pony,swan,2026,LP,Meritorio Records,L1,Core,C9 Emo-twang crossovers,C1,Alt-country,Australia and New Zealand,"Auckland, New Zealand",,pedal steel; fiddle; funny-sad; deadpan; drum machine,Heart Goes Blank; The Perfect Swan; Wrong Party,Recommended,,,Both,Medium
A2907,Fazed on a Pony,it'll all work out,2022,LP,Self-released,L1,Core,C9 Emo-twang crossovers,C1,Alt-country,Australia and New Zealand,"Auckland, New Zealand",,deadpan; funny-sad; storytelling,Fanfare; North Road; Don't Run,Deep cut,,,Documented,Medium
A2908,Glass-Beagle,Spring Sword Chatter,2024,EP,Self-released,L1,Core,C1 Indie twang / yallternative,C6,Crossover,Chicago and the Midwest,"Chicago, IL",,Telecaster twang; pedal steel; Crazy Horse fuzz; small-town; deadpan,Waiting for the Lizard; Spring Sword Chatter; I Saw Field's Santa 2004,Deep cut,,,Inferred,Medium
A2909,GracieHorse,Gracie,2015,LP,Ghost Ramp Records,L1,Core,C3 New alt-country and honky-tonk bands,C2,Alt-country,The West,"Los Angeles, CA",,deadpan; heartbreak; drawl; storytelling; lo-fi,Youth is a Fire; Tightrope; Crustaceans,Deep cut,,,Inferred,Medium
A2910,Idle County,Long Gone Saviors,2026,LP,Self-released,L1,Core,C3 New alt-country and honky-tonk bands,C1,Alt-country,The Carolinas,"Asheville, NC",,Telecaster twang; road songs; small-town; drawl; storytelling,"Lebanon, TN; Sin City; Long Gone Saviors",Recommended,,,Inferred,Medium
A2911,Jacob Tremont,junebug,2022,LP,Self-released,L1,Core,C4 Countrygaze and loud twang,C5,Country folk,The Northeast,"Jersey City, NJ",,fingerpicked acoustic; hushed; lo-fi; funny-sad; small-town,steamboat; garden; diner,Deep cut,,,Inferred,Medium
A2912,Jacob Tremont,moss palace,2024,EP,Self-released,L1,Core,C4 Countrygaze and loud twang,C5,Country folk,The Northeast,"Jersey City, NJ",,fingerpicked acoustic; hushed; lo-fi; deadpan,"no, i'm not afraid; seven years of bad luck",Deep cut,,,Inferred,Medium
A2913,Josh Bolin,Hallways in Plastic,2019,EP,Self-released,L1,Core,C6 Cosmic country and the '70s revival,C5,Cosmic country,The Northeast,"New York, NY",,harmonized guitars; breezy; fingerpicked acoustic; close harmonies,Hallways in Plastic; Waves Tonight,Deep cut,,,Inferred,Medium
A2914,Killbuck,Killbuck,2017,LP,Self-released,L1,Core,C2 Barroom storytellers and deadpan songwriters,C1,Heartland rock,Chicago and the Midwest,"Canton, OH",,road songs; drawl; small-town; Midwestern; bleak,"On the Road Again, Again; Jenny on the Fritz; Murder Ballad",Deep cut,,,Inferred,Medium
A2915,Kitchen,"Blue heeler in ugly snowlight, grey on gray on gray on white.",2025,LP,Self-released,L1,Core,"C7 Slacker, jangle, and power-pop revival",,Lo-fi,The Northeast,"Rochester, NY",,lo-fi; deadpan; hushed; bleak,Real Estate Agent; Bike Uphill,Deep cut,,,Inferred,Medium
A2916,Local Superstar,Local Superstar,2024,LP,Self-released,L1,Core,C1 Indie twang / yallternative,C3,Alt-country,The South,"Savannah, GA",,Telecaster twang; drawl; small-town; road songs; drinking songs,Dog Song; Passing By Waco; Drinkin' to Write,Deep cut,,,Inferred,Medium
A2917,Lowell Thompson,Stranger's Advice,2014,LP,Self-released,L1,Core,C3 New alt-country and honky-tonk bands,C1,Alt-country,"Burlington, Vermont","Burlington, VT",,drawl; heartbreak; road songs; storytelling,Bradley Street; Meadow Lane; Rose Petals,Deep cut,,,Inferred,Medium
A2918,Mudgoose,Here Come The Planes,2024,LP,Self-released,L1,Core,"C7 Slacker, jangle, and power-pop revival",C8,Lo-fi,Australia and New Zealand,"Wellington, NZ",,lo-fi; hushed; bleak; deadpan; lullaby,Mary's Lost; Here Come The Planes; Dogs Barking,Deep cut,,,Inferred,Medium
A2919,New Rose,Morning Haze,2017,LP,New Rose,L1,Core,C3 New alt-country and honky-tonk bands,C1,Alt-country,The West,"Los Angeles, CA",,Telecaster twang; heartbreak; road songs; drawl,Should've Been A Wedding; Country Noise; Pearl Buttons,Deep cut,,,Inferred,Medium
A2920,Heaven Forbid,Heaven Forbid,2025,LP,Self-released,L1,Core,C3 New alt-country and honky-tonk bands,,Honky-tonk,The South,"Washington, D.C.",,drinking songs; heartbreak; drawl; road songs,Hand To Hold; Tall Grass; Make The World Go Away,Recommended,,,Inferred,Medium
A2921,Haysop,Haysop,2025,LP,Self-released,L1,Core,C1 Indie twang / yallternative,C6,Alt-country,The South,"Tuscaloosa, AL",,pedal steel; harmonica; drawl; road songs; heartbreak,Leavin' High; Cut Me Open; Keep Your Arms Around Me,Deep cut,,,Inferred,Medium
A2922,Rose Haven Motor Hotel,Things Don't Stay,2024,EP,Self-released,L1,Core,C4 Countrygaze and loud twang,C1,Crossover,The South,"Jackson, MS",,pedal steel; Telecaster twang; Crazy Horse fuzz; drawl; small-town,Built to Rust; Nebraska,Deep cut,,,Inferred,Medium
A2923,Rose Haven Motor Hotel,Just Peachy,2025,EP,Self-released,L1,Core,C4 Countrygaze and loud twang,C1,Crossover,The South,"Jackson, MS",,Telecaster twang; drawl; small-town; funny-sad; hushed,"Just Fine, Thanks; Perch Creek",Deep cut,,,Inferred,Medium
A2924,Save Henry,Save Henry EP,2020,EP,Self-released,L1,Core,C1 Indie twang / yallternative,,Crossover,The South,"Nashville, TN",,Telecaster twang; jangle; drawl; small-town,Apostles; Growing Up,Deep cut,,,Inferred,Medium
A2925,Save Henry,Kyle,2019,Live,Self-released,L1,Core,C1 Indie twang / yallternative,,Crossover,The South,"Nashville, TN",,live in the room; Telecaster twang; jangle; drawl,Bummer Summer; Already Gone,Deep cut,,,Inferred,Medium
A2926,Soup Dreams,Hellbender,2025,LP,bugsounds,L1,Core,C9 Emo-twang crossovers,C1,Crossover,Philadelphia,"Philadelphia, PA",,deadpan; drawl; small-town; cracked or yelping; heartbreak,Michigan; Wonderdog,Deep cut,,,Inferred,Medium
A2927,Spirit Josh,SPIRIT JOSH,2019,LP,Self-released,L1,Core,C5 Twangy indie folk,C1,Indie folk,"The UK, Ireland and Canada","Toronto, ON",,fingerpicked acoustic; hushed; deadpan; small-town; lo-fi,"hank, paint & country star; yellow dog",Deep cut,,,Inferred,Medium
A2928,Spirit Josh,On God,2021,LP,Self-released,L1,Core,C5 Twangy indie folk,C1,Indie folk,"The UK, Ireland and Canada","Toronto, ON",,fingerpicked acoustic; lo-fi; hushed; funny-sad; deadpan,Hotel Motel; Terminal Love,Deep cut,,,Inferred,Medium
A2929,Spirit Josh,Paint a Lucky Picture,2023,LP,Self-released,L1,Core,C5 Twangy indie folk,C1,Indie folk,"The UK, Ireland and Canada","Toronto, ON",,fingerpicked acoustic; drawl; hushed; funny-sad; small-town,Staying Up & Drinkin' Wine; Straight Outta Dodge,Deep cut,,,Inferred,Medium
A2930,St. Marlboro,Photo Album,2021,LP,Self-released,L1,Core,C1 Indie twang / yallternative,,Cowpunk,Chicago and the Midwest,"Chicago, IL",,Telecaster twang; drawl; small-town; rowdy; drinking songs,Funeral Home; Gas,Deep cut,,,Inferred,Medium
A2931,St. Marlboro,St. Marlboro,2025,LP,Self-released,L1,Core,C1 Indie twang / yallternative,,Cowpunk,Chicago and the Midwest,"Chicago, IL",,Telecaster twang; drawl; rowdy; drinking songs; small-town,Eggs; Drunk at the Airport,Deep cut,,,Inferred,Medium
A2932,Teal Peel,Country River,2023,LP,Teal Peel,L1,Core,C6 Cosmic country and the '70s revival,C1,Cosmic country,The South,"Jacksonville, FL",,pedal steel; breezy; long solos; cosmic; small-town,Sandy; Mr. Yellow Tugboat,Deep cut,,,Inferred,Medium
A2933,The Downstreamers,A Fantastic Collection of Stamps,2021,LP,Self-released,L1,Core,C3 New alt-country and honky-tonk bands,C1,Alt-country,The South,"Nashville, TN",,pedal steel; drawl; storytelling; small-town; harmonica,Weatherman; Personal Quest,Deep cut,,,Inferred,Medium
A2934,The Downstreamers,The Reverend Earl Dogwood and His Downstreamers,2019,EP,Self-released,L1,Core,C3 New alt-country and honky-tonk bands,,Alt-country,The South,"Nashville, TN",,fingerpicked acoustic; drawl; storytelling; harmonica,Personal Quest; Homeless Advice,Deep cut,,,Inferred,Medium
A2935,Walker Rider,Fair,2025,LP,Self-released,L1,Core,C4 Countrygaze and loud twang,C1,Crossover,Chicago and the Midwest,"Minneapolis, MN",,lo-fi; drawl; hushed; heartbreak; small-town,Falling; Keep True,Deep cut,,,Inferred,Medium
A2936,Walker Rider,Cowboy Angel,2022,LP,Self-released,L1,Core,C1 Indie twang / yallternative,C4,Alt-country,Chicago and the Midwest,"Minneapolis, MN",,lo-fi; drawl; hushed; heartbreak,Cowboy Angel; North Country,Deep cut,,,Inferred,Medium
A2937,Will Fox,Old News,2022,LP,twosyllable records,L1,Core,C5 Twangy indie folk,,Indie folk,The West,"Los Angeles, CA",,fingerpicked acoustic; hushed; drawl; heartbreak; lullaby,Berry on a Briar; Sheep Guts,Deep cut,,,Inferred,Medium
A2938,Work Wear,My Love Is Occupational and There's Nothing I'd Rather Do,2024,LP,Self-released,L1,Core,"C7 Slacker, jangle, and power-pop revival",C1,Slacker,The South,"Charlottesville, VA",,lo-fi; drawl; hushed; deadpan; breezy,"Honest; You & Me, Madonna",Deep cut,,,Documented,Medium
A2939,Work Wife,Parade,2025,LP,Born Losers Records,L1,Core,"C7 Slacker, jangle, and power-pop revival",,Jangle,The Northeast,"Brooklyn, NY",,jangle; deadpan; breezy; funny-sad; short songs (under 2 minutes),Big Parking Lot; Community Garden,Deep cut,,,Both,Medium
A2940,Tombstone Poetry,Coming In Through the Curtain,2021,LP,Self-released,L1,Core,C4 Countrygaze and loud twang,C8,Slowcore,The Carolinas,"Asheville, NC",,noise wall; glacial; bleak; pedal steel; hushed,Bloodbath; Rest Point,Deep cut,,,Inferred,Medium
A2941,Tombstone Poetry,How Could I Be So In Debt?,2024,LP,Self-released,L1,Core,C4 Countrygaze and loud twang,C8,Slowcore,The Carolinas,"Asheville, NC",,noise wall; glacial; bleak; pedal steel; drawl,The Lord; How Could I Be So In Debt?,Deep cut,,,Inferred,High
A2942,vegas water taxi,things are gonna be alright,2023,LP,PNKSLM Recordings,L1,Core,C1 Indie twang / yallternative,,Alt-country,"The UK, Ireland and Canada","London, UK",,deadpan; drawl; funny-sad; small-town; breezy,creative director blues; modern love,Deep cut,,,Inferred,Medium
A2943,vegas water taxi,"long time caller, first time listener",2026,LP,PNKSLM Recordings,L1,Core,C1 Indie twang / yallternative,,Alt-country,"The UK, Ireland and Canada","London, UK",,deadpan; funny-sad; drawl; small-town; pop-culture references,birkenstocks; jolene,Deep cut,,,Inferred,Medium
A2944,hey i'm outside,hey i'm outside,2024,LP,Self-released,L1,Core,C1 Indie twang / yallternative,,Crossover,The Northeast,"Medford, MA",,Telecaster twang; drawl; small-town; feedback; funny-sad,Frontyard; Massachusetts,Deep cut,,,Inferred,Medium
A2945,hey i'm outside,Loud Ass Barking Dogs,2026,LP,Self-released,L1,Core,C1 Indie twang / yallternative,,Crossover,The Northeast,"Medford, MA",,Telecaster twang; rowdy; drawl; small-town,Trouble; Gatorade,Deep cut,,,Inferred,Medium
