artist,base,region,active_years_in_atlas,primary_lane,zone,key_album_ids,related_artists,summary,in_field_guide
16 Horsepower,"Denver, CO",The West,1996–2000,V9 No Depression and insurgent country,V,"A1479, A1485, A1512",Wovenhand,"Denver band whose Chemnitzer-concertina, hellfire vocals and old-time Appalachian gospel over post-punk intensity founded the gothic-country subgenre.",
20/20,"Los Angeles, CA",The West,1979,"V17 Jangle and power pop, Big Star to GBV",V,A2035,the Knack; the Records,"Tulsa-to-LA power-pop band whose tightly written, ringing-guitar debut sat with the Knack and the Records at the polished, new-wave end of the genre.",
22º Halo,"Philadelphia, PA",Philadelphia,2024,C8 Modern slowcore and hushed twang,Core,A0708,Friendship; hemlock,"Philadelphia songwriter Will Kennedy's project blending folk, slacker rock and bedroom pop into hopeful, plainspoken songs written through hardship.",
28th Day,"Chico, CA",The West,1985,V15 Paisley Underground,V,A1900,Barbara Manning; True West,"Short-lived Chico, California jangle-pop trio, with a young Barbara Manning on bass, whose lone ringing, melancholy EP was produced by True West's Russ Tolman.",
2nd Grade,"Philadelphia, PA",Philadelphia,2020–2026,"C7 Slacker, jangle, and power-pop revival",Core,"A0631, A0577, A0598, A0666",Friendship; Hour; Hurry; Golden Apples; Lawn,"Peter Gill's Philadelphia project crams Guided by Voices- and Big Star-indebted hooks into prolific, miniature-song power-pop sprawls.",Y
The 3Ds,"Dunedin, New Zealand",Australia and New Zealand,1992–1993,V18 Flying Nun and Antipodean indie,V,"A2126, A2128",,"Second-generation Dunedin band whose distorted, dual-vocalist guitar noise pushed the scene's jangle template toward American college-rock volume.",
49 Winchester,"Castlewood, VA",The South,2024,"X2 Red Dirt, Texas country, and arena Americana",Context,A2723,Tyler Childers; Zach Bryan; Chris Stapleton,"Southwest Virginia band whose plainspoken, Appalachian arena-Americana splits the difference between The Band's groove and Tyler Childers's directness.",
764-HERO,"Seattle, WA",The West,1998,V10 Slacker and '90s indie rock,V,A1594,Modest Mouse; Built to Spill,"Seattle Up Records band whose ringing, unhurried guitar interplay and plainspoken vocals made them a quieter cousin of tourmates Modest Mouse.",
Abbey Blackwell,"Seattle, WA",The West,2023–2026,C5 Twangy indie folk,Core,"A0306, A0229, A0249",,"Seattle bassist-turned-songwriter whose rich, lush-voiced, organically arranged folk records grew steadily more confident across a self-released run.",Y
Abel,"Columbus, OH",Chicago and the Midwest,2025,C1 Indie twang / yallternative,Core,A0032,Spencer Radcliffe,"Columbus songwriter whose self-lacerating, ramshackle country-jangle debut fits the small-label DIY twang network of Julia's War and Candlepin.",
The Able Tasmans,"Auckland, New Zealand",Australia and New Zealand,1987–1990,V18 Flying Nun and Antipodean indie,V,"A2100, A2112",,"Auckland band built around Graeme Humphreys's tumbling piano rather than guitar, an odd, whimsical counterpoint to Flying Nun's guitar-heavy Dunedin sound.",
Acetone,"Los Angeles, CA",The West,1993–1996,V12 Slowcore and sadcore,V,"A1706, A1725",Low,"Los Angeles trio whose slow, country-tinged, hushed-vocal drone shared Vernon Yard Records with early Low, working a hazy desert-highway strain of slowcore.",
A Country Western,"Philadelphia, PA",The Northeast,2020–2024,"C7 Slacker, jangle, and power-pop revival",Core,"A2885, A2884",,"Philadelphia duo turned four-piece whose spare, pandemic-recorded slacker rock grew into a deliberate, slowcore-tinged indie record with a downcast, conversational tone.",
Ada Lea,"Montreal, Quebec","The UK, Ireland and Canada",2025,C6 Cosmic country and the '70s revival,Core,A0464,Kate Bollinger; Courtney Marie Andrews,"Montreal songwriter Alexandra Levy who traded moody indie rock for breezy, Dylan-referencing '70s Laurel Canyon folk warmth.",
Adam Faucett,"Little Rock, AR",The South,2007–2018,V3 Southern storytelling rock,V,"A0924, A0956, A0968",John Moreland; Two Cow Garage,"Little Rock songwriter whose weathered, cracked baritone and sparse arrangements deepened into fuller, bleaker band records on Last Chance Records.",
Adeline Hotel,"Brooklyn, NY",The Northeast,2021,C5 Twangy indie folk,Core,A0194,Frank Meadows; Jackie West; The Bird Calls,"Dan Knishkowy's gentle, fingerpicked indie-folk project of plainspoken, wry songs about memory, part of a close-knit Brooklyn songwriter circle.",
Adrianne Lenker,,The Northeast,2006–2024,C5 Twangy indie folk,Core,"A0169, A0188, A0250, A0147",Big Thief; Buck Meek; Gillian Welch,"Big Thief singer whose parallel solo catalog runs from embryonic teenage recordings to hushed, cabin-recorded confessionals and a Grammy-nominated late high point.",
Adrianne Lenker & Buck Meek,,The Northeast,2014,C5 Twangy indie folk,Core,"A0148, A0149",Big Thief; Adrianne Lenker; Buck Meek,"A pre-Big Thief duo release of stripped-back, harmony-driven folk documenting the songwriting chemistry between Lenker and Meek.",
Advance Base,"Chicago, IL",Chicago and the Midwest,2015,C2 Barroom storytellers and deadpan songwriters,Core,A0051,Casiotone for the Painfully Alone; Silver Jews,"Owen Ashworth's post-Casiotone project sets deadpan, plainly sung short stories over minimal drum machine and synth, continuing the Drag City deadpan school.",
Age of Peace,"Los Angeles, CA",The West,2026,C6 Cosmic country and the '70s revival,Core,A0479,Artificial Go; ROD,"Los Angeles duo Angie Willcutt and Micah Wu's spectral, folk-based Cosmic American Music, plucked strings and mallet pulse under playful, transcendental lyrics.",
Aïda Mekonnen Caby,"Brittany, France",Elsewhere,2025,C5 Twangy indie folk,Core,A0274,TOLEDO,"TOLEDO member's solo turn into pristine, dreamy folk-pop at a more intimate, personal scale than her main band.",
Alan Jackson,"Newnan, GA",The South,1991,"X1 Mainstream Nashville, countrypolitan to bro-country",Context,A2707,,Georgia neotraditionalist whose plain drawl and fiddle-and-steel arrangements defended honky-tonk country as Music Row turned pop.,
Alasdair Roberts,"Glasgow, Scotland","The UK, Ireland and Canada",2003,V2 Drag City deadpan school,V,A0865,Appendix Out,"Glasgow songwriter whose spare, fingerpicked solo work after Appendix Out steeps Scottish and Appalachian folk phrasing in the Drag City deadpan-folk lineage.",
Alejandro Escovedo,"Austin, TX",Texas and Oklahoma,1992–2001,V13 Americana songwriters before the label,V,"A1783, A1832, A1806, A1823",the Nuns; Rank and File; True Believers,"Austin songwriter who moved from punk and cowpunk bands into orchestral, string-laden chamber-rock Americana about grief and Texas-Mexican family history.",
Alela Diane,"Nevada City, CA",The West,2004–2018,V5 Rootsy indie folk,V,"A1095, A1113, A1130, A1145",Wild Divine; Tom Bevitori,"Nevada City folk singer whose clear, unadorned voice carries home-recorded, hymn-and-ballad-rooted songwriting into fuller, then quieter and more domestic, records.",
Alela Diane & Wild Divine,"Nevada City, CA",The West,2011,V5 Rootsy indie folk,V,A1123,Alela Diane; Tom Bevitori,"Alela Diane credited jointly with her touring band on a warmer, full-band folk-rock record built around her marriage to guitarist Tom Bevitori.",
Alex Chilton,"Memphis, TN",The South,1979–1985,"V17 Jangle and power pop, Big Star to GBV",V,"A2036, A2052",Big Star,"Post-Big Star Memphis songwriter who turned from polished jangle to deliberately wrecked, sloppy garage rock and loose, soul-inflected bar-band records.",
Alex G,"Philadelphia, PA",Philadelphia,2011–2025,"C7 Slacker, jangle, and power-pop revival",Core,"A0517, A0546, A0573, A0599",,"Philadelphia bedroom-pop songwriter whose warped, pitch-shifted vocals and plainspoken menace-and-gentleness grew from prolific Bandcamp lo-fi into major-label pop songcraft.",Y
Alison Krauss & Union Station,"Nashville, TN",The South,2001,"X4 Bluegrass, old-time, and newgrass",Context,A2736,,"Crystalline-voiced, radio-ready bluegrass ensemble whose polished, vocal-forward picking made them the genre's mainstream-crossover face just before O Brother, Where Art Thou?.",
Allegra Krieger,"New York, NY",The Northeast,2020–2023,C5 Twangy indie folk,Core,"A0230, A0189",,"New York songwriter whose plainspoken, mortality-fixated diaristic songwriting grew from spare Northern Spy records into a quietly contemplative career high point.",
The Allman Betts Band,"Sarasota, FL",The South,2019–2020,X11 Modern Southern rock,Context,"A2815, A2818",The Allman Brothers Band,"Band formed by the sons of three founding Allman Brothers Band members, recreating their fathers' twin-lead-guitar, jam-friendly sound almost note for note.",
The Allman Brothers Band,"Macon, GA",The South,1969–1973,V28 Southern rock and country soul,V,"A2572, A2579, A2581, A2584",,"Macon, Georgia band whose twin-guitar, twin-drummer blues-and-jazz jams set the template for the whole Capricorn Southern-rock roster across a run of studio and live landmarks.",
Amalgamated Sons of Rest,"Chicago, IL",Chicago and the Midwest,2002,V1 Molina and the Magnolia circle,V,A0783,Jason Molina; Will Oldham; Alasdair Roberts,"One-off unplugged folk-balladry side project pairing Jason Molina with Will Oldham and Alasdair Roberts in close, unpolished front-porch harmonies.",
Amanda Shires,"Nashville, TN",The South,2011–2016,V6 2000s–2010s alt-country,V,"A1230, A1245, A1264",Jason Isbell; the Highwomen,Nashville fiddle player turned literate singer-songwriter whose image-heavy Americana records grew darker and more personal across motherhood and marriage.,
Amen Dunes,"New York, NY",The Northeast,2014–2018,C6 Cosmic country and the '70s revival,Core,"A0343, A0374",,"Damon McMahon's project moved from lo-fi murk into hazy, Dead-and-Parsons-adjacent guitar-folk and then a warmer, radio-scaled classic-rock-informed sound.",
American Aquarium,"Raleigh, NC",The Carolinas,2009–2020,V3 Southern storytelling rock,V,"A0944, A0961, A0969, A0971",Drive-By Truckers; Lucero; Two Cow Garage,"BJ Barham's Raleigh band turned van-touring poverty and later sobriety into plainspoken, conversational Drive-By Truckers- and Lucero-indebted storytelling rock.",
American Football,"Urbana, IL",Chicago and the Midwest,1999,X6 Emo and Midwest emo,Context,A2758,Cap'n Jazz,"Mike Kinsella's post-Cap'n Jazz project distilled Midwest emo into gentle, jazzy guitar interplay and conversational vocals on its genre-defining lone original album.",
American Music Club,"San Francisco, CA",The West,1988–1994,V12 Slowcore and sadcore,V,"A1693, A1701, A1707, A1712",,"San Francisco band led by Mark Eitzel's ragged, plainspoken baritone through slow, pedal-steel-streaked, theatrically bleak country-rock and sadcore songwriting.",
Andrew Combs,"Nashville, TN",The South,2012–2017,V6 2000s–2010s alt-country,V,"A1239, A1258, A1271",Caitlin Rose; Elizabeth Cook,"Nashville songwriter whose warm, classic-leaning country-folk records, closer to 1970s countrypolitan than rock-inflected alt-country, grew more orchestrated over time.",
Andrew Smith,"St. John's, Newfoundland and Labrador","The UK, Ireland and Canada",2025,C5 Twangy indie folk,Core,A2886,,"St. John's, Newfoundland songwriter making plainspoken, narrative-heavy guitar folk-rock self-tagged folk and alt-country, in a line running from '90s alt-country through Bandcamp singer-songwriters.",
Angela Autumn,"Nashville, TN",The South,2026,C6 Cosmic country and the '70s revival,Core,A0480,,"Appalachian-raised clawhammer banjo player nicknamed 'The Rose of Appalachia' who folds old-time and bluegrass roots into an arena-sized, psychedelic gothic-country sound.",
Angel Olsen,"Asheville, NC",Chicago and the Midwest,2010–2022,V5 Rootsy indie folk,V,"A1133, A1138, A1146, A1128",Bonnie 'Prince' Billy; the Cairo Gang,"Chicago-born-then-Asheville singer whose strange, old-time-adjacent vibrato grew from Bonnie 'Prince' Billy-mentored lo-fi folk into glammy pop-rock, orchestral art-pop and pedal-steel country.",
Angst,"San Francisco, CA",The West,1985,V16 American underground and college rock,V,A1946,,"San Francisco SST band whose clean, politically engaged folk-punk songwriting stood out as more melodic than the label's noisier hardcore roster.",
Anna St. Louis,"Los Angeles, CA",The West,2023,C6 Cosmic country and the '70s revival,Core,A0432,Jess Williamson; Kacey Johansing; Woods,"Los Angeles songwriter whose stark debut opened into brighter, orchestral arrangements on a record made within the overlapping Woodsist singer-songwriter circle.",
Anne Briggs,"Nottinghamshire, England","The UK, Ireland and Canada",1971,V30 British folk rock (selective),V,A2655,,"Nottinghamshire folk singer whose plain, unornamented voice and sparse original songs sold poorly but became a hard-to-find cult record among British folk revivalists.",
Annie Williams,"Nashville, TN",The South,2024,C5 Twangy indie folk,Core,A0252,,"Nashville debut songwriter whose subtle pop melodies and conversational, funny writing favor wit and understatement, part of the Nashville indie-folk underground.",
The Anomoanon,"Louisville, KY",The South,1998–1999,V2 Drag City deadpan school,V,"A0844, A0850",Will Oldham; Palace,"Louisville project led by Will Oldham's brother, setting Robert Louis Stevenson's public-domain poems to spare country-folk on Oldham's own record label.",
Appendix Out,"Glasgow, Scotland","The UK, Ireland and Canada",1997,V2 Drag City deadpan school,V,A0840,Alasdair Roberts; Will Oldham,"Alasdair Roberts's Glasgow band, signed to Drag City after Roberts gave Will Oldham a demo, plays hushed, fingerpicked Scottish folk-rock in the label's deadpan idiom.",
The Apples in Stereo,"Denver, CO",Chicago and the Midwest,1995–1997,V11 Lo-fi and home taping,V,"A1651, A1666",Neutral Milk Hotel; The Olivia Tremor Control,"Robert Schneider's Denver band whose lo-fi, tape-saturated Beach Boys/British Invasion pop founded the whole Elephant 6 Recording Company aesthetic.",
Arbor Labor Union,"Athens, GA",The South,2016–2025,C6 Cosmic country and the '70s revival,Core,"A0353, A0396, A0433, A0465",,"Athens, Georgia punks turned Dead-worshipping jammers whose fuzzed-out cosmic-country evolved from noisy riff-jamming into cleaner, Allman/Wilburys-style songcraft.",Y
Arbouretum,"Baltimore, MD",The Northeast,2007–2020,V1 Molina and the Magnolia circle,V,"A0804, A0797, A0801, A0808",,"Baltimore band led by Dave Heumann's plainspoken baritone through slow, heavy, extended-jam guitar folk-rock in an explicitly Crazy Horse-scale mode.",
Archers of Loaf,"Chapel Hill, NC",The Carolinas,1993–1998,V10 Slacker and '90s indie rock,V,"A1532, A1560, A1570, A1595",,"Eric Bachmann's Chapel Hill band whose tangled, feedback-streaked guitar interplay and yelped vocals made them instant peers of Pavement and a cornerstone of the scene.",Y
Arlo McKinley,"Cincinnati, OH",Chicago and the Midwest,2020–2022,V7 Neo-traditional and 'new outlaw' country,V,"A1339, A1357",John Prine,"Cincinnati songwriter, personally signed by John Prine to Oh Boy Records, whose weathered voice carries bleak Midwestern country-folk about addiction and hometown decay.",
Arthur Alexander,"Muscle Shoals, AL",The South,1972,V28 Southern rock and country soul,V,A2582,,"Muscle Shoals soul singer whose early singles were covered by the Beatles, Stones and Dylan, returning here with a warm, country-soul comeback record.",
Astrachan,"Chicago, IL",Chicago and the Midwest,2025,"C7 Slacker, jangle, and power-pop revival",Core,A0645,Smushie; Shoulderbird,"Chicago songwriter Ben Astrachan's maximalist solo debut packs '60s-and-'70s-indebted melodic twists into off-kilter, conceptual guitar-pop.",
Austin Lucas,"Bloomington, IN",Chicago and the Midwest,2009–2013,V3 Southern storytelling rock,V,"A0930, A0952",Two Cow Garage,"Punk-rooted Bloomington, Indiana songwriter whose plainspoken alt-country grew fuller and more country-radio-adjacent as he moved from Suburban Home to New West Records.",
Avett Brothers,"Concord, NC",The Carolinas,2009,X3 Big-tent Americana and stomp-clap folk,Context,A2726,,"Rick Rubin-produced Concord, NC brothers band that smoothed its punk-folk roughness into string-and-piano Americana built for festival-crowd singalongs.",
Babehoven,"Hudson Valley, NY",The Northeast,2026,C8 Modern slowcore and hushed twang,Core,A0732,Bloomsday; Ryan Albert,Maya Bon's Hudson Valley project moved from lo-fi duo beginnings into full-band indie folk-pop with country and Americana touches and soaring vocals.,
Bad Brains,"Washington, D.C.",The Northeast,1982,X14 Punk and hardcore roots,Context,A2850,,"Washington D.C. jazz-trained musicians who played hardcore at breakneck, technically dazzling speed with reggae interludes, setting the standard for early-80s American hardcore.",
Badfinger,"Swansea, Wales","The UK, Ireland and Canada",1971,"V17 Jangle and power pop, Big Star to GBV",V,A2024,,"Swansea band on the Beatles' own Apple label whose crisp, chiming, unabashedly Beatlesque songwriting made the Beatles-to-power-pop lineage nearly literal.",
Bad Livers,"Austin, TX",Texas and Oklahoma,1992–1997,V9 No Depression and insurgent country,V,"A1453, A1486",,"Austin trio, produced by Butthole Surfers' Paul Leary, who ran bluegrass instrumentation at punk speed and volume behind Danny Barnes's deadpan banjo songwriting.",
Bailter Space,"Christchurch, New Zealand",Australia and New Zealand,1988,V18 Flying Nun and Antipodean indie,V,A2107,the Gordons,"Christchurch band formed by two ex-members of the Gordons who traded the Dunedin sound's chime for churning, noise-caked, motorik guitar rock.",
The Band,"Toronto / Woodstock, NY","The UK, Ireland and Canada",1968–1978,V22 Dylan and The Band,V,"A2301, A2302, A2312, A2319",Bob Dylan,"Dylan's former backing group whose warm, unhurried blend of country, gospel, R&B and rock reoriented a generation toward roots music.",
Band of Horses,"Charleston, SC",The South,2006–2010,V4 Roots-inflected 2000s indie,V,"A1016, A1022, A1050",Carissa's Wierd,"Ben Bridwell's post-Carissa's Wierd band built big, reverb-soaked, Crazy-Horse-and-My-Morning-Jacket-indebted choruses that grew warmer, more Southern and more polished over time.",
The Bangles,"Los Angeles, CA",The West,1984,V15 Paisley Underground,V,A1895,The Three O'Clock; Rain Parade,"Los Angeles band whose tight, twelve-string power-pop debut preceded their mainstream pop years, made in the same early-'80s club scene as Paisley Underground peers.",
Baptist Generals,"Denton, TX",Texas and Oklahoma,2003,V4 Roots-inflected 2000s indie,V,A0996,Midlake; Centro-matic,"Chris Flemmons's Denton, Texas band made a scrappy, tape-worn Sub Pop debut of cracked-voice folk-rock within the North Texas DIY scene around Midlake.",
The Bats,"Christchurch, New Zealand",Australia and New Zealand,1987–1993,V18 Flying Nun and Antipodean indie,V,"A2101, A2113, A2121, A2129",The Clean,"Christchurch band formed by a former Clean drummer, playing the gentlest, most purely melodic jangle-pop to come out of the Flying Nun catalog.",
Beach Bunny,"Chicago, IL",Chicago and the Midwest,2018–2021,"C7 Slacker, jangle, and power-pop revival",Core,"A0557, A0586",Dehd,"Lili Trifilio's Chicago project turned bright, hooky power-pop about body image and self-doubt from a viral bedroom EP into arena-ready choruses.",
Beachwood Sparks,"Los Angeles, CA",The West,2000–2024,V4 Roots-inflected 2000s indie,V,"A0984, A0989, A0334, A0449",,"Los Angeles Paisley Underground pioneers whose pedal-steel-laced, Gram Parsons-descended cosmic country rock anticipated the 2000s revival before returning to it themselves.",
The Beat Farmers,"San Diego, CA",The West,1985–1989,V14 Cowpunk and LA roots punk,V,"A1864, A1872, A1885",Los Lobos,"San Diego band splitting vocal duties between a booming novelty baritone and straighter roots-rock songwriting, produced by Los Lobos's Steve Berlin.",
Beat Happening,"Olympia, WA",The West,1985–1992,V16 American underground and college rock,V,"A1947, A1992, A1635",,"Calvin Johnson, Heather Lewis and Bret Lunsford's deliberately amateurish, home-taped Olympia trio founded the whole lo-fi, twee-adjacent K Records aesthetic.",
Beck,"Los Angeles, CA",The West,1994,V11 Lo-fi and home taping,V,"A1641, A1642",Calvin Johnson; Beat Happening,"Los Angeles songwriter whose home-taped acoustic-blues and tape-collage detours, made with and around Calvin Johnson, aligned him directly with the K Records lo-fi aesthetic.",Y
Bedhead,"Dallas, TX",Texas and Oklahoma,1994–1998,V12 Slowcore and sadcore,V,"A1713, A1738, A1726",Codeine; the New Year,"Dallas twin-brother-led five-piece whose interlocking clean-toned guitars build slowly toward controlled swells over flat, whispered deadpan vocals, a touchstone of guitar-interplay slowcore.",
Beirut,"Santa Fe, NM",The West,2006–2007,"X5 Chamber, baroque, and freak folk",Context,"A2747, A2750",,"Zach Condon's teenage Balkan-brass project, built on ukulele, mandolin and rotating horns, set the template for chamber indie.",
The Belair Lip Bombs,"Melbourne, Australia",Australia and New Zealand,2025,"C7 Slacker, jangle, and power-pop revival",Core,A0646,Rolling Blackouts Coastal Fever,"Melbourne band whose frenetic, interlocking power pop was produced by a member of Rolling Blackouts Coastal Fever.",
Bella White,"Calgary, Alberta","The UK, Ireland and Canada",2023,C3 New alt-country and honky-tonk bands,Core,A0100,,"Calgary-born, bluegrass-trained singer whose Appalachian-rooted picking widens into country, indie and classic-rock textures without losing its traditional core.",Y
Ben Seretan,"New York, NY",The Northeast,2024,C5 Twangy indie folk,Core,A0253,,"New York songwriter whose chaotic, ecstatic, hymnlike full-band record swings between grief and communal joy within a prolific DIY solo catalog.",
Bert Jansch,"London, England","The UK, Ireland and Canada",1965–1974,V30 British folk rock (selective),V,"A2642, A2643, A2664",John Renbourn; Pentangle,London fingerstyle guitarist whose harder-edged folk-blues-jazz playing shaped a generation of British guitarists and directly seeded Pentangle.,
The Beths,"Auckland, New Zealand",Australia and New Zealand,2022,"C7 Slacker, jangle, and power-pop revival",Core,A0600,,"Auckland band led by Elizabeth Stokes writing tight, guitar-heavy autobiographical power-pop that its own liner notes call a collision of pop and skuzz.",
Beulah,"San Francisco, CA",The West,1997–1999,V10 Slacker and '90s indie rock,V,"A1605, A1583",,"Elephant 6-affiliated San Francisco band whose fuzzy guitar pop, stray horns and loose, sunny-then-bittersweet arrangements traded on scrappy, homemade psych-pop melody.",
Beyoncé,"Houston, TX",The South,2024,X12 Pop and indie artists' country turns,Context,A2828,Dolly Parton; Willie Nelson; Linda Martell,"Pop superstar whose sprawling, star-studded reckoning with country music's Black roots mixes pedal steel and banjo with hip-hop and R&B production.",
Big Black,"Chicago, IL",Chicago and the Midwest,1986–1987,X10 Post-punk and noise rock,Context,"A2798, A2799",,"Steve Albini's Chicago project paired a programmed drum machine with clanging, treated guitars and confrontational lyrics to define mechanical, abrasive noise rock.",
Big Dipper,"Boston, MA",The Northeast,1987–1988,V16 American underground and college rock,V,"A1974, A1993",Volcano Suns; Dumptruck,"Boston band assembled from Volcano Suns and Dumptruck whose hooky, deceptively simple power pop dressed odd lyrical subjects in equal parts jangle and crunch.",
Big Fat Cow,"Kansas City, MO",Chicago and the Midwest,2022–2025,C1 Indie twang / yallternative,Core,"A2887, A2888",,"Kansas City band fusing Gram Parsons-style cosmic country with fuzzed-out distorted guitar into rowdy, self-tagged 'fuzz folk' country-rock across a full-length and follow-up EP.",
Big Star,"Memphis, TN",The South,1972–2005,"V17 Jangle and power pop, Big Star to GBV",V,"A2025, A2028, A2033, A2083",Alex Chilton; Chris Bell,Alex Chilton and Chris Bell's Memphis band stacked ringing twelve-string guitars and Beatlesque harmonies into the founding document of jangle and power pop.,
Big Thief,"Brooklyn, NY",The Northeast,2016–2025,C5 Twangy indie folk,Core,"A0158, A0162, A0175, A0176",Adrianne Lenker,"Adrianne Lenker-led Brooklyn band whose raw, intimate, vividly storytelling indie folk deepened into sprawling double albums and cosmic, ambient-tinged textures.",Y
Big Vic,"Ann Arbor, MI",The Northeast,2021,C4 Countrygaze and loud twang,Core,A0129,,"Ann Arbor band led by Victoria Rinaldi whose fuzzed-out, noisy indie rock was only retroactively tagged countrygaze for its Wilco- and Silver Jews-tinged Americana touches.",
Bill Callahan,"Austin, TX",Texas and Oklahoma,2007–2022,V2 Drag City deadpan school,V,"A0885, A0887, A0876, A0879",Smog,"Chicago-then-Austin songwriter whose deadpan, aphoristic delivery carried his post-Smog solo work from gospel-inflected looseness through folk austerity to warm, groove-based domestic songwriting.",Y
Bill Fox,"Cleveland, OH",Chicago and the Midwest,1997–1998,V11 Lo-fi and home taping,V,"A1667, A1673",the Mice,"Cleveland songwriter who left garage-punk band the Mice for thin, close-mic'd, Beatles-echoing home-cassette solo records before a long disappearance from music.",
Billie Marten,"Ripon, North Yorkshire, UK","The UK, Ireland and Canada",2016–2025,C5 Twangy indie folk,Core,"A0276, A0195, A0231, A0159",,"UK singer-songwriter, discovered via YouTube covers, whose hushed, breathy, fingerpicked folk grew fuller and more rhythmically alive across her RCA and Fiction Records albums.",Y
Bill Monroe,"Rosine, KY",The South,1992,R1 Roots,V,A2695,,"Rosine, Kentucky bandleader whose fast, hard-driven string-band music and keening high-lonesome tenor with the classic Blue Grass Boys lineup invented bluegrass as a genre.",
Bill Morrissey,New Hampshire,The Northeast,1992,V13 Americana songwriters before the label,V,A1784,,"New Hampshire folksinger whose dry, novelistic character studies of blue-collar mill-town life were delivered in a warm, conversational baritone over spare acoustic guitar.",
Bill Orcutt,"San Francisco, CA",The West,2011,V8 American Primitive and solo guitar,V,A1414,,"Former Harry Pussy noise-guitarist whose battered four-string acoustic playing tears through blues and American song fragments with a violent, broken-string attack.",
Billy Joe Shaver,"Nashville, TN",Texas and Oklahoma,1973–1977,V23 Outlaw country,V,"A2341, A2359, A2368",Waylon Jennings,"Nashville outlaw-country songwriter whose rough, talking-blues voice delivered his own working-class, hard-luck character songs as the definitive versions of tunes others made famous.",
Billy Strings,"Nashville, TN",The Northeast,2019,"X4 Bluegrass, old-time, and newgrass",Context,A2738,Bob Weir,"Nashville flatpicker whose blistering guitar runs and jam-band-scaled improvisation over traditional bluegrass drew a younger, festival-jam-scene audience into the genre.",
The Bird Calls,"Brooklyn, NY",The Northeast,2026,C2 Barroom storytellers and deadpan songwriters,Core,A0084,David Berman; Silver Jews; John Darnielle; Mountain Goats; Destroyer,"Songwriting project drawing explicit comparison to David Berman, John Darnielle and Destroyer's Dan Bejar for its clever, plainspoken, folksy-yet-wry songs.",
Bitter Calm,"Birmingham, AL",The South,2019–2024,C8 Modern slowcore and hushed twang,Core,"A2889, A2890",,"Birmingham, Alabama band playing hushed, sparse slowcore and chamber rock in the Low/Duster-descended sadcore tradition, growing darker and more full-band on its second record.",
Blackberry Smoke,"Atlanta, GA",The South,2012–2021,X11 Modern Southern rock,Context,"A2809, A2811, A2819",,Atlanta band whose triple-guitar boogie and pedal steel flourishes carried Southern rock's Skynyrd/Allman lineage into 2010s mainstream and country-radio crossover.,
Black Flag,"Hermosa Beach, CA",The West,1981–1984,X14 Punk and hardcore roots,Context,"A2849, A2851",,"Hermosa Beach band whose Henry Rollins-fronted, self-released hardcore turned suburban California rage into lurching brutality, founding the SST/West Coast hardcore underground.",
Blackfoot,"Jacksonville, FL",The South,1979,V28 Southern rock and country soul,V,A2611,,"Jacksonville band whose raspy-voiced, harder-rocking take on Southern rock pushed the genre toward arena hard rock rather than the Allmans' jazzier jamming.",
The Black Swans,"Columbus, OH",Chicago and the Midwest,2004–2007,V1 Molina and the Magnolia circle,V,"A0788, A0798",Songs: Ohia,"Columbus, Ohio band led by Jerry DeCicca building a spare, haunted folk-rock sound that shares Songs: Ohia's Midwestern gothic atmosphere.",
The Blasters,"Downey, CA",The West,1980–1985,V14 Cowpunk and LA roots punk,V,"A1839, A1841, A1851, A1865",X; The Knitters,"Downey, California band (Dave and Phil Alvin) whose rockabilly-punk fusion became a cowpunk cornerstone and launchpad for the Knitters and X collaborations.",
Blaze Foley,"Austin, TX",Texas and Oklahoma,1989–2010,V24 Texas songwriters and progressive country,V,"A2422, A2428",Townes Van Zandt,"Austin outlaw-folk songwriter whose rumbling baritone and wrecked-tender, dark-comic songs, caught on a rough club tape shortly before his death, built his posthumous legend.",
Blitzen Trapper,"Portland, OR",The West,2008–2010,V4 Roots-inflected 2000s indie,V,"A1031, A1051",,"Portland band led by Eric Earley's reedy voice through ramshackle folk-rock, Dylan-esque narrative songwriting and classic-rock and prog-inflected detours.",
Blood on the Saddle,"Los Angeles, CA",The West,1984,V14 Cowpunk and LA roots punk,V,A1854,the Gun Club,"Los Angeles cowpunk band, inspired directly by seeing the Gun Club live, fronted by dual vocalists over fast, rowdy Delta-blues-meets-punk guitar and fiddle.",
Blood Oranges,"Boston, MA",The Northeast,1990,V9 No Depression and insurgent country,V,A1445,,"Boston band working the country-punk seam a few years ahead of the No Depression name, pairing mandolin and harmony vocals over plainspoken, unhurried songs of hard luck.",
Bloomsday,"New York, NY",The Northeast,2024,C8 Modern slowcore and hushed twang,Core,A0709,Babehoven; Lomelda,"Iris James Garrison's spacious, full-bodied New York folk project, recorded at Babehoven's studio with earworm melodies and a wide cast of hushed-folk collaborators.",
Blue County Pistol,Unknown,Elsewhere,2023,C3 New alt-country and honky-tonk bands,Core,A0101,,"Rollicking, banjo-heavy alt-country EP act from the small self-released Bandcamp alt-country underground.",
Blue Mountain,"Oxford, MS",The South,1995,V9 No Depression and insurgent country,V,A1466,,"Oxford, Mississippi band mixing Skynyrd-style twin-guitar boogie with plainspoken insurgent-country storytelling, road-tested like a bar band.",
Blue Ranger,"New York, NY",The Northeast,2024,C5 Twangy indie folk,Core,A0254,,"New York band bridging electronica, soft-folk and ambient rock, its rustic, anxious songs built slowly around violin textures toward sudden releases.",
Bluetile Lounge,"Perth, Western Australia",Australia and New Zealand,1995,V12 Slowcore and sadcore,V,A1719,,"Perth, Australia trio recorded in a reverberant Masonic hall, pairing slow, feedback-laced guitar drift with hushed vocals in a rare non-American slowcore entry.",
Bnny,"Chicago, IL",Chicago and the Midwest,2021–2024,C8 Modern slowcore and hushed twang,Core,"A0696, A0710",,"Jess Viscius's Chicago project turned grief into inky, minimalist noir-pop with Velvet Underground-simple chords, later fleshing out into fuller slowcore/shoegaze arrangements.",
Bobbie Gentry,"Chickasaw County, MS",The South,1967–1971,V25 Country-folk storytellers,V,"A2432, A2434, A2442, A2446",,"Chickasaw County, Mississippi songwriter whose low, unhurried alto and orchestrated Southern gothic story-songs turned Delta gossip into concept-album narrative craft.",
Bobby Bare,"Nashville, TN",The South,1973–1975,V23 Outlaw country,V,"A2342, A2352, A2353",,"Nashville baritone whose outlaw-era albums, largely written by Shel Silverstein, treated country songwriting as folklore and dark comic storytelling.",
Bobby Bare Jr.,"Nashville, TN",The South,2002–2010,V3 Southern storytelling rock,V,"A0905, A0913, A0938",Bobby Bare,"Son of outlaw star Bobby Bare Sr. who channeled that lineage into stranger, fuzzed-out, deadpan Nashville-outsider storytelling rock on Bloodshot Records.",
Bobby Charles,"Abbeville, LA",The South,1972,V21 Country rock and Cosmic American Music,V,A2273,,"Louisiana swamp-pop songwriter whose warm, unhurried Bearsville record, cut with members of the Band, blended country, Cajun roots and rock.",
Bob Dylan,"New York / Woodstock, NY",The Northeast,1962–2020,V22 Dylan and The Band,V,"A2690, A2692, A2297, A2298",The Band; Johnny Cash,New York folk-turned-rock songwriter whose evolution from Guthrie-indebted interpreter to electric literary lyricist to Nashville-crooning country convert reshaped what a song could hold across six decades.,
Bob Dylan and The Band,"New York / Woodstock, NY",The Northeast,1974–1975,V22 Dylan and The Band,V,"A2314, A2311",Bob Dylan; The Band,"Basement-tape and arena-reunion collaboration between Dylan and his backing group, its loose, homemade Americana and triumphant live reworkings becoming founding texts of roots rock.",
Bob Seger,"Detroit, MI",Chicago and the Midwest,1976–1980,X7 Heartland rock,Context,"A2763, A2766",,"Detroit bar-band rocker whose nostalgic, plainspoken heartland-rock ballads about growing up in Michigan became classic-rock radio standards.",
Bob Weir,"San Francisco / Marin County, CA",The West,1972,V27 The Grateful Dead and California country-psych,V,A2555,Grateful Dead; John Perry Barlow,"Grateful Dead guitarist whose solo album, performed almost entirely by his own band, introduced Weir/Barlow songs that immediately became permanent Dead concert staples.",
Bob Wills & His Texas Playboys,"Tulsa, OK",Texas and Oklahoma,1992,R1 Roots,V,A2696,,"Tulsa bandleader whose horn-and-fiddle Western swing, broadcast from Cain's Ballroom, established the pedal steel as a lead country instrument.",
The Bongos,"Hoboken, NJ",The Northeast,1982,"V17 Jangle and power pop, Big Star to GBV",V,A2044,Yo La Tengo,Hoboken band whose ringing jangle pop founded the tiny club scene that later produced Yo La Tengo.,
Bon Iver,"Eau Claire, WI",Chicago and the Midwest,2007–2011,V5 Rootsy indie folk,V,"A1104, A1124, A1114",,"Justin Vernon's Wisconsin cabin-recorded project turned isolation and lo-fi falsetto into the modern hushed singer-songwriter template before expanding into fuller, electronically processed arrangements.",
Bonnie 'Prince' Billy,"Louisville, KY",The South,1999–2025,V2 Drag City deadpan school,V,"A0851, A0866, A0895, A0857",David Berman; Angel Olsen; the Cairo Gang,"Will Oldham's long-running Louisville persona whose plain, deadpan voice carried Drag City country-folk from mortality-fixated dread through duet-based warmth to orchestrated, hymn-adjacent late records.",Y
Bonnie 'Prince' Billy and the Cairo Gang,"Louisville, KY",The South,2010,V2 Drag City deadpan school,V,A0883,Bonnie 'Prince' Billy; Emmett Kelly,"A pared-back Bonnie 'Prince' Billy collaboration with guitarist Emmett Kelly, stripping arrangements to two guitars and voice.",
Bonny Doon,"Detroit, MI",Chicago and the Midwest,2017–2023,"C7 Slacker, jangle, and power-pop revival",Core,"A0558, A0614, A0365",Waxahatchee,"Detroit band pairing Bill Lennox and Bobby Colombo's warm, conversational harmonies over gentle, unhurried country-folk in the Woodsist slacker lineage.",Y
Bonny Light Horseman,"New York, NY",The Northeast,2020–2024,C5 Twangy indie folk,Core,"A0190, A0255, A0211",Fruit Bats,"Anaïs Mitchell, Eric D. Johnson and Josh Kaufman's folk supergroup reworking traditional British and American ballads into warm, harmony-driven arrangements.",
The Bottle Rockets,"Festus, MO",Chicago and the Midwest,1993–2015,V6 2000s–2010s alt-country,V,"A1461, A1457, A1487, A1173",Uncle Tupelo,"Festus, Missouri band fronted by Brian Henneman (an Uncle Tupelo guest) whose loud Telecaster riffing and blunt working-class storytelling became a benchmark of insurgent country.",
Bottom Shelf,"Raleigh, NC",The Carolinas,2024,C4 Countrygaze and loud twang,Core,A2891,Colin Miller; Wednesday,"Raleigh countrygaze band pairing rowdy, distorted roots rock with slower heavy passages about small-town Southern life, following the Wednesday-style wall-of-guitar country template.",
Brad Goodall,"Huntington, WV",The South,2022–2026,C2 Barroom storytellers and deadpan songwriters,Core,"A0065, A0064, A0085",Ona,"Huntington, West Virginia songwriter whose self-produced piano-man records mix Zevon-ish snark and plainspoken confession in the Randy Newman lineage.",
Brandi Carlile,"Seattle, WA",The West,2018,X3 Big-tent Americana and stomp-clap folk,Context,A2731,,"Seattle singer whose big-voiced, orchestral folk-rock balladry scaled festival Americana to Grammy-stage, vocally virtuosic size.",
Brennan Wedl,"Nashville, TN",The South,2026,C3 New alt-country and honky-tonk bands,Core,A0118,Waxahatchee; MJ Lenderman,"Nashville songwriter whose debut, co-produced by Katie Crutchfield and Brad Cook, blends arena-scaled country-rock hooks with swaggering, confessional lyrics.",
Brennen Leigh,"Nashville, TN",Chicago and the Midwest,2020–2022,V7 Neo-traditional and 'new outlaw' country,V,"A1340, A1358",,Nashville songwriter whose bluegrass-picking prairie concept record and Bob Wills-style Western swing collaboration cover the genre's rural-Midwest and dance-hall wings.,
Brent Cobb,"Ellaville, GA",The South,2016–2023,V7 Neo-traditional and 'new outlaw' country,V,"A1369, A1310, A1323",Dave Cobb,"Ellaville, Georgia songwriter, produced by cousin Dave Cobb, whose warm, front-porch country-soul owes more to J.J. Cale's laid-back groove than to hard honky-tonk.",
Bridget St John,"London, England","The UK, Ireland and Canada",1969,V30 British folk rock (selective),V,A2645,Nick Drake; John Martyn,"London singer-songwriter, patronized by John Peel who founded Dandelion Records for her, whose low, unhurried contralto and plainspoken fingerpicked songs avoided orchestral flourish.",
Bright Eyes,"Omaha, NE",Chicago and the Midwest,1998–2007,V4 Roots-inflected 2000s indie,V,"A1675, A1010, A0991, A1023",Emmylou Harris,"Conor Oberst's Omaha project moved from teenage home-taped scrapbooks and quavering confessional lo-fi into fuller, Emmylou Harris-featuring Americana.",
Brown Horse,"Norwich, UK","The UK, Ireland and Canada",2024–2026,C1 Indie twang / yallternative,Core,"A0033, A0023, A0041",,"Norwich, UK band whose stark, road-worn alt-country, recorded live, cites Lucinda Williams, Jason Molina and Silver Jews as touchstones.",Y
Bruce Springsteen,"Asbury Park, NJ",The Northeast,1975–1984,X7 Heartland rock,Context,"A2762, A2767, A2764, A2768",,"Asbury Park bandleader whose widescreen E Street Band arena rock narrowed into a stark, home-recorded, Guthrie-indebted album of murder ballads before returning to stadium scale.",
Buckley Willis,"Austin, TX",Texas and Oklahoma,2020,C6 Cosmic country and the '70s revival,Core,"A2892, A2893",,"Austin bedroom-recording songwriter making warm, unhurried Laurel Canyon-descended cosmic country and psychedelic folk across a home-recorded album and same-year companion EP.",
Buck Meek,"Brooklyn, NY",The Northeast,2018–2026,C3 New alt-country and honky-tonk bands,Core,"A0102, A0090, A0095, A0119",Big Thief; Adrianne Lenker,"Big Thief guitarist whose solo records lean looser and more overtly country, built on plain, warm Telecaster twang and an easygoing drawl.",Y
Buck Owens,"Bakersfield, CA",The West,1961,"V26 Honky-tonk, Bakersfield, and hard country",V,"A2688, A2478",Don Rich,"Bakersfield bandleader whose bright, biting double-Telecaster twang and hard backbeat defined the Bakersfield sound as a rawer alternative to Nashville's countrypolitan records.",
Buck Owens and His Buckaroos,"Bakersfield, CA",The West,1964–1966,"V26 Honky-tonk, Bakersfield, and hard country",V,"A2484, A2486, A2490, A2491",Don Rich; Tom Brumley,"Bakersfield band whose bright, fast, treble-forward twin-guitar sound with pedal steel made Owens a genuine pop chart rival and cemented the commercial Bakersfield sound.",
Buddy Miller,"Nashville, TN",The South,1995–1999,V13 Americana songwriters before the label,V,"A1802, A1812, A1824",Julie Miller; Emmylou Harris,"Nashville session guitarist turned solo artist whose lean, razor-sharp Telecaster honky-tonk records, built around duets with wife Julie Miller, became central to 1990s Americana.",
Buffalo Springfield,Ontario (via California),"The UK, Ireland and Canada",1966–1968,V20 Neil Young and the Crazy Horse universe,V,"A2177, A2178, A2179",Neil Young; Stephen Stills; Richie Furay,"Los Angeles quintet pairing Stills and Furay's ringing Byrds-indebted folk rock with Neil Young's early songwriting, the shared origin point for Young's solo career, CSNY and Poco.",
Buffalo Tom,"Boston, MA",The Northeast,1989–1993,V16 American underground and college rock,V,"A1526, A2003, A2011, A1533",Dinosaur Jr.,"Boston band whose thick, Dinosaur Jr.-indebted guitar tone, produced early on by J Mascis, carried Bill Janovitz's raw, unpolished voice into direct, emotionally open songwriting.",
The Bug Club,"Caldicot, Wales","The UK, Ireland and Canada",2022–2025,"C7 Slacker, jangle, and power-pop revival",Core,"A0601, A0632, A0647, A0615",,"Welsh trio whose scrappy, deadpan-sung garage pop evolved from DIY ramshackle energy into a Sub Pop-signed, Modern Lovers/Nuggets-style sound.",Y
Built to Spill,"Boise, ID",The West,1993–2006,V10 Slacker and '90s indie rock,V,"A1547, A1584, A1606, A1616",,"Doug Martsch's Boise band built layered, unhurried Neil-Young-indebted guitar interplay into extended, Crazy-Horse-scale songs, from scrappy early jams to a foundational Pacific Northwest indie-rock catalog.",Y
Bullseye,"New York, NY",The Northeast,2026,"C7 Slacker, jangle, and power-pop revival",Core,A0667,,"New York quartet's hooky, jangly and twangy power-pop debut, signed to Ever/Never, favors rock and roll swagger over polish.",
Butch Hancock,"Lubbock, TX",Texas and Oklahoma,1978–1980,V24 Texas songwriters and progressive country,V,"A2409, A2417",Joe Ely; Jimmie Dale Gilmore,"Lubbock, Texas songwriter whose stark, self-released acoustic records supplied much of the material Joe Ely and Jimmie Dale Gilmore made famous under their own names.",
Butterglory,"Lawrence, KS",Chicago and the Midwest,1994–1996,V10 Slacker and '90s indie rock,V,"A1548, A1571",,"Lawrence, Kansas band whose cheaply recorded, fuzzed-out guitar pop and dual half-mumbled vocals brought the town's lo-fi scene into the Merge slacker-rock conversation.",
B.W. Stevenson,"Dallas, TX",Texas and Oklahoma,1973,V24 Texas songwriters and progressive country,V,A2394,,"Dallas-based singer from the Austin cosmic-cowboy circle whose big, husky voice pushed progressive country toward pop-crossover hits.",
The Byrds,"Los Angeles, CA",The West,1965–1970,V21 Country rock and Cosmic American Music,V,"A2242, A2246, A2243, A2247",Gram Parsons; The Flying Burrito Brothers; Clarence White,"Los Angeles folk-rock pioneers whose chiming twelve-string harmonies evolved, once Gram Parsons joined, into the country-rock landmark that founded the whole genre.",
Caitlin Cary,"Raleigh, NC",The Carolinas,2002–2003,V6 2000s–2010s alt-country,V,"A1165, A1174",Whiskeytown; Ryan Adams,"Former Whiskeytown fiddler and harmony singer whose solo debut leans into warmer, more melodic alt-country with her fiddle and clear voice up front.",
Caitlin Rose,"Nashville, TN",The South,2008–2022,V6 2000s–2010s alt-country,V,"A1224, A1246, A1210, A1288",,"Nashville-outsider singer whose classic countrypolitan production and wry, contemporary songwriting voice drew comparisons to Loretta Lynn and Skeeter Davis.",
Calexico,"Tucson, AZ",The West,1998–2012,V4 Roots-inflected 2000s indie,V,"A0981, A0997, A1032, A1066",Giant Sand,"Joey Burns and John Convertino's Tucson project fuses mariachi horns, spaghetti-Western twang and desert-noir atmosphere into widescreen instrumental Americana.",
Califone,"Chicago, IL",Chicago and the Midwest,2001–2006,V2 Drag City deadpan school,V,"A0858, A0867, A0875, A0870",Red Red Meat,"Tim Rutili's Chicago project after Red Red Meat builds warped, sample-flecked roots-rock around murmured, deadpan vocals and junk-shop percussion.",
Camper Van Beethoven,"Redlands/San Francisco, CA",The West,1985–1989,V16 American underground and college rock,V,"A1948, A2004, A1960, A1994",,"Redlands/San Francisco band whose gleefully genre-agnostic ska, surf, klezmer-fiddle and punk collage matured into more focused, country- and folk-rock-informed songwriting.",
The Cannanes,"Sydney, Australia",Australia and New Zealand,1987,V18 Flying Nun and Antipodean indie,V,A2102,,"Sydney band whose scrappy, conversational lo-fi indie pop shared Flying Nun's homemade DIY spirit with a drier Australian sense of humor.",
Cantuckee,"Chicago, IL",Chicago and the Midwest,2023,C8 Modern slowcore and hushed twang,Core,A0702,villagerrr,"Mark Scott's side project apart from villagerrr, offering hushed, lo-fi, wandering small-town Americana songs.",
Cap'n Jazz,"Buffalo Grove, IL",Chicago and the Midwest,1995,X6 Emo and Midwest emo,Context,A2755,American Football; Joan of Arc,"Buffalo Grove, Illinois band whose chaotic, yelped, start-stop math-rock riffing invented Midwest emo and scattered members into American Football and Joan of Arc.",
Carissa's Wierd,"Seattle, WA",The West,2001–2002,V12 Slowcore and sadcore,V,"A1750, A1756",Band of Horses; Grand Archives,"Mat Brooke and Jenn Ghetto's Seattle band traded slow, quietly strummed, hushed lo-fi songs that seeded Band of Horses and Grand Archives among its members.",
Carmen Perry,"Philadelphia, PA",Philadelphia,2025,C5 Twangy indie folk,Core,A0277,Remember Sports,"Remember Sports co-frontperson's solo debut moves from that band's power-pop punk into earthy, understated, subtly twangy songs.",
Car Seat Headrest,"Seattle, WA",The Northeast,2015–2025,"C7 Slacker, jangle, and power-pop revival",Core,"A0535, A0559, A0527, A0578",,Will Toledo's project turned prolific Bandcamp bedroom pop into classic-rock-scaled narrative rock before detouring into electronic production and back to guitar-driven concept records.,Y
The Carter Family,"Maces Spring, VA",The South,2013,R1 Roots,V,A2702,Johnny Cash,Foundational recorded country and folk act whose Appalachian hymns and ballads became the bedrock repertoire covered by generations of folk and country artists.,
Case Oats,"Chicago, IL",Chicago and the Midwest,2025,C3 New alt-country and honky-tonk bands,Core,A0111,Spencer Tweedy,"Chicago band led by Casey Gomez Walker, with Spencer Tweedy on drums, delivering assured pedal-steel-and-fiddle character studies from Walker's creative-writing background.",
Cash Langdon,"Birmingham, AL",The South,2025,"C7 Slacker, jangle, and power-pop revival",Core,A0649,,"Birmingham, Alabama songwriter whose loud, hooky rock, cut live in Muscle Shoals with his band Meadow Dust, channels Summerteeth-era Wilco and Ty Segall's frantic energy.",Y
Casper Skulls,"Toronto, Canada","The UK, Ireland and Canada",2016–2025,"C7 Slacker, jangle, and power-pop revival",Core,"A0547, A0587, A0650, A0536",,"Toronto band whose dual-vocal, college-rock-indebted jangle pop, drawing on Pavement and R.E.M., grew from scrappy EP into fuller, more anthemic arrangements.",
Cass McCombs,"Concord, CA",The West,2003–2025,C6 Cosmic country and the '70s revival,Core,"A1039, A0384, A0998, A1024",,"Itinerant songwriter whose spare, wry, deadpan narrative songs moved from indie-folk jangle through hushed pedal-steel breakthrough to breezy, Dead-adjacent cosmic country-rock.",
Casual Technicians,"Reedsport, OR",The West,2026,"C7 Slacker, jangle, and power-pop revival",Core,A0668,,"Oregon home-recording project whose sprawling 24-song grab-bag cycles through folk, slacker jangle, country and doom-metal detours in a GBV-indebted kitchen-sink tradition.",
Cat Power,"New York, NY",The Northeast,1996–1998,V12 Slowcore and sadcore,V,"A1739, A1727",Dirty Three,"Chan Marshall's project set a fragile, wavering voice against slow, spare guitar that never rushed toward resolution, peaking with a hushed sadcore landmark made with Dirty Three.",
Caustic Resin,"Boise, ID",The West,1995,V10 Slacker and '90s indie rock,V,A1561,Built to Spill,"Boise band, closely tied to Built to Spill, whose heavy, fuzzed-out guitar rock and long wah-drenched solos worship Neil Young & Crazy Horse.",
Centro-matic,"Denton, TX",Texas and Oklahoma,1997–2014,V1 Molina and the Magnolia circle,V,"A0786, A0794, A0809, A0770",South San Gabriel; Jason Molina,"Will Johnson's Denton, Texas band ran fast, fuzzed-out, home-recorded guitar rock from scrappy 1990s lo-fi into fuller, more anthemic Crazy-Horse-tilted country rock.",Y
Centro-matic and South San Gabriel,"Denton, TX",Texas and Oklahoma,2008,V1 Molina and the Magnolia circle,V,A0800,Centro-matic,"A double album pairing Will Johnson's loud Centro-matic guitar rock with his quieter South San Gabriel project, showing both halves of his split musical personality.",
Chapterhouse,"Reading, UK","The UK, Ireland and Canada",1991–1993,X9 Classic shoegaze and dream pop,Context,"A2785, A2790",,"Reading, UK band blending shoegaze guitar fog with dance-influenced rhythms and drum machines, a less guitar-orthodox branch of the scene alongside Ride and Slowdive.",
Charles Wesley Godwin,"Morgantown, WV",The South,2019–2023,V7 Neo-traditional and 'new outlaw' country,V,"A1330, A1350, A1370",,"Morgantown, West Virginia songwriter whose full-band, radio-friendly storytelling country is rooted in specific Appalachian coal-country place and family memory.",
Charley Crockett,"San Benito, TX",Texas and Oklahoma,2015–2025,V7 Neo-traditional and 'new outlaw' country,V,"A1341, A1359, A1315, A1324",,"San Benito, Texas songwriter whose busker-rough beginnings refined into a vintage, laconic honky-tonk persona spanning Gulf Coast soul, cinematic countrypolitan and outlaw-revenge concept records.",
Charlie Daniels Band,"Nashville, TN",The South,1974–1976,V28 Southern rock and country soul,V,"A2591, A2601",,"Nashville session player turned bandleader whose Southern rock merges electric slide, banjo and his own fiddle, name-checking the Allmans and Marshall Tucker as genre peers.",
Charlie Hill,"Nashville, TN",The South,2023,C5 Twangy indie folk,Core,A0232,,Nashville songwriter (formerly Chazzy Lake) whose cleaner-toned indie country blends Laurel Canyon songwriting with ample pedal steel.,
Charlie Reed,"Chicago, IL",Chicago and the Midwest,2022,C5 Twangy indie folk,Core,A0212,,"Chicago full band whose delicate, subdued folk-rock swells into strings and pedal steel around themes of love, loss and cyclical anxiety.",
Charlie Rich,"Nashville, TN",The South,1973,"V26 Honky-tonk, Bakersfield, and hard country",V,A2524,,"Nashville pianist whose smoky, soul-and-blues-inflected piano ballads, produced by Billy Sherrill, gave him a late commercial breakthrough after two decades without a defined identity.",
Charlotte Cornfield,Canada,"The UK, Ireland and Canada",2016–2023,C5 Twangy indie folk,Core,"A0233, A0160, A0178, A0196",,"Canadian drummer-turned-singer-songwriter whose plainspoken, groove-aware folk-rock grew steadily more confident into warm, Tom-Petty-esque road songs.",Y
Chavez,"New York, NY",The Northeast,1995–1996,V10 Slacker and '90s indie rock,V,"A1562, A1572",,"New York band pairing Matt Sweeney and Clay Tarver's tightly harmonized twin-guitar riffs with a muscular, classic-rock scale unusual for Matador's roster.",
Cheap Trick,"Rockford, IL",Chicago and the Midwest,1977–1978,"V17 Jangle and power pop, Big Star to GBV",V,"A2034, A2031",,"Rockford, Illinois arena-scale power-pop band whose Beatles-indebted hooks and massed guitars made them one of the genre's biggest commercial successes.",
Chico States,Maine,The Northeast,2025,C1 Indie twang / yallternative,Core,A0034,,"Joseph Barresi's Maine project makes dusky, encyclopedic, self-tagged 'ANTI-AMERICANA' with pedal steel and scrappy harmonies mixing personal minutiae with travel history.",
The Chills,"Dunedin, New Zealand",Australia and New Zealand,1986–1992,V18 Flying Nun and Antipodean indie,V,"A2094, A2114, A2103, A2127",,"Dunedin band led by Martin Phillipps whose ringing, minor-key guitar pop spread the Flying Nun sound abroad before reaching commercial and orchestrated peaks.",
Chook Race,"Melbourne, Australia",Australia and New Zealand,2015–2016,"C7 Slacker, jangle, and power-pop revival",Core,"A0537, A0528",Dick Diver,"Melbourne trio whose tightly-recorded, plainspoken jangling guitar pop sits in the same DIY scene as Dick Diver and the Goon Sax.",
Chris Acker,"New Orleans, LA",The South,2021–2024,C2 Barroom storytellers and deadpan songwriters,Core,"A2894, A2895",Nikolai Shveitser; Growing Boys,"New Orleans songwriter continuing a Prine/Townes-descended plainspoken storytelling tradition, backed by his Growing Boys pedal-steel band across a run of alt-country and country-folk albums.",
Chris Bell,"Memphis, TN",The South,1992,"V17 Jangle and power pop, Big Star to GBV",V,A2071,Big Star,"Big Star co-founder whose vaulted solo sessions, released after his death, pair delicate acoustic jangle with despairing, confessional lyrics, the missing link to power pop's wounded strain.",
Chris Cacavas & Junkyard Love,"Tucson, AZ",The West,1989,V15 Paisley Underground,V,A1918,Green on Red; Steve Wynn,"Green on Red's longtime keyboardist's Steve Wynn-produced solo debut trades that band's desert-noir menace for simpler, plainspoken country-rock.",
Chris Cohen,"Los Angeles, CA",The West,2012–2024,C6 Cosmic country and the '70s revival,Core,"A0335, A0385, A0450, A0355",Deerhoof,"Former Deerhoof and Curtains member whose warped, subdued, Laurel-Canyon-adjacent psychedelic pop stayed hazy and unhurried across a quietly beloved solo catalog.",
Chris Forsyth & the Solar Motel Band,"Philadelphia, PA",Philadelphia,2013–2014,C6 Cosmic country and the '70s revival,Core,"A0339, A0344",,"Philadelphia guitarist's move from solo-guitar American Primitivism into full-band, jam-length instrumental rock tracing the electric guitar from Garcia to Sonic Youth.",
Chris Hillman,"Los Angeles, CA",The West,1976–1977,V21 Country rock and Cosmic American Music,V,"A2291, A2292",the Byrds; Flying Burrito Brothers,"Byrds and Flying Burrito Brothers bassist whose direct, unpretentious solo country rock, played by crack LA session musicians, continued his post-Byrds pedigree.",
Chris Knight,"Slaughters, KY",The South,1998,V13 Americana songwriters before the label,V,A1817,,"Rural Kentucky songwriter whose flat, unsentimental songs about hard rural life, guns and addiction, delivered in a plainspoken drawl, anticipated Drive-By Truckers' storytelling.",
Chris Knox,"Auckland, New Zealand",Australia and New Zealand,1989,V18 Flying Nun and Antipodean indie,V,A2110,,"Auckland songwriter whose cheap four-track, drum-machine home recordings turned confessional, producing one of the Flying Nun catalog's most beloved songs.",
Chris Stamey,"New York, NY",The Northeast,1982,"V17 Jangle and power pop, Big Star to GBV",V,A2045,the dB's,"Former dB's member whose stranger, more experimental solo debut mixed chiming guitar pop with synths and studio effects on his own label.",
Chris Stapleton,"Nashville, TN",The South,2015,"X2 Red Dirt, Texas country, and arena Americana",Context,A2719,,"Nashville songwriter turned solo artist whose enormous, gravel-and-smoke voice over old-school Southern-rock and soul instrumentation reoriented mainstream country toward rootsier production.",
Christmas,"Boston, MA",The Northeast,1986,V16 American underground and college rock,V,A1962,,"Boston band playing jittery, hook-heavy college rock with deadpan, absurdist lyrics riding bright, angular, new-wave-inflected guitars.",
Chuck Johnson,"Oakland, CA",The West,2015,V8 American Primitive and solo guitar,V,A1421,,"Oakland guitarist whose steel-string American Primitive playing pushes toward drone, slide lines bending like raga figures under electronic haze.",
Cian Nugent,"Dublin, Ireland","The UK, Ireland and Canada",2011,V8 American Primitive and solo guitar,V,A1415,Jack Rose; Bert Jansch,"Dublin guitarist whose long, patient solo pieces on the VHF label draw on both the American Takoma tradition and British folk guitarists like Bert Jansch.",
Circle Jerks,"Los Angeles, CA",The West,1980,X14 Punk and hardcore roots,Context,A2847,Black Flag,"Los Angeles hardcore band, formed by an ex-Black Flag singer, whose fourteen-song, fifteen-minute debut of pure speed and sneering humor became an era-defining landmark.",
Circles Around the Sun,"Los Angeles, CA",The West,2020,C6 Cosmic country and the '70s revival,Core,A0397,Beachwood Sparks,"Neal Casal-formed instrumental jam group, soundtracking a Grateful Dead box set before pushing toward groovier cosmic-disco.",
The Clash,"London, UK","The UK, Ireland and Canada",1979,X14 Punk and hardcore roots,Context,A2846,,UK punk band whose genre-sprawling double album fed directly into American cowpunk's own genre-crossing instincts.,
The Clean,"Dunedin, New Zealand",Australia and New Zealand,1981–2009,V18 Flying Nun and Antipodean indie,V,"A2084, A2115, A2134, A2086",The Chills; The Bats; Pavement; Yo La Tengo,"Dunedin band (the Kilgour brothers and Robert Scott) whose cheap, motorik jangle-pop founded the whole Flying Nun sound and directly influenced Pavement and 1990s American lo-fi.",Y
The Clearwater Swimmers,"Queens, NY",The Northeast,2024,C1 Indie twang / yallternative,Core,A0024,,"Maine-born, Queens-based band whose self-titled debut flips between hushed intimacy and full electric-guitar surges in the Neil Young/Jason Molina lineage.",
Clem Snide,"Boston, MA",The Northeast,2000,V4 Roots-inflected 2000s indie,V,A0986,,"Eef Barzelay's Boston band built deadpan, pop-culture-strewn lyrics over spare alt-country arrangements closer in spirit to Silver Jews than to Nashville twang.",
Clifford,"Boston, MA",The Northeast,2025,C8 Modern slowcore and hushed twang,Core,A0719,Horse Jumper of Love,Boston band whose noise-and-jangle swings feature moody slowcore passages with a subtle twang running underneath.,
CMAT,"Dublin, Ireland","The UK, Ireland and Canada",2022–2025,X12 Pop and indie artists' country turns,Context,"A2824, A2826, A2830",,"Dublin pop singer whose sardonic, oversharing country-pop reframes breakup pain and Irish life as broad, funny, hooky, arena-scaled songs.",Y
Cocteau Twins,"Grangemouth, Scotland","The UK, Ireland and Canada",1984–1990,X9 Classic shoegaze and dream pop,Context,"A2780, A2782",,"Grangemouth, Scotland band whose Elizabeth Fraser's wordless, glossolalia-like vocals over Robin Guthrie's chiming, reverb-soaked guitar defined the ethereal 4AD dream-pop sound.",
Codeine,"New York, NY",The Northeast,1991–1994,V12 Slowcore and sadcore,V,"A1702, A1714, A1703",Galaxie 500,"New York band whose flat, weary baritone over guitars tuned down and dragged to a crawl helped found American slowcore as a named genre.",Y
Cody Jinks,"Fort Worth, TX",Texas and Oklahoma,2015–2018,V7 Neo-traditional and 'new outlaw' country,V,"A1311, A1306, A1325",,"Fort Worth outlaw revivalist whose doom-metal-adjacent guitar heaviness and cavernous baritone gave straight outlaw-country songwriting unusual weight, built entirely outside the major-label system.",
Cody Johnson,"Sebastopol, TX",Texas and Oklahoma,2021,"X2 Red Dirt, Texas country, and arena Americana",Context,A2720,,"Sebastopol, Texas dancehall-circuit independent star whose fiddle-and-steel instrumentation stayed intact as his arena-country ambitions scaled up into the Nashville mainstream.",
Colin Miller,"Asheville, NC",The Carolinas,2023–2025,C2 Barroom storytellers and deadpan songwriters,Core,"A0068, A0076",MJ Lenderman; Wednesday,"Asheville engineer behind MJ Lenderman's and Wednesday's records whose own bittersweet, homespun folk-rock draws on shared-memory storytelling from his local scene.",Y
Color Green,"Los Angeles, CA",The West,2024,C6 Cosmic country and the '70s revival,Core,A0451,,"Los Angeles quartet whose loose, live-feeling jams and four trading vocalists work a '60s SoCal folk-rock and Dead/Allmans-descended vocabulary.",
Colter Wall,"Swift Current, Saskatchewan","The UK, Ireland and Canada",2015–2023,V7 Neo-traditional and 'new outlaw' country,V,"A1316, A1326, A1307, A1342",,"Swift Current, Saskatchewan singer whose startlingly deep baritone over spare acoustic and Western-swing arrangements built one of neo-traditional country's strictest classicist personas.",
Commander Cody and His Lost Planet Airmen,"San Francisco, CA",The West,1971,V21 Country rock and Cosmic American Music,V,A2266,,"Ann Arbor band relocated to San Francisco mixing western swing, boogie-woogie piano and hot-rod rockabilly into a rowdier, funnier country-rock than the Byrds/Burritos axis.",
The Connells,"Raleigh, NC",The Carolinas,1987,V16 American underground and college rock,V,A1975,Let's Active; the dB's,"Raleigh band whose ringing, R.E.M.-adjacent jangle extended the same Southern college-rock wave as its North Carolina peers.",
Connie Smith,"Nashville, TN",The South,1965,"V26 Honky-tonk, Bakersfield, and hard country",V,A2487,Dolly Parton,"Nashville singer whose clear, powerful, honky-tonk-phrased voice on a devastating heartbreak ballad became an instant influence on younger singers including Dolly Parton.",
Conor Lynch,"Chicago, IL",Chicago and the Midwest,2024,C5 Twangy indie folk,Core,A2896,,"Chicago singer-songwriter making lo-fi, 'mid-fi' folk-rock with rural, travel-worn imagery over loose, unpolished guitar arrangements.",
The Convenience,"New Orleans, LA",The South,2025,"C7 Slacker, jangle, and power-pop revival",Core,A0651,Lawn,"New Orleans slacker-pop trio delivering loose, deadpan-sung jangling guitar tracks in the same Crescent City DIY scene as a fellow local band.",Y
Convinced Friend,"Providence, RI",The Northeast,2026,C1 Indie twang / yallternative,Core,A0042,,"A.S. Wilson's Providence project fuses serene twang with apocalyptic indie rock, reflecting on his eroding native Houma, Louisiana coastline.",
Conway Twitty,"Nashville, TN",The South,1970,"V26 Honky-tonk, Bakersfield, and hard country",V,A2515,,"Nashville singer whose whispered, intimate-baritone country hits marked his full transition from rockabilly teen idol to mainstream Nashville hitmaker.",
Cooper Kenward,"Los Angeles, CA",The West,2022–2024,C5 Twangy indie folk,Core,"A2897, A2898",,"Los Angeles singer-songwriter working the barroom and bedroom-folk wing of the scene, moving from a DIY self-titled debut to a Soggy Anvil Records release drawing MJ Lenderman-adjacent comparisons.",
Corb Lund,"Taber, Alberta","The UK, Ireland and Canada",2002–2012,V6 2000s–2010s alt-country,V,"A1166, A1186, A1202, A1240",,"Alberta ranch-country songwriter whose wry, detail-heavy songs about cattle, rodeo and small-town prairie life, backed by the Hurtin' Albertans, gave alt-country a distinctly Canadian regional voice.",
Cordelia's Dad,"Northampton, MA",The Northeast,1990,V9 No Depression and insurgent country,V,A1446,,"Northampton, Massachusetts band that turned Anglo-American traditional folk tunes into loud, Dinosaur Jr.-indebted rock, an unheralded forerunner of the No Depression movement.",
Cory Branan,"Nashville, TN",The South,2002–2014,V3 Southern storytelling rock,V,"A0906, A0945, A0957",,"Mississippi-raised, Memphis-adjacent songwriter whose wordy, funny-sad, syllable-packed storytelling ranges across punk-speed rockers, piano ballads and pure country weepers.",
Cory Chisel,"Appleton, WI",Chicago and the Midwest,2009–2012,V6 2000s–2010s alt-country,V,"A1218, A1241",,"Appleton, Wisconsin songwriter whose warm, reverent Americana blends gospel, soul and folk influences carried by his rich, soulful voice.",
Cory Hanson,"Los Angeles, CA",The West,2016–2025,C6 Cosmic country and the '70s revival,Core,"A0410, A0434, A0467, A0356",Wand,"Wand frontman's solo work stripped fuzzed-out psych down to gentle, pedal-steel-laced Laurel Canyon folk-rock before swinging through long guitar-jam epics and orchestral Nashville Sound balladry.",
Cotton Jones,"Cumberland, MD",The Northeast,2009,V4 Roots-inflected 2000s indie,V,A1040,Wooden Wand,"Michael Croll's post-Wooden Wand project makes hazy, softly psychedelic country-folk built around close harmonies with Whitney McGraw.",
Country Gazette,"Los Angeles, CA",The West,1972,V21 Country rock and Cosmic American Music,V,A2274,Flying Burrito Brothers,"Flying Burrito Brothers fiddler Byron Berline's bluegrass band pushed the LA country-rock scene's picking side to its most virtuosic, straight-bluegrass extreme.",
Country Restroom,"Pensacola, FL",The South,2024,C3 New alt-country and honky-tonk bands,Core,A2899,,"Pensacola, Florida singer-songwriter making guitar-and-voice, plainspoken downcast folk and country in the small-scale, self-released new-country lane.",
Courtney Barnett,"Melbourne, Australia",Australia and New Zealand,2013–2021,"C7 Slacker, jangle, and power-pop revival",Core,"A0509, A0529, A0560, A0588",Dick Diver; the Goon Sax,"Melbourne slacker-rock songwriter whose deadpan, run-on lyrics over loose twangy guitars made her a direct heir to Pavement and the Australian jangle scene.",Y
Courtney Marie Andrews,"Phoenix, AZ",The West,2020–2026,C6 Cosmic country and the '70s revival,Core,"A0191, A0423, A0481",,"Phoenix songwriter whose ornate, Laurel Canyon-styled folk and Ronstadt-range voice bridge 1970s Cosmic American Music into the modern twangy-folk revival.",
Cowboy,"Macon, GA",The South,1970,V28 Southern rock and country soul,V,A2578,Allman Brothers Band; Gregg Allman,"Macon country-folk duo whose gentle harmonies made them the softer, Duane Allman-endorsed corner of the Capricorn roster, later backing the Allman Brothers themselves.",
Cowboy Junkies,"Toronto, Ontario","The UK, Ireland and Canada",1988–1990,V12 Slowcore and sadcore,V,"A1694, A1698",,"Toronto band whose hushed, single-microphone recordings and glacial pacing anticipated American slowcore from within a country-folk tradition.",
Crazy Horse,Ontario (via California),"The UK, Ireland and Canada",1971–1989,V20 Neil Young and the Crazy Horse universe,V,"A2184, A2186, A2187, A2195",Neil Young,"Ontario-rooted backing band whose own standalone albums, anchored by Talbot and Molina, persisted independently through decades of work as Neil Young's louder alter ego.",Y
Credit Electric,"Los Angeles, CA",The West,2025,C6 Cosmic country and the '70s revival,Core,A0468,Garcia Peoples; Cass McCombs,"Self-released Los Angeles guitar band playing warm, breezy Grateful Dead-revival tunes with understated, feel-over-flash songwriting.",Y
"Crosby, Stills & Nash","Laurel Canyon, Los Angeles, CA",The West,1969,X13 Laurel Canyon and '70s soft rock,Context,A2831,"Crosby, Stills, Nash & Young; Buffalo Springfield; the Byrds","Laurel Canyon founding trio whose acoustic three-part harmonies defined 1960s soft-rock singing, splitting off from folk-rock before Neil Young's electrified addition.",
"Crosby, Stills, Nash & Young",Ontario (via California),"The UK, Ireland and Canada",1970–1999,V20 Neil Young and the Crazy Horse universe,V,"A2182, A2185, A2206, A2219","Crosby, Stills & Nash; Buffalo Springfield; the Byrds; Neil Young","Los Angeles folk-rock supergroup pairing close vocal harmonies with Neil Young's harder electric guitar across a fractious, decades-spanning on-and-off partnership.",
Cross Canadian Ragweed,"Yukon, OK",Texas and Oklahoma,2002,"X2 Red Dirt, Texas country, and arena Americana",Context,A2716,Turnpike Troubadours,"Oklahoma band whose loud, guitar-forward Red Dirt rock and road-tested bar chemistry made them the flagship act of the Texas/Oklahoma Red Dirt scene's crossover.",
Cusp,"Chicago, IL (via Rochester, NY)",Chicago and the Midwest,2023–2025,C9 Emo-twang crossovers,Core,"A0765, A0758",Friko,"Chicago-via-Rochester band fusing twinkling, twangy indie-rock guitar with grungy alt-gaze fuzz and anxious, emo-tinged lyrics.",Y
Cut Worms,"Brooklyn, NY",The Northeast,2018–2023,C6 Cosmic country and the '70s revival,Core,"A0375, A0398, A0435",,"Brooklyn-then-LA songwriter Max Clarke's project built on ringing Everly Brothers-style harmonies and unhurried, Gram Parsons-indebted country-pop.",Y
Dagmar Zuniga,"Mexico City, Mexico",Elsewhere,2026,C5 Twangy indie folk,Core,A0307,Phil Elverum,"Mexico City home-recording artist whose ghostly, spectral debut moved from obscure Bandcamp upload to reissue in the mold of Phil Elverum's lo-fi folk network.",
Damien Jurado,"Seattle, WA",The West,1999–2010,V5 Rootsy indie folk,V,"A1118, A1090, A1108",Iron & Wine; Richard Swift,"Seattle songwriter whose hushed, plainspoken, character-driven songs anchored Sub Pop's quieter folk side before a long production partnership pushed him toward psychedelia.",
Damon & Naomi,"Cambridge, MA",The Northeast,1992,V12 Slowcore and sadcore,V,A1704,Galaxie 500,"Cambridge duo of Galaxie 500's rhythm section, trading that band's reverbed drift for hushed, chamber-folk arrangements built on grief and quiet.",
Daniel Bachman,"Fredericksburg, VA",The South,2012–2018,V8 American Primitive and solo guitar,V,"A1418, A1426",Jack Rose; Black Twig Pickers; John Fahey,"Virginia fingerstyle guitarist who moved from fluent American Primitive picking into thick drones and noise, radicalizing the Fahey lineage.",
Daniel Johnston,"Austin, TX",Texas and Oklahoma,1983–2001,V11 Lo-fi and home taping,V,"A1625, A1626, A1630, A1643",,"Austin outsider artist whose raw, untrained-voice home cassettes became foundational documents of American lo-fi and four-track home-taping culture.",
Daniel Romano,"Welland, ON","The UK, Ireland and Canada",2013–2017,V6 2000s–2010s alt-country,V,"A1247, A1260, A1265, A1272",Attack in Black,"Canadian songwriter who moved from punk into meticulous, archival honky-tonk revivalism before pushing his own sound toward psychedelic Cosmic American Music.",
Danny & Dusty,"Los Angeles, CA",The West,1985,V15 Paisley Underground,V,A1901,Dream Syndicate; Green on Red; Long Ryders,One-off Los Angeles supergroup pairing Dream Syndicate's and Green on Red's frontmen for a boozy country-rock jam documenting the real Paisley Underground scene.,
Dan Penn,"Muscle Shoals, AL",The South,1973,V28 Southern rock and country soul,V,A2585,,"Muscle Shoals songwriter-producer whose rare turn as a singer applied his own deep-soul, Dan Penn-and-Chips Moman songwriting style to a plainspoken solo record.",
Dan Wriggins,"Philadelphia, PA",Philadelphia,2021,C2 Barroom storytellers and deadpan songwriters,Core,A0062,Friendship; Silver Jews; Smog,"Friendship frontman whose solo debut strips prose-poem lyrics to quiet drums and organ, extending Philadelphia's Drag City-indebted deadpan songwriting tradition.",
Dari Bay,"Burlington, VT","Burlington, Vermont",2023,C1 Indie twang / yallternative,Core,A0017,Greg Freeman; Florry,"Burlington home-recording project whose hooky, jangly songs fold 90s alt-rock and Pavement/Big Star influence into deceptively simple twang.",
Daughn Gibson,"Carlisle, PA",The Northeast,2015–2026,C2 Barroom storytellers and deadpan songwriters,Core,"A0052, A0086",,"Carlisle songwriter whose cavernous deadpan baritone narrates dark, small-town character studies over sampled loops and drum machines.",Y
Daughter of Swords,"Durham, NC",The Carolinas,2025,C5 Twangy indie folk,Core,A0278,Mountain Man,"Durham solo artist from Mountain Man whose playful, kinetic pop songs push folk-rooted songwriting toward twangy indie pop.",
Dave Alvin,"Los Angeles, CA",The West,1987–2000,V13 Americana songwriters before the label,V,"A1769, A1795, A1818, A1779",the Blasters; X,"Los Angeles songwriter who left the Blasters for story-driven, plainspoken roots rock that matured into some of 1990s West Coast Americana's defining folk narratives.",
Dave Rawlings Machine,"Nashville, TN",The South,2009–2015,V5 Rootsy indie folk,V,"A1115, A1136",Gillian Welch; Old Crow Medicine Show; Bright Eyes,"David Rawlings' bandleader vehicle, built from his decade as Gillian Welch's guitarist, carrying their old-time, Stanley Brothers-and-Dylan sound under his own name.",
David Allan Coe,"Nashville, TN",The South,1970–1977,V23 Outlaw country,V,"A2347, A2360, A2354, A2369",Guy Clark; Steve Goodman; John Prine,"Nashville ex-convict songwriter whose blues-rooted grit and theatrical rhinestone persona made him one of outlaw country's most confrontational, self-mythologizing figures.",
David Kilgour,"Dunedin, New Zealand",Australia and New Zealand,1991–1994,V18 Flying Nun and Antipodean indie,V,"A2122, A2131",the Clean,"The Clean's guitarist whose solo records extended that band's Dunedin jangle into looser, warmer, more meditative homemade pop.",
David Nance & Mowed Sound,"Omaha, NE",Chicago and the Midwest,2024,C1 Indie twang / yallternative,Core,A0025,Wednesday; MJ Lenderman,"Omaha band whose interlocking, jammed-out guitar rock continues the Crazy Horse lineage alongside Midwest peers.",
David Rawlings,"Nashville, TN",The South,2017,V5 Rootsy indie folk,V,A1140,Gillian Welch; Old Crow Medicine Show; Dawes,"Nashville guitarist stepping fully into his own name from the Dave Rawlings Machine banner, still built on Gillian Welch's old-time musical circle.",
Dazy,"Richmond, VA",The South,2022,"C7 Slacker, jangle, and power-pop revival",Core,A0602,,"Richmond power-pop project cramming huge hooks into fast, no-second-wasted songs blown out with fuzz-pedal DIY energy.",
The dB's,"New York, NY",The Northeast,1981–1987,"V17 Jangle and power pop, Big Star to GBV",V,"A2041, A2042, A2049, A2059",,"Chris Stamey and Peter Holsapple's New York band mixed chiming jangle with quirky new-wave touches, a foundational text for American power pop.",
The Dead C,"Dunedin, New Zealand",Australia and New Zealand,1989,V18 Flying Nun and Antipodean indie,V,A2111,,"Dunedin band that pushed the scene's four-track amateurism to noise extremes, becoming a reference point for the American noise-rock underground.",
Dead Gowns,"Portland, Maine",The Northeast,2025,C5 Twangy indie folk,Core,A0279,Lily Seabird,"Portland, Maine songwriter Genevieve Beaudoin's dark, disorienting folk project swinging between warble, coo and scream across a breakup record.",Y
Dead Kennedys,"San Francisco, CA",The West,1980,X14 Punk and hardcore roots,Context,A2848,Black Flag,"San Francisco hardcore band whose surf-inflected, politically satirical debut helped found West Coast punk's DIY, self-released model.",
Deadstring Brothers,"Detroit, MI",Chicago and the Midwest,2005–2007,V6 2000s–2010s alt-country,V,"A1187, A1203",,"Detroit band leaning hard into Rolling Stones and Faces-style slide-guitar country-rock, a British-rock-indebted counterpart on the Bloodshot roster.",
Dead Sullivan,Texas,Texas and Oklahoma,2017,C8 Modern slowcore and hushed twang,Core,A0683,Teethe,"Texas songwriter Boone Patrello's early, self-recorded slowcore project made before he co-founded the band Teethe.",
The Dead Tongues,"Asheville, NC",The Carolinas,2018–2020,C6 Cosmic country and the '70s revival,Core,"A0399, A0376",Hiss Golden Messenger; Skyway Man; Mountain Man,"Ryan Gustafson's Asheville project mixing fingerpicked guitar and banjo with warm full-band arrangements, tied closely to the region's cosmic-country web.",
Dean Johnson,"Seattle, WA",The West,2023,C5 Twangy indie folk,Core,A0234,,"Seattle singer of timeless, uncluttered cowboy waltzes whose soulful tenor recalls classic countrypolitan balladeers.",
Death Cab for Cutie,"Bellingham, WA",The West,1998–2000,V10 Slacker and '90s indie rock,V,"A1596, A1611",Built to Spill; Modest Mouse,"Bellingham band whose unhurried, home-recorded-sounding indie rock and diaristic songwriting emerged from the same Pacific Northwest underground as Built to Spill and Modest Mouse.",
The Decemberists,"Portland, OR",The West,2005–2006,"X5 Chamber, baroque, and freak folk",Context,"A2744, A2748",,"Colin Meloy's Portland band whose orchestrated, literary chamber-folk theater built toward full prog-folk suites.",
Deer Tick,"Providence, RI",The Northeast,2007–2023,V4 Roots-inflected 2000s indie,V,"A1041, A1052, A1059, A1068",,"Providence band moving from ragged one-man country-punk into a full lineup's whiskey-cracked, genre-hopping mix of folk and barroom rock.",
Delaney & Bonnie,"Los Angeles, CA",The South,1969,V28 Southern rock and country soul,V,"A2573, A2574",Eric Clapton; George Harrison; Duane Allman; Dan Penn,"Los Angeles duo whose horn-driven blend of gospel, soul and country drew Eric Clapton, George Harrison and Duane Allman into their orbit as a British-rock/Southern-soul connective node.",
The Delines,"Portland, OR",The West,2014–2025,V6 2000s–2010s alt-country,V,"A1251, A1280, A1289, A1298",Richmond Fontaine,Willy Vlautin's post-Richmond Fontaine project centering singer Amy Boone's smoky voice on soul-tinged country storytelling about working-class characters.,
The Del-Lords,"New York, NY",The Northeast,1984–1986,V14 Cowpunk and LA roots punk,V,"A1855, A1873",The Dictators,"New York band led by Dictators guitarist Scott Kempner, blending garage-rock crunch with country songwriting parallel to the LA cowpunk scene.",
The Desert Rose Band,"Los Angeles, CA",The West,1987,V19 1980s country rebels,V,A2153,The Byrds; The Flying Burrito Brothers,"Chris Hillman's (Byrds, Flying Burrito Brothers) band with Herb Pedersen and John Jorgenson, turning '60s country-rock harmony into radio-ready neotraditional honky-tonk.",
The Deslondes,"New Orleans, LA",The South,2015–2024,V6 2000s–2010s alt-country,V,"A1261, A2868, A1273, A1290",Hurray for the Riff Raff; Esther Rose,"New Orleans band mixing classic honky-tonk and 1950s rock and roll with a loose, communal multi-songwriter approach shared among several members.",
Devendra Banhart,"Los Angeles, CA",The West,2004–2005,"X5 Chamber, baroque, and freak folk",Context,"A2742, A2745",Vetiver; Vashti Bunyan,"Los Angeles songwriter whose hand-recorded, Vashti Bunyan-indebted acoustic songs made him the central figure of the 2000s freak-folk scene.",
The Dexateens,"Tuscaloosa, AL",The South,2006–2009,V3 Southern storytelling rock,V,"A0919, A0931",Drive-By Truckers; Lee Bains III & the Glory Fires,"Tuscaloosa, Alabama band's garage-rock-scaled take on Southern storytelling rock, grungier than the more polished Muscle Shoals wing of the scene.",
DeYarmond Edison,"Eau Claire, WI",Chicago and the Midwest,2004,V5 Rootsy indie folk,V,A1096,,"Justin Vernon's pre-Bon Iver Eau Claire band, a plainspoken full-band roots-folk outfit that is the documented root of his later hushed solo songwriting.",
Dialup Ghost,"Nashville, TN",The South,2024,C1 Indie twang / yallternative,Core,A0026,Silver Jews,"Nashville band playing ramshackle, woozy-twang songs with fiddle and Elephant 6-style energy, explicitly naming Neil Young and Silver Jews as touchstones.",
Dick Diver,"Melbourne, Australia",Australia and New Zealand,2011–2013,"C7 Slacker, jangle, and power-pop revival",Core,"A0498, A0510",Twerps; the Goon Sax; Boomgates; Chook Race,"Melbourne band whose loose, plainspoken jangle-pop helped define the 2010s Australian slacker scene and directly influenced later countrygaze revivalists.",
Dickey Betts & Great Southern,"Macon, GA",The South,1977,V28 Southern rock and country soul,V,A2604,Allman Brothers Band,Macon band formed by the Allman Brothers' guitarist during their hiatus to keep twin-guitar Southern rock alive under his own name.,
Died Pretty,"Sydney, Australia",Australia and New Zealand,1986,V18 Flying Nun and Antipodean indie,V,A2095,the Triffids; the Church,Sydney band whose theatrical vocals and swirling organ-heavy guitar made them central to the mid-1980s Sydney psychedelic guitar-rock scene.,
Dillard & Clark,"Los Angeles, CA",The West,1968–1969,V21 Country rock and Cosmic American Music,V,"A2248, A2255",Bernie Leadon; Flying Burrito Brothers; Eagles,"Los Angeles duo pairing ex-Byrd Gene Clark with bluegrass banjoist Doug Dillard for rustic, old-time-leaning country rock that fed directly into the Eagles' lineage.",
The Dillards,"Los Angeles, CA",The West,1968,V21 Country rock and Cosmic American Music,V,A2249,The Byrds,"Ozarks bluegrass band, famous as the Byrds' backers, that plugged in and added strings and drums, arriving at country rock from the bluegrass side.",
Diners,"Los Angeles, CA",The West,2023,"C7 Slacker, jangle, and power-pop revival",Core,A0616,,"Los Angeles project of Blue Broderick playing impeccably written, breezy power-pop with clear Tom Petty and Big Star DNA.",
Dinosaur Jr.,"Amherst, MA",The Northeast,1985–2007,V16 American underground and college rock,V,"A1976, A1995, A1949, A2016",Sebadoh,"Amherst trio who fused Neil Young/Crazy Horse guitar heroics with hardcore-scale volume, shaping shoegaze, Nirvana-era alt-rock and 1990s guitar music broadly.",Y
Diva Sweetly,"Asheville, NC",The Carolinas,2019,C2 Barroom storytellers and deadpan songwriters,Core,A0057,Wednesday,"Karly Hartzman's pop-punk/emo-pop project made before Wednesday, showing her songwriting roots in scrappier punk before her later storytelling style.",Y
Divine Horsemen,"Los Angeles, CA",The West,1984–1987,V14 Cowpunk and LA roots punk,V,"A1856, A1878",Flesh Eaters; Gun Club; X,"Los Angeles duo built around male-female country duet singing over punk-sharpened guitars, an early, deliberate cowpunk act from the Flesh Eaters/Gun Club scene.",
Doc Watson,"Deep Gap, NC",The South,1964,R1 Roots,V,A2693,,"Deep Gap, NC flatpicking guitarist whose dazzling technique on old Appalachian ballads and blues became foundational to acoustic folk and bluegrass playing.",
Dogwood Tales,"Harrisonburg, VA",The South,2023–2026,C1 Indie twang / yallternative,Core,"A2903, A2901, A2902, A2900",Danny Gibney; Stephen Kuester; Erik Romero,"Harrisonburg, Virginia band led by Kyle Grim and Ben Ryan, moving from small-town EPs into a pedal-steel-laced full-length continuing the Townes Van Zandt-descended lo-fi country tradition.",
Dolly Parton,"Nashville, TN",The South,1967–1975,"V26 Honky-tonk, Bakersfield, and hard country",V,"A2519, A2528, A2496, A2525",Porter Wagoner,"Nashville songwriter who moved from label-shaped pop-country toward deeply personal, self-written songs about her Tennessee mountain upbringing.",
"Dolly Parton, Linda Ronstadt and Emmylou Harris","Nashville, TN",The South,1987,V19 1980s country rebels,V,A2154,Dolly Parton; Linda Ronstadt; Emmylou Harris,"A rare crossing of three country giants' distinct voices on an acoustic, harmony-first record that rebuked contemporary Nashville production.",
Dolly Varden,"Chicago, IL",Chicago and the Midwest,1995,V9 No Depression and insurgent country,V,A1467,Waco Brothers; Freakwater,"Chicago husband-and-wife duo blending rock, country and pop into a gentler, more melodic cousin to the city's punkier insurgent-country scene.",
Dougie Poole,"Brooklyn, NY",The Northeast,2017–2023,C2 Barroom storytellers and deadpan songwriters,Core,"A0069, A0058, A0055",Silver Jews,Brooklyn songwriter whose deadpan baritone and drum-machine-plus-pedal-steel sound updates Haggard/Nelson/Kristofferson storytelling for millennial malaise.,Y
Doug Sahm,"San Antonio, TX",Texas and Oklahoma,1973,V24 Texas songwriters and progressive country,V,"A2395, A2396",Bob Dylan,"San Antonio bandleader who treated honky-tonk, Western swing, conjunto and Texas soul as one continuous sound, bridging Austin and San Antonio's roots scenes.",
The Downstreamers,"Nashville, TN",The South,2019–2021,C3 New alt-country and honky-tonk bands,Core,"A2934, A2933",,Nashville alt-country quintet that grew from a stripped-down acoustic EP into a full-band debut LP of recognizable country-structured songs.,
The Drams,"Denton, TX",Texas and Oklahoma,2006,V3 Southern storytelling rock,V,A0920,Slobberbone; Budapest One; Centro-matic,Band formed by Slobberbone frontman Brent Best and drummer Tony Harper with two members of a fellow Denton band after Slobberbone's initial breakup.,
Dr. Dog,"West Grove, PA",Philadelphia,2007–2010,V4 Roots-inflected 2000s indie,V,"A1026, A1053",,"Philadelphia band layering warped, four-track harmonies and Beatles-and-Band-indebted songwriting into scrappy, hooky power-pop.",
The Dream Syndicate,"Los Angeles, CA",The West,1982–1988,V15 Paisley Underground,V,"A1888, A1896, A1908, A1916",Green on Red; The Long Ryders; Rain Parade,Steve Wynn's LA band whose Velvet Underground/Neil Young-indebted feedback jams became the sound most identified with the Paisley Underground.,
Drive-By Truckers,"Athens, GA",The South,1998–2022,V3 Southern storytelling rock,V,"A0903, A0910, A0914, A0964",Jason Isbell; Wednesday; Lucero; American Aquarium,"Athens, GA band whose novelistic, three-guitar Southern storytelling built from cowpunk roots into the reference point for modern Southern-rock songwriting.",Y
Ducks Ltd.,"Toronto, Canada","The UK, Ireland and Canada",2021–2024,"C7 Slacker, jangle, and power-pop revival",Core,"A0633, A0589",,"Toronto duo whose chiming, drum-machine-assisted guitar interplay updates Sarah Records-style jangle-pop with anxious modern lyrics.",
Dumptruck,"Boston, MA",The Northeast,1987,V16 American underground and college rock,V,A1977,,"Boston band whose warmer, country-tinged jangle stood apart from the noisier Homestead label bands sharing its 1980s college-rock scene.",
Duster,"San Jose, CA",The West,1998–2019,V12 Slowcore and sadcore,V,"A1740, A1744, A0688",,"San Jose trio whose murky four-track slowcore, fusing Low and Codeine with Bay Area lo-fi haze, became a foundational cult influence on the 2010s slowcore revival.",Y
Dutch Interior,"Los Angeles, CA",The West,2021–2025,C4 Countrygaze and loud twang,Core,"A0142, A0137, A0130",Wednesday,"Los Angeles band trading Crazy Horse fuzz for a scuzzy, tape-hissed, slack countrified drawl they call 'Freak Americana.'",Y
Dwight Twilley Band,"Tulsa, OK",Texas and Oklahoma,1976,"V17 Jangle and power pop, Big Star to GBV",V,A2029,,Tulsa duo whose Sun Records-style rockabilly and Beatlesque harmony helped originate the power-pop label itself.,
Dwight Yoakam,"Los Angeles, CA",The West,1986–1993,V19 1980s country rebels,V,"A2147, A2163, A2155, A2171",Buck Owens; Pete Anderson,Los Angeles-based honky-tonk singer whose Pete Anderson-produced records revived Buck Owens' Bakersfield sound through LA's cowpunk club circuit into mainstream country success.,
Eagles,"Los Angeles, CA",The West,1972–1976,X13 Laurel Canyon and '70s soft rock,Context,"A2838, A2834",Flying Burrito Brothers; Poco,"Los Angeles country-rock band who scaled the Cosmic American Music sound into tight, radio-ready pop before drifting fully into arena rock.",
Early Day Miners,"Bloomington, IN",Chicago and the Midwest,2000–2002,V12 Slowcore and sadcore,V,"A1745, A1757",,"Bloomington, Indiana band whose slow, pedal-steel-laced instrumental passages bridged Midwestern slowcore and the later countrygaze fusion.",
East River Pipe,"Weehawken, NJ",The Northeast,1994–1996,V11 Lo-fi and home taping,V,"A1644, A1658",,"Fred Cornog's solo project, recorded alone in a New Jersey apartment on cheap synths and drum machines, built from small, melancholy character studies.",
Echolalia,"Nashville, TN",The South,2025,C6 Cosmic country and the '70s revival,Core,A0469,Shrunken Elvis; Rich Ruth,Nashville collective of instrumentalists blending Radiohead-style atmospherics with Nilsson-esque psychedelic pop and woozy Americana textures.,Y
Eddie Hinton,"Muscle Shoals, AL",The South,1978,V28 Southern rock and country soul,V,A2608,,"Muscle Shoals session guitarist whose belated solo debut let his raw, cracked white-soul voice front deep-soul material after years backing other stars.",
Edith Frost,"Chicago, IL",Chicago and the Midwest,1997–1998,V2 Drag City deadpan school,V,"A0841, A0845",Jim O'Rourke; David Grubbs; Smog; Royal Trux,"Chicago Drag City songwriter whose hushed, plainspoken alto and stripped-down country-folk rounded out the label's deadpan roster with a female voice.",
Ed Kuepper,"Sydney, Australia",Australia and New Zealand,1985,V18 Flying Nun and Antipodean indie,V,A2092,the Saints,"The Saints' founding guitarist whose spare, choppy-rhythm solo records quietly influenced Australia's later independent guitar-rock underground.",
Eilen Jewell,"Boise, ID",The West,2006–2011,V6 2000s–2010s alt-country,V,"A1231, A1204, A1197",,"Boise songwriter whose spare, twangy blend of old country, blues and rockabilly noir carries a cool, understated vocal delivery.",
Elf Power,"Athens, GA",The South,1995–1999,V11 Lo-fi and home taping,V,"A1652, A1678",Neutral Milk Hotel; Olivia Tremor Control,"Athens, GA band whose home-recorded psychedelic folk, tape hiss and fuzzed guitar made them a founding act of the Elephant 6 collective.",
Eli Winter,"Chicago, IL",Chicago and the Midwest,2022–2025,V8 American Primitive and solo guitar,V,"A1434, A1437",Ryley Walker; Jack Rose; Six Organs of Admittance,"Chicago guitarist extending raga-and-drone American Primitive guitar into collaborative, jazz-inflected instrumental composition.",
Elizabeth Cook,"Nashville, TN",The South,2007–2020,V6 2000s–2010s alt-country,V,"A1205, A1225, A1266, A1284",Justin Townes Earle; Caitlin Rose,"Nashville-outsider country singer whose old-school Grand Ole Opry vocal chops carry unusually frank, sometimes rock-inflected songwriting.",
Elizabeth Cotten,"Chapel Hill, NC",The South,1958,R1 Roots,V,A2678,John Fahey; Jack Rose,Self-taught left-handed guitarist whose distinctive upside-down fingerpicking style became foundational to American Primitive and folk fingerstyle guitar.,
Eliza Niemi,"Toronto, ON","The UK, Ireland and Canada",2025,C2 Barroom storytellers and deadpan songwriters,Core,A0077,,"Toronto cellist-songwriter whose wry, meticulously detailed chamber-pop pairs lush arrangements with DIY-punk detours and joke-then-gut-punch lyrics.",
Ellie O'Neill,"Meath, Ireland","The UK, Ireland and Canada",2026,C5 Twangy indie folk,Core,A0308,,"Meath, Ireland songwriter whose calm, alto-led debut sets minimalist arrangements against biblical imagery drawn from British and Irish folk-rock tradition.",
Elliott Smith,"Portland, OR",The West,1994–1995,V11 Lo-fi and home taping,V,"A1645, A1653",Heatmiser,"Portland songwriter whose whispery, four-track home recordings of confessional, unresolved songs defined a hushed style apart from his louder band Heatmiser.",
The Embarrassment,"Wichita, KS",Chicago and the Midwest,1983,V16 American underground and college rock,V,A1932,,"Wichita, Kansas band whose angular, new-wave-inflected guitar pop and deadpan small-town lyrics gave them an outsider, formative influence on later Midwest underground scenes.",
Emily Hines,"Austin, TX",Texas and Oklahoma,2025,C5 Twangy indie folk,Core,A0280,Hataałii,"Austin songwriter whose sparse, economical folk-rock debut favors small emotional details over ornamentation.",
Emily Nenni,"Nashville, TN",The South,2022–2026,V7 Neo-traditional and 'new outlaw' country,V,"A1360, A1379, A0120",,"Nashville honky-tonk singer whose bright, road-tested Telecaster twang has widened into Memphis and Muscle Shoals soul influences.",
Emmylou Harris,"Los Angeles, CA",The West,1975–2000,V21 Country rock and Cosmic American Music,V,"A2288, A2289, A2293, A1803",Gram Parsons; Dolly Parton; Linda Ronstadt,"Nashville singer who carried Gram Parsons' Cosmic American Music into a solo career, later reinventing herself through Daniel Lanois's atmospheric production and Americana songwriting.",
Eric Andersen,"New York, NY",The Northeast,1972,V25 Country-folk storytellers,V,A2454,,"New York songwriter who moved from topical Greenwich Village folk toward plainer, more personal, string-inflected folk-rock storytelling.",
Eric's Trip,"Moncton, New Brunswick, Canada","The UK, Ireland and Canada",1993–1994,V10 Slacker and '90s indie rock,V,"A1535, A1549",Sebadoh; Guided by Voices,"Moncton, New Brunswick band whose thick, home four-track distortion and intimate dual vocals connected Canadian DIY culture to the American lo-fi underground as Sub Pop's first Canadian signing.",
Erin Durant,"New Orleans, LA",The South,2019–2025,C5 Twangy indie folk,Core,"A0179, A0281",,"New Orleans songwriter whose jazzy, warm-toned folk mixes loose acoustic guitar and piano with unhurried, Randy Newman-indebted melodic turns.",
Erin Rae,"Nashville, TN",The South,2015–2022,C5 Twangy indie folk,Core,"A0170, A0424, A0153",,"Nashville songwriter whose warm, gospel-tinged country-folk examines faith, sexuality and family with searching gentleness.",
Ernest Tubb,"San Antonio, TX",Texas and Oklahoma,1959–1963,R1 Roots,V,"A2684, A2481",,San Antonio honky-tonk pioneer whose talk-singing baritone and electric-guitar-led band founded the genre and shaped generations of hard country that followed.,
Esther Rose,"New Orleans, LA",The South,2019–2025,V6 2000s–2010s alt-country,V,"A1281, A1287, A1294, A1299",,"New Orleans songwriter whose spare, old-time and Cajun-adjacent country carries plainspoken, often devastating breakup songwriting.",
The Everly Brothers,"Nashville, TN",The South,1958–1968,R1 Roots,V,"A2679, A2685, A2250",The Byrds; Gram Parsons; Emmylou Harris,Don and Phil Everly's brother-harmony duo whose old-ballad and country-rock records became a direct bridge to the Byrds and to Gram Parsons and Emmylou Harris's vocal blend.,
Ever More Nest,"New Orleans, LA",The South,2018,V6 2000s–2010s alt-country,V,A2881,Hurray for the Riff Raff; The Deslondes,New Orleans songwriter Kelcy Mae Wilburn's alt-country project pairing a weathered alto with pedal steel on a debut about place and rootedness.,
Fairport Convention,"London, England","The UK, Ireland and Canada",1968–1970,V30 British folk rock (selective),V,"A2644, A2646, A2647, A2651",Pentangle; Bert Jansch; Fotheringay,"London band that, led by Sandy Denny and Richard Thompson, invented British electric folk-rock by setting traditional ballads to full-band arrangements.",
Farmer Dave Scher,"Ventura, CA",The West,2009,C6 Cosmic country and the '70s revival,Core,A0327,Beachwood Sparks; Jonathan Wilson,"Beachwood Sparks and Jonathan Wilson multi-instrumentalist whose solo debut is loose, sun-baked, pedal-steel-heavy Laurel Canyon-revival country-psych.",
Faron Young,"Nashville, TN",The South,1961,"V26 Honky-tonk, Bakersfield, and hard country",V,A2479,Willie Nelson,Nashville honky-tonk hitmaker whose conversational baritone and Willie Nelson-written hit made his record a baseline for early-1960s mainstream hard country.,
"Fat, Evil Children","Los Angeles, CA",The West,2024–2025,C5 Twangy indie folk,Core,"A2904, A2905",,"Los Angeles band making plainspoken, mid-tempo Americana and indie folk across two EPs, the second adding an emo edge despite the band's punk-sounding name.",
Fazed on a Pony,"Auckland, New Zealand",Australia and New Zealand,2022–2026,C9 Emo-twang crossovers,Core,"A2906, A2907",,"Auckland, New Zealand project of Peter McCall moving from Pavement-esque indie rock into pedal-steel-and-synth alt-country explicitly compared to MJ Lenderman, David Berman and Sparklehorse.",
The Feelies,"Haledon, NJ",The Northeast,1980–1991,V16 American underground and college rock,V,"A1922, A1963, A1996, A2017",R.E.M.; Yo La Tengo,"Haledon, New Jersey band whose nervy, interlocking-guitar debut (and a warmer, Peter Buck-produced follow-up) became a foundational influence on R.E.M. and jangle-pop.",
The Felice Brothers,"Catskill, NY",The Northeast,2007–2011,V4 Roots-inflected 2000s indie,V,"A1027, A1033, A1042, A1060",The Band; Conor Oberst,"Catskills band whose ramshackle, front-porch fiddle-and-accordion Americana made them heirs to The Band's rustic, communal storytelling.",
Feller,"New York, NY",The Northeast,2026,"C7 Slacker, jangle, and power-pop revival",Core,A0669,,"New York trio whose hook-forward, dynamic indie rock swings from falsetto verses to explosive choruses within a lean, teeth-baring power-pop frame.",
Field Medic,"Los Angeles, CA (via San Francisco)",The West,2022–2025,C5 Twangy indie folk,Core,"A0213, A0235, A0282",,"Kevin Patrick Sullivan's project moving from four-track bedroom folk into fuller, then electronic, confessional diary-like songwriting.",
Fine,Unknown,Elsewhere,2024,C8 Modern slowcore and hushed twang,Core,A0711,,"Debut act pairing rootsy, bluegrass-tinged minimalist songwriting with a Hope Sandoval-style hush in the current slowcore-meets-bluegrass wave.",
Finnish Postcard,"New York, NY",The Northeast,2025,C8 Modern slowcore and hushed twang,Core,A0720,,"New York debut act whose dynamic songs swing between homespun quiet and raging catharsis, filtering Elliott Smith and Pinback through unpolished harmonies.",
fIREHOSE,"San Pedro, CA",The West,1986–1989,V16 American underground and college rock,V,"A1978, A1964, A2005",Minutemen,"Mike Watt and George Hurley reunited after the Minutemen's end with new guitarist Ed Crawford, extending that band's funk-punk economy into the late 1980s.",
Flamin' Groovies,"San Francisco, CA",The West,1976,"V17 Jangle and power pop, Big Star to GBV",V,A2030,,"San Francisco garage-rock band who remade themselves as ringing British Invasion disciples, bridging 1960s jangle into the power-pop and punk-adjacent scenes.",
The Flatlanders,"Lubbock, TX",Texas and Oklahoma,1990,V24 Texas songwriters and progressive country,V,A2425,,"Jimmie Dale Gilmore, Joe Ely and Butch Hancock's Lubbock trio whose barely-released 1972 sessions became a legendary, spacey West Texas folk document once finally released in 1990.",
Flatt & Scruggs,"Nashville, TN",The South,1957,R1 Roots,V,A2676,,Nashville bluegrass duo whose breakneck three-finger banjo picking became the default vocabulary for bluegrass and a constant reference for indie and alt-country banjo.,
Fleet Foxes,"Seattle, WA",The West,2008–2020,V5 Rootsy indie folk,V,"A1109, A1125, A1110, A1141",Bon Iver; Father John Misty,"Seattle band whose stacked, church-choir vocal harmonies and pastoral songwriting fused CSNY-style folk-rock into a genre-defining late-2000s indie-folk boom.",
The Flesh Eaters,"Los Angeles, CA",The West,1981,V14 Cowpunk and LA roots punk,V,A1842,X; The Blasters; Los Lobos,"Chris D.'s one-off LA punk supergroup pulling members from X, the Blasters and Los Lobos for swampy, horn-streaked roots music under apocalyptic film-noir lyrics.",
Florence Dore,"Chapel Hill, NC",The Carolinas,2022,C3 New alt-country and honky-tonk bands,Core,A0097,Son Volt; the dB's,"Chapel Hill songwriter blending classic-rock hooks and college-radio jangle with narrative-heavy Americana twang, backed by veteran college-rock players.",
Florida Georgia Line,"Nashville, TN",The South,2012,"X1 Mainstream Nashville, countrypolitan to bro-country",Context,A2710,,Nashville duo whose trap-adjacent beats and truck-and-tailgate anthems opened the hip-hop-inflected bro-country era of mainstream country.,
Florry,"Philadelphia, PA",Philadelphia,2021–2025,C1 Indie twang / yallternative,Core,"A0019, A0035, A0008, A0018",Greg Freeman; Lily Seabird,"Philadelphia-then-Burlington band led by Francie Medosch whose barroom country-rock moved from Gram Parsons-style Cosmic American Music into raucous, caustic Dear Life Records twang.",Y
The Flying Burrito Brothers,"Los Angeles, CA",The West,1969–1972,V21 Country rock and Cosmic American Music,V,"A2256, A2260, A2267, A2275",Byrds; Eagles; Souther-Hillman-Furay; Country Gazette,"Los Angeles band whose Gram Parsons/Chris Hillman lineup, fresh out of the Byrds, pioneered woozy pedal-steel-driven Cosmic American Music.",Y
Fog Lake,"Glovertown, Newfoundland, Canada","The UK, Ireland and Canada",2023,C8 Modern slowcore and hushed twang,Core,A0703,,"Newfoundland solo project of Aaron Powell making quiet, grainy, homespun bedroom-folk, a Canadian counterpart to the American hushed-twang scene.",
Folk Bitch Trio,"Melbourne, Australia",Australia and New Zealand,2025,C5 Twangy indie folk,Core,A0283,Julia Jacklin; Stella Donnelly,"Melbourne trio of former high-school friends trading dazzling three-part harmonies over wry, darkly funny acoustic songs about modern early-twenties life.",Y
The Folk Implosion,"Westfield, MA",The Northeast,1994–1999,V11 Lo-fi and home taping,V,"A1646, A1668, A1679",Sebadoh; Sentridoh,"Lou Barlow's drum-machine-driven duo turned raw four-track home recording into starker, rhythm-focused songs before an unlikely radio crossover.",
FOOTBALLHEAD,"Unknown, US",The South,2024,"C7 Slacker, jangle, and power-pop revival",Core,A0634,,"Little-documented power-pop act on the emo-adjacent Tiny Engines label, part of the DIY guitar-pop underground.",
The For Carnation,"Louisville, KY",The South,2000,V12 Slowcore and sadcore,V,A1746,Slint,"Former Slint guitarist's project slowing post-rock precision into droning, half-spoken sadcore built from repetition and hushed dread.",
Foster & Lloyd,"Nashville, TN",The South,1987,V19 1980s country rebels,V,A2156,,"Nashville duo whose ringing, power-pop-inflected guitar hooks and Everly Brothers harmonies brought new-wave jangle into mainstream 1980s country radio.",
Fotheringay,"London, England","The UK, Ireland and Canada",1970,V30 British folk rock (selective),V,A2652,Fairport Convention,"Sandy Denny's post-Fairport Convention band, extending that group's electric British folk-rock into a looser, more American-influenced sound.",
Fran,"Chicago, IL",Chicago and the Midwest,2023,C5 Twangy indie folk,Core,A0236,,"Chicago project of Maria Jacobson pairing clarinet drones and delicate strings with plainspoken, questioning songs of loss and faith.",
Frank Meadows,"Brooklyn, NY (via North Carolina)",The Northeast,2022,C2 Barroom storytellers and deadpan songwriters,Core,A0066,Fust,Fust bassist and Dear Life Records co-owner whose piano-led solo record mixes Neil Young-style balladry with Lambchop-esque narrative turns.,
Freakwater,"Louisville, KY",Chicago and the Midwest,1993–1999,V9 No Depression and insurgent country,V,"A1458, A1468, A1498, A1507",Eleventh Dream Day,"Louisville duo whose stark, close-harmony old-time and gospel songwriting made them the starkest traditionalist act of the Chicago insurgent-country scene.",
Freddy Fender,"San Benito, TX",Texas and Oklahoma,1974,"V26 Honky-tonk, Bakersfield, and hard country",V,A2529,,Texas Gulf Coast singer whose bilingual crossover hit brought Tejano and swamp-pop sounds directly into the Nashville country mainstream.,
Fred Neil,"New York, NY",The Northeast,1966–1968,V25 Country-folk storytellers,V,"A2430, A2435",Karen Dalton; Tim Hardin,"New York songwriter whose warm 12-string guitar and plainspoken, image-driven songwriting founded a Greenwich Village folk style that directly shaped later storytellers.",
Free Range,"Chicago, IL",Chicago and the Midwest,2023–2025,C5 Twangy indie folk,Core,"A0237, A0284",Hannah Frances,"Chicago project of Sofia Jensen making open, subdued, intimate folk in the patient mode of Elliott Smith and Adrianne Lenker.",
Friendship,"Philadelphia, PA",Philadelphia,2017–2025,C8 Modern slowcore and hushed twang,Core,"A0697, A0721, A0689, A0684",Dan Wriggins,"Philadelphia band led by Dan Wriggins whose patient, funny-sad Americana widened from homemade pedal-steel songs into a wider Merge Records audience.",Y
Friko,"Chicago, IL",Chicago and the Midwest,2024–2026,C9 Emo-twang crossovers,Core,"A0762, A0767",,"Chicago band whose huge, cathartic indie rock folds Midwest emo's emotional extremity into anthemic, orchestral guitar rock.",Y
Frog,"New York, NY",The Northeast,2025,"C7 Slacker, jangle, and power-pop revival",Core,A0652,,"Cult New York duo making folky, lo-fi, deadpan funny-sad songwriting connecting Drag City style storytelling to the jangle/Bandcamp underground.",
The Frogs,"Milwaukee, WI",Chicago and the Midwest,1989,V11 Lo-fi and home taping,V,A1628,,"Milwaukee brothers' unedited, shock-comedy home tapes became a cult DIY touchstone for raw, unfiltered lo-fi recording.",
Fruit Bats,"Chicago, IL",Chicago and the Midwest,2003–2009,V4 Roots-inflected 2000s indie,V,"A0999, A1043",,"Eric D. Johnson's Chicago project making warm, mid-tempo indie-folk built on close vocal harmonies and gently jangling guitars.",
Fugazi,"Washington, D.C.",The Northeast,1990–1995,X10 Post-punk and noise rock,Context,"A2800, A2801, A2802",Minor Threat,"Washington, D.C. post-hardcore band whose tense, dub-influenced dynamics and DIY ethics made them a landmark of the underground rock network.",
Fust,"Durham, NC",The Carolinas,2021–2025,C3 New alt-country and honky-tonk bands,Core,"A0112, A0096, A0103, A0072",,"Durham, NC band led by Aaron Dowdy whose plainspoken, character-driven alt-country grew from lo-fi home recordings into acclaimed full-band storytelling.",Y
Gabriel Birnbaum,"Brooklyn, NY",The Northeast,2024,C6 Cosmic country and the '70s revival,Core,A0452,Wilder Maker,"Wilder Maker frontman whose solo album mines quiet-desperation character studies over lush, Paul Simon-indebted psychedelic folk-rock.",
Galaxie 500,"Cambridge, MA",The Northeast,1988–1990,V12 Slowcore and sadcore,V,"A1695, A1697, A1699",Damon & Naomi; Luna,"Cambridge, MA trio whose thin vocals, reverb-drenched guitar and unhurried pace, descended from the Velvet Underground, founded American slowcore.",
Game Theory,"Davis, CA",The West,1985–1988,"V17 Jangle and power pop, Big Star to GBV",V,"A2053, A2054, A2060, A2061",the Loud Family,"Davis, California band led by Scott Miller whose dense, wordy jangle-pop connected paisley underground California to Winston-Salem's Big Star-descended sound.",
Garcia Peoples,"Ridgewood, NJ",The Northeast,2019–2022,C6 Cosmic country and the '70s revival,Core,"A0386, A0400, A0425",Ryley Walker; Endless Boogie; Woods,"Ridgewood, NJ guitar band whose long twin-guitar jams directly channel the Grateful Dead's improvisational vocabulary within a DIY psych-rock scene.",
Garth Brooks,"Oklahoma City, OK",The West,1990,"X1 Mainstream Nashville, countrypolitan to bro-country",Context,A2706,,"Oklahoma City singer whose arena-scale showmanship turned neotraditionalist country instrumentation into stadium-format, diamond-selling superstardom.",
Gary Stewart,"Nashville, TN",The South,1975–1978,"V26 Honky-tonk, Bakersfield, and hard country",V,"A2534, A2538, A2535, A2541",,"Nashville honky-tonk singer whose high, quavering, rock-inflected voice over hard-driving Telecaster made him a cult favorite later cited by alt-country revivalists.",Y
Gawshock,"Huntsville, AL",The South,2026,C5 Twangy indie folk,Core,A0309,,"Huntsville, Alabama project making quiet, homespun, atmosphere-favoring Southern indie folk within the Bandcamp DIY network.",
Gene Clark,"Los Angeles, CA",The West,1967–1977,V21 Country rock and Cosmic American Music,V,"A2285, A2244, A2268, A2281",the Byrds; Dillard & Clark; Emmylou Harris,"Ex-Byrd songwriter whose solo catalog moved from country-gospel harmony through stripped-down singer-songwriter folk to an ambitious, orchestral Cosmic American Music masterpiece.",
Gene Parsons,"Los Angeles, CA",The West,1973,V21 Country rock and Cosmic American Music,V,A2282,the Byrds,Byrds and Nashville West drummer whose homespun solo debut carried his country-picking vocabulary into a quiet singer-songwriter format.,
Gene Watson,"Houston, TX",Texas and Oklahoma,1975,"V26 Honky-tonk, Bakersfield, and hard country",V,A2536,,"Houston club-circuit singer whose pure, controlled tenor and plain honky-tonk production made him a technically gifted traditionalist breakthrough act.",
George Jones,"Nashville, TN",The South,1968–1980,"V26 Honky-tonk, Bakersfield, and hard country",V,"A2530, A2545, A2503, A2539",Tammy Wynette,"Nashville singer whose bending, imitated phrasing carried from raw Musicor honky-tonk through devastating Billy Sherrill countrypolitan ballads to genre-defining vocal performances.",
George Jones and Melba Montgomery,"Nashville, TN",The South,1963,"V26 Honky-tonk, Bakersfield, and hard country",V,A2482,George Jones,Early-1960s Nashville duet pairing George Jones with Melba Montgomery's plain alto in straightforward pre-countrypolitan honky-tonk.,
George Jones and Tammy Wynette,"Nashville, TN",The South,1973–1976,"V26 Honky-tonk, Bakersfield, and hard country",V,"A2540, A2526",George Jones; Tammy Wynette,"Country music's most famous couple, whose close, conversational duet records traced their real marriage's collapse in devastating countrypolitan songs.",
George Strait,"San Antonio, TX",Texas and Oklahoma,1984,"X1 Mainstream Nashville, countrypolitan to bro-country",Context,A2704,,San Antonio singer whose understated Texas baritone and honky-tonk fiddle-and-steel sound reset mainstream country toward neotraditionalism.,
Georgia Harmer,"Toronto, Ontario","The UK, Ireland and Canada",2022,C5 Twangy indie folk,Core,A0214,,"Toronto songwriter, daughter of Sarah Harmer, whose debut spans intimate folk, strummy country and jazz-inflected pop-rock with unusual poise.",
The Geraldine Fibbers,"Los Angeles, CA",The West,1995,V9 No Depression and insurgent country,V,A1469,Ethyl Meatplow,"Carla Bozulich's Los Angeles band fused old-time fiddle and country songcraft with noise-rock volume, the noisiest fringe of insurgent country.",
Giant Sand,"Tucson, AZ",The West,1986–2008,V4 Roots-inflected 2000s indie,V,"A0987, A1909, A0992, A1034",Calexico; Dream Syndicate; Green on Red,"Howe Gelb's Tucson band whose ragged, desert-dry Neil Young-indebted rock helped found desert rock and seeded Calexico.",Y
Gillian Welch,"Nashville, TN",The South,1996–2020,V5 Rootsy indie folk,V,"A1088, A1089, A1091, A1126",David Rawlings; Iron & Wine; Fleet Foxes; Big Thief,"Nashville songwriter whose duo work with David Rawlings, steeped in Stanley Brothers and Carter Family harmony, reintroduced old-time music to indie listeners and shaped later folk revivalists.",
Gillian Welch and David Rawlings,"Nashville, TN",The South,2020–2024,V5 Rootsy indie folk,V,"A1155, A1151",Gillian Welch; David Rawlings,"Welch and Rawlings' jointly credited catalog, including a Grammy-winning covers record and new originals that extend their stripped-down old-time songwriting.",
Glass-Beagle,"Chicago, IL",Chicago and the Midwest,2024,C1 Indie twang / yallternative,Core,A2908,,Chicago quartet fronted by Nathan Zurawski mixing fuzzed-out guitar riffs with pedal steel and mandolin on a self-recorded debut EP of psychedelic country-rock.,
Glen Campbell,"Los Angeles, CA",The West,1968,"X1 Mainstream Nashville, countrypolitan to bro-country",Context,A2703,,Los Angeles session guitarist turned pop-crossover star whose shimmering countrypolitan orchestration bridged the Nashville Sound and mainstream pop radio.,
Glenn Jones,"Boston, MA",The Northeast,2004–2011,V8 American Primitive and solo guitar,V,"A1406, A1410, A1416",John Fahey; Jack Rose,Boston fingerstyle guitarist and Fahey mentee whose patient six- and twelve-string pieces made him a central figure of the 2000s American Primitive revival.,
Glossary,"Murfreesboro, TN",The South,2007–2011,V3 Southern storytelling rock,V,"A0940, A0943, A0925",Lucero; Drive-By Truckers,"Murfreesboro, TN band whose dual-vocal, three-guitar Southern rock plainly chronicled small-town Tennessee life alongside Drive-By Truckers' orbit.",
Glyders,"Chicago, IL",Chicago and the Midwest,2023–2025,C6 Cosmic country and the '70s revival,Core,"A0436, A0470",,Chicago duo whose warm harmony vocals and breezy guitar arrangements channel Laurel Canyon songwriting through a decade of DIY self-release.,
The Go-Betweens,"Brisbane, Australia",Australia and New Zealand,1981–2005,V18 Flying Nun and Antipodean indie,V,"A2088, A2096, A2108, A2085",Sleater-Kinney,"Brisbane duo Forster and McLennan built literate, string-touched jangle-pop across three decades, from post-punk austerity to a widely cited pop peak.",Y
Golden Apples,"Philadelphia, PA",Philadelphia,2018–2025,"C7 Slacker, jangle, and power-pop revival",Core,"A0653, A0561, A0617",,"Philadelphia project of Russell Edling making spacious, nervy, Elephant 6-indebted fuzzed and jangling power pop.",Y
Golden Smog,"Minneapolis, MN",Chicago and the Midwest,1995–1998,V9 No Depression and insurgent country,V,"A1470, A1499",the Jayhawks; Soul Asylum; Wilco,"Minneapolis supergroup drawing from the Jayhawks, Soul Asylum and Wilco whose jangle-pop-inflected alt-country documented the era's interconnected scenes.",
Golomb,"Columbus, OH",Chicago and the Midwest,2024–2025,"C7 Slacker, jangle, and power-pop revival",Core,"A0635, A0654",,"Columbus, Ohio power trio whose adventurous, stylistically shifting indie rock echoes Built to Spill and Pavement.",Y
Good Flying Birds,"Indianapolis, IN",Chicago and the Midwest,2025,"C7 Slacker, jangle, and power-pop revival",Core,A0655,,Indianapolis home-recording project whose twee-punk-leaning jangle-pop carries Guided by Voices-grade hooks and surging punk energy.,Y
Good Looks,"Austin, TX",Texas and Oklahoma,2022–2024,C1 Indie twang / yallternative,Core,"A0013, A0027",,"Austin quartet playing blue-collar, plainspoken indie rock with Replacements swagger, writing about home life amid conservative surroundings.",
The Goon Sax,"Brisbane, Australia",Australia and New Zealand,2021,"C7 Slacker, jangle, and power-pop revival",Core,A0590,The Go-Betweens,"Brisbane trio, including a Go-Betweens founder's son, add synths to plainspoken, bittersweet jangle-pop descended from that band's tradition.",Y
Goose Creek Symphony,"Phoenix, AZ",The West,1970,V21 Country rock and Cosmic American Music,V,A2261,,"Phoenix band whose rowdier, jug-band-adjacent country rock spread the Byrds/Burritos vocabulary into its own regional Arizona scene.",
GospelbeacH,"Los Angeles, CA",The West,2019,C6 Cosmic country and the '70s revival,Core,A0387,Beachwood Sparks,"Los Angeles band of former Beachwood Sparks players making laid-back, jangly, country-tinged homage to '70s Topanga Canyon FM rock.",
The Gourds,"Austin, TX",Texas and Oklahoma,1996–1999,V9 No Depression and insurgent country,V,"A1480, A1500, A1508",,"Austin band mixing bluegrass picking, Cajun accordion and rowdy bar-band energy into a shaggier, genre-agnostic corner of insurgent country.",
Grace Rogers,"Louisville, KY",The South,2025,C3 New alt-country and honky-tonk bands,Core,A0113,Ryan Davis & the Roadhouse Band,"Louisville songwriter whose conversational, character-based storytelling over jangly guitar draws on family old-time and string-band roots.",Y
GracieHorse,"Los Angeles, CA",The West,2015,C3 New alt-country and honky-tonk bands,Core,A2909,,"Los Angeles songwriter whose early alt-country/'bummer jams'-tagged full-length established a direct, unguarded confessional style she carried into later, more country-soul-leaning work.",
Graham Hunt,"Madison, WI",Chicago and the Midwest,2022–2026,"C7 Slacker, jangle, and power-pop revival",Core,"A0670, A0603, A0618, A0656",,"Madison, Wisconsin bedroom-pop songwriter whose prolific self-released catalog blends hooky, '90s-indebted power pop with psych and classic-rock touches.",
Gram Parsons,"Los Angeles, CA",The West,1973–1974,V21 Country rock and Cosmic American Music,V,"A2283, A2286",Emmylou Harris; the Byrds; Flying Burrito Brothers,"Los Angeles songwriter whose Emmylou Harris duets defined Cosmic American Music, founding the alt-country and cosmic-country lineage that runs through this whole atlas.",Y
Grandaddy,"Modesto, CA",The West,1997–2000,V10 Slacker and '90s indie rock,V,"A1612, A1585",Built to Spill,"Modesto, CA band whose cracked vocals and cheap analog synths built a template of small-town, technology-haunted melancholy within slacker-rock lineage.",
Grand Champeen,"Austin, TX",Texas and Oklahoma,2003,V3 Southern storytelling rock,V,A0911,Old 97's; Slobberbone; Drive-By Truckers,"Austin power trio that pushed from straight alt-country toward louder, harmonized-guitar Southern storytelling rock.",
Grant McLennan,"Brisbane, Australia",Australia and New Zealand,1991,V18 Flying Nun and Antipodean indie,V,A2123,the Go-Betweens,"Go-Betweens songwriter whose solo debut carried that band's warm, hook-driven melodic pop instincts into his own gentler catalog.",
Grateful Dead,"San Francisco / Marin County, CA",The West,1969–1981,V27 The Grateful Dead and California country-psych,V,"A2550, A2551, A2552, A2553",New Riders of the Purple Sage; Bob Weir,"San Francisco/Marin band whose country-rock turn on Workingman's Dead and American Beauty, alongside extended live jamming, founded an American roots-jam lineage running through Americana and jam-band music alike.",
Grave Saddles,"Hemet, CA",The West,2022–2023,C4 Countrygaze and loud twang,Core,"A0135, A0138",Wednesday; Hotline TNT,"Hemet, CA band whose fuzz-caked shoegaze riffs and plainspoken country vocal delivery place them in the countrygaze scene alongside Wednesday.",
The Grays,"Los Angeles, CA",The West,1994,"V17 Jangle and power pop, Big Star to GBV",V,A2076,,Short-lived LA power-pop supergroup built around Jason Falkner and Jon Brion pairing dense Beatles/Big Star arrangements with rotating songwriters.,
Great Plains,"Columbus, OH",Chicago and the Midwest,1985,V16 American underground and college rock,V,A1950,Silver Jews; Pavement,"Columbus, Ohio band whose scrappy, deadpan guitar-pop and pop-culture wordplay anticipated the Drag City funny-sad school.",
Green on Red,"Los Angeles, CA",The West,1983–1989,V15 Paisley Underground,V,"A1902, A1890, A1911, A1919",Dream Syndicate; Danny & Dusty; Chuck Prophet,"Los Angeles band whose organ-driven desert-noir rock moved from garage punk to full storytelling songwriting, a direct forerunner of alt-country.",
Greg Brown,"Iowa City, IA",Chicago and the Midwest,1994–1997,V13 Americana songwriters before the label,V,"A1796, A1813",,"Iowa City songwriter whose deep, gravelly baritone delivers plainspoken, funny-sad character sketches central to the Red House Records folk roster.",
Greg Freeman,"Burlington, VT","Burlington, Vermont",2022–2026,C1 Indie twang / yallternative,Core,"A0014, A0036, A0043",Lily Seabird; Dari Bay; Villagerrr,"Burlington, Vermont songwriter whose thunderous overdriven guitars and plaintive pedal steel anchor a defining scene alongside Lily Seabird and Dari Bay.",Y
Gregg Allman,"Macon, GA",The South,1973,V28 Southern rock and country soul,V,A2586,Allman Brothers Band,"Macon singer whose mellower, string-and-pedal-steel solo showcase pulled his songwriting toward gospel and R&B alongside the Allman Brothers' own sessions.",
Greg Mendez,"Philadelphia, PA",Philadelphia,2023,C5 Twangy indie folk,Core,A0238,,"Philadelphia basement-show fixture whose unflinching, plainly recorded confessional folk addresses addiction and recovery.",
The Grifters,"Memphis, TN",The South,1994–1996,V10 Slacker and '90s indie rock,V,"A1550, A1573",Pavement; Guided by Voices,"Memphis band balancing grimy tape-hiss production with catchy, blues-inflected garage-pop songwriting, closer to Pavement's fractured pop than Southern roots rock.",
Grinderswitch,"Macon, GA",The South,1974,V28 Southern rock and country soul,V,A2592,Allman Brothers Band,"Macon band grown from an Allman Brothers roadie's own group, playing twin-guitar Southern rock as a lesser-known corner of the Capricorn roster.",
Guadalcanal Diary,"Marietta, GA",The South,1984–1986,"V17 Jangle and power pop, Big Star to GBV",V,"A2050, A2055",R.E.M.,"Marietta, GA band whose ringing R.E.M.-adjacent guitars and booming baritone told story-songs of Southern history and myth.",
Guided by Voices,"Dayton, OH",Chicago and the Midwest,1992–2012,V11 Lo-fi and home taping,V,"A1636, A1639, A1647, A1654",,"Dayton, Ohio band led by Robert Pollard whose four-track hiss-and-hook fragments founded American lo-fi as an aesthetic before later cleaning up and reuniting.",Y
The Gun Club,"Los Angeles, CA",The West,1981–1984,V14 Cowpunk and LA roots punk,V,"A1843, A1846, A1857",X; The Blasters,"Jeffrey Lee Pierce ran Delta blues through punk volume and swampy slide guitar, the rawest, most gothic end of LA's roots-punk turn.",
Guy Clark,"Nashville, TN",Texas and Oklahoma,1975–1999,V24 Texas songwriters and progressive country,V,"A2401, A2426, A2405, A2410",Rodney Crowell; Townes Van Zandt; Steve Earle,"Houston-then-Nashville songwriter whose plain, exact-detail storytelling founded Texas songwriter craft and directly modeled Rodney Crowell, Steve Earle and Lyle Lovett's writing.",
Gwenifer Raymond,"Cardiff, Wales","The UK, Ireland and Canada",2018,V8 American Primitive and solo guitar,V,A1427,Daniel Bachman; Harry Taussig,"Welsh guitarist and former punk drummer whose darker, percussive fingerstyle brings punk physicality to the Fahey/Mississippi John Hurt tradition.",
Ha Ha Tonka,"Springfield, MO",Chicago and the Midwest,2009–2011,V6 2000s–2010s alt-country,V,"A1219, A1232",,"Springfield, Missouri band mixing Ozark folk harmonies with anthemic, classic-rock-leaning Southern rock on the Bloodshot roster.",
Haley Heynderickx,"Portland, OR",The West,2018–2024,C5 Twangy indie folk,Core,"A0171, A0256",Lily Seabird; Max García Conover,"Portland songwriter whose conversational, fingerpicked folk finds grace in the mundane, her voice swinging from murmur to full-throated cry.",
Haley Heynderickx & Max García Conover,"Portland, OR / New York",The West,2025,C5 Twangy indie folk,Core,A0285,Haley Heynderickx,Duo record pairing Haley Heynderickx's Portland folk lineage with Maine songwriter Max García Conover's Woody Guthrie-indebted radical folk.,Y
Half Japanese,"Uniontown, MD",The Northeast,1988,V11 Lo-fi and home taping,V,A1627,Daniel Johnston; Beat Happening,"Jad and David Fair's untrained, homemade outsider rock duo whose primitive clatter directly inspired Daniel Johnston and Beat Happening's DIY ethic.",
The Halo Benders,"Boise, ID / Olympia, WA",The West,1994–1998,V10 Slacker and '90s indie rock,V,"A1551, A1597",Built to Spill; Beat Happening,"Side project pairing Built to Spill's Doug Martsch with K Records' Calvin Johnson, trading deadpan baritone against melodic tenor over homemade arrangements.",
Hana Stretton,"Melbourne, Australia",Australia and New Zealand,2026,C8 Modern slowcore and hushed twang,Core,A0733,,"Melbourne artist making delicate, ghostly folk-ambient built on spectral harmonies, field recordings and slow fingerpicking.",
Hand Habits,"Los Angeles, CA",The West,2021–2025,C5 Twangy indie folk,Core,"A0197, A0286",Kevin Morby; War on Drugs; Perfume Genius,"Meg Duffy's Los Angeles project, moving from insular bedroom folk into lusher, fuzzier studio-band arrangements after years as an in-demand touring guitarist.",Y
The Handsome Family,"Chicago, IL",Chicago and the Midwest,1994–2001,V9 No Depression and insurgent country,V,"A1501, A1462, A1481, A1513",,Chicago duo Brett and Rennie Sparks built deadpan gothic-folk murder ballads and rural tragedies over homemade drum-machine arrangements.,
Hank Thompson and His Brazos Valley Boys,"Waco, TX",Texas and Oklahoma,1966,"V26 Honky-tonk, Bakersfield, and hard country",V,A2492,,"Waco, Texas Western-swing hitmaker whose dance-hall-ready drinking-song concept album connects hard country to the pre-1965 Western swing tradition.",
Hank Williams,"Montgomery, AL",The South,1978,R1 Roots,V,A2694,,"Montgomery, Alabama singer whose plainspoken, aching honky-tonk singles founded the songbook that country music, and generations of alt-country songwriters, keep rewriting.",
Hank Williams Jr.,"Nashville, TN",The South,1975–1979,V23 Outlaw country,V,"A2355, A2380",Hank Williams; Allman Brothers Band; Marshall Tucker Band,Nashville singer who broke from his father's shadow by fusing outlaw country with Southern rock alongside Allman Brothers and Marshall Tucker Band musicians.,
Hannah Cohen,"Catskills, NY",The Northeast,2025,C6 Cosmic country and the '70s revival,Core,A0471,,"Catskills songwriter whose hazy, soft-focus folk-pop collage of memory was made with producer partner Sam Evian at their Flying Cloud studio.",
Hannah Frances,"Chicago, IL",Chicago and the Midwest,2024–2025,C5 Twangy indie folk,Core,"A0257, A0287",Daniel Rossen,"Chicago songwriter whose knotty, propulsive avant-folk excavates grief and religious trauma through progressive-rock and jazz-inflected arrangements.",
Harry Nilsson,"Los Angeles, CA",The West,1971,X13 Laurel Canyon and '70s soft rock,Context,A2832,,Los Angeles studio-pop eccentric whose theatrical voice and idiosyncratic production sat apart from Laurel Canyon's straighter country-rock songwriters.,
Harry Taussig,California,The West,1965,V8 American Primitive and solo guitar,V,A1392,John Fahey; Robbie Basho,"California guitarist whose spare, modal solo record was made independently of, and rediscovered decades after, John Fahey and Robbie Basho's earliest Takoma records.",
Hataałii,"Window Rock, AZ",The West,2023–2025,C8 Modern slowcore and hushed twang,Core,"A0704, A0712, A0723",,"Window Rock, Arizona songwriter whose deep-voiced surf-country croon and hypnotic, sparse arrangements evoke Jim Morrison and Nick Cave.",
"Have Gun, Will Travel","Bradenton, FL",The South,2009,V3 Southern storytelling rock,V,A0932,Drive-By Truckers,"Bradenton, Florida band playing full-band Southern rock storytelling in a warmer, more populist Gulf Coast take on the Drive-By Truckers formula.",
Hayden Pedigo,"Amarillo, TX",Texas and Oklahoma,2017–2025,V8 American Primitive and solo guitar,V,"A1432, A1436, A1438, A1424",Marisa Anderson; Eli Winter,"Amarillo, Texas fingerstyle guitarist whose plainspoken, small-town instrumentalism widened from Fahey-descended solo guitar into cinematic, synth-and-pedal-steel chamber pop.",
Hayes Carll,"The Woodlands, TX",Texas and Oklahoma,2005–2016,V6 2000s–2010s alt-country,V,"A1211, A1188, A1233, A1267",,"Texas troubadour whose comic, Prine-indebted storytelling matured from barroom humor into quieter, more emotionally direct songwriting.",
Haylie Davis,"Los Angeles, CA",The West,2026,C6 Cosmic country and the '70s revival,Core,A0482,,Los Angeles songwriter whose debut continues pristine Laurel Canyon songwriting dressed in gentle country phrasing.,
Haysop,"Tuscaloosa, AL",The South,2025,C1 Indie twang / yallternative,Core,A2921,Taylor Hollingsworth; Conor Rector; Janet Simpson; SQQUAT; Alabama Blues Project,"Alabama songwriter Jameson Hubbard's project moving from a bar-band and blues-scene background into a Muscle Shoals-recorded, Kurt Vile-esque country-rock debut with pedal steel and Wurlitzer.",
Hazel City,"Gary, Indiana",Chicago and the Midwest,2023–2026,C5 Twangy indie folk,Core,"A0310, A0239",,"Gary, Indiana bedroom-folk project whose plainspoken, home-recorded songs of a Rust Belt hometown grew into a communal, guest-filled full-band sound.",Y
The Head and the Heart,"Seattle, WA",The West,2011,X3 Big-tent Americana and stomp-clap folk,Context,A2728,The Lumineers; Mumford & Sons,"Seattle band pairing three-part harmonies and festival-ready percussion for a warmer, more communal indie-rock take on the stomp-clap-folk boom.",
Hearts & Flowers,"Los Angeles, CA",The West,1967–1968,V21 Country rock and Cosmic American Music,V,"A2245, A2251",Bernie Leadon; the Byrds; Dillard & Clark,"Los Angeles folk-rock trio, including future Byrd Bernie Leadon, sitting right at the folk-to-country-rock hinge just before Sweetheart of the Rodeo.",
Heatmiser,"Portland, OR",The West,1996,V10 Slacker and '90s indie rock,V,A1574,Elliott Smith,"Portland band pairing Elliott Smith's melancholic songwriting with Neil Gust's darker material, foreshadowing Smith's hushed solo direction.",
Heaven Forbid,"Washington, D.C.",The South,2025,C3 New alt-country and honky-tonk bands,Core,A2920,,"Washington, DC band of punk-scene musicians playing straight honky-tonk classic country, described by Washington City Paper as bringing punk ethos to country music.",
Helena Deland,"Montreal, Quebec","The UK, Ireland and Canada",2023,C5 Twangy indie folk,Core,A0240,,"Montreal songwriter whose graceful, literary indie folk pairs delicate acoustic arrangements with glittering Sam Evian production.",
Helium,"Boston, MA",The Northeast,1995–1997,V10 Slacker and '90s indie rock,V,"A1563, A1586",,"Mary Timony's Boston band moving from fuzzed-out 1990s noise-pop into stranger, synth-driven art rock built around fairy-tale imagery.",
Hem,"Brooklyn, NY",The Northeast,2002,V12 Slowcore and sadcore,V,A1758,,"Brooklyn band applying slowcore's patience and hush to a lush, orchestral chamber-pop sound that found an NPR audience outside the indie underground.",
hemlock,"Chicago, IL",Chicago and the Midwest,2022–2024,C8 Modern slowcore and hushed twang,Core,"A0713, A0698, A0714",Lomelda,"Carolina Chauffe's raw, introspective phone-fi bedroom folk stitches together voicemails from loved ones into an intimate, homey song-a-day archive.",
hey i'm outside,"Medford, MA",The Northeast,2024–2026,C1 Indie twang / yallternative,Core,"A2944, A2945",,"Medford, Massachusetts band of punk/indie-raised musicians playing earnest, twangy DIY alt-country across two increasingly acoustic-tagged albums.",
Hiding Places,"Brooklyn, NY (formerly North Carolina)",Philadelphia,2026,"C7 Slacker, jangle, and power-pop revival",Core,A0671,,"Brooklyn-via-North Carolina band playing brutal, pounding riffs with dual lead vocals, the loudest, least twangy corner of the countrygaze scene.",
Highway 101,"Los Angeles, CA",The West,1987,V19 1980s country rebels,V,A2157,,"Los Angeles-based neotraditional country band fronted by Paulette Carlson's raw, twangy alto, anchoring the mid-1980s pushback against countrypolitan gloss.",
Hiss Golden Messenger,"Durham, NC",The Carolinas,2010–2023,C6 Cosmic country and the '70s revival,Core,"A0345, A0357, A1054, A1061",,"M.C. Taylor's Durham, NC project moving from private four-track folk recordings into a warm, Dead- and Band-indebted cosmic country-soul catalog.",Y
Home Is Where,"Palm Coast, FL",The South,2021–2023,C9 Emo-twang crossovers,Core,"A0755, A0759",Cusp,"Palm Coast, Florida band whose whirlwind hardcore aggression and harmonica-flecked folk melancholy fuse American Football-style emo with country and folk instrumentation.",
Hop Along,"Philadelphia, PA",Philadelphia,2012–2018,C9 Emo-twang crossovers,Core,"A0740, A0742, A0748","Cusp; Slaughter Beach, Dog","Philadelphia band whose yelping, folk-punk-adjacent indie rock and plainspoken storytelling helped define emo-leaning Core songwriting.",
Hope Sandoval & the Warm Inventions,"Los Angeles, CA",The West,2001,V12 Slowcore and sadcore,V,A1751,Mazzy Star; My Bloody Valentine,"Mazzy Star singer's hushed, nocturnal side project with a My Bloody Valentine drummer, quieter and more intimate than her main band.",
Horsegirl,"Chicago, IL",Chicago and the Midwest,2022–2025,"C7 Slacker, jangle, and power-pop revival",Core,"A0604, A0657",,"Chicago teenage trio drawing on Pavement and Sonic Youth's guitar interplay, moving from noisy post-punk jangle toward cleaner pop songs.",Y
Horse Jumper of Love,"Boston, MA",The Northeast,2016–2024,C8 Modern slowcore and hushed twang,Core,"A0682, A0690, A0699, A0715",Duster; Codeine; Bedhead,"Boston trio playing slow, heavy, deadpan slowcore-adjacent rock that became a touchstone for the 2020s slowcore revival.",Y
The Hotelier,"Worcester, MA",The Northeast,2014,X6 Emo and Midwest emo,Context,A2760,Sunny Day Real Estate,"Massachusetts emo-revival landmark pairing post-hardcore intensity with raw, therapy-session lyricism about grief and mental illness.",
Hotline TNT,"Brooklyn, NY (via Minneapolis)",The Northeast,2021–2023,C4 Countrygaze and loud twang,Core,"A0131, A0619",,"Will Anderson's noisy, shoegaze-fuzzed project burying plainspoken jangle-pop hooks under thick countrygaze-adjacent walls of guitar.",Y
Hour,"Philadelphia, PA",Philadelphia,2025–2026,C8 Modern slowcore and hushed twang,Core,"A0724, A0734",Friendship; 2nd Grade; Dear Life Records,"Michael Cormier-O'Leary's shifting Philadelphia chamber-folk ensemble, expanding from touring band to full orchestra for meditative, loss-themed suites.",
House Band,"Los Angeles, CA",The West,2024,C6 Cosmic country and the '70s revival,Core,A0453,Bedouine; Midnight Sister; Spoon,"Loose LA supergroup of session musicians stretching cosmic-jam grooves into hour-long, Miles Davis- and Grateful Dead-indebted instrumental patience.",
Hovvdy,"Austin, TX",Texas and Oklahoma,2021–2024,"C7 Slacker, jangle, and power-pop revival",Core,"A0591, A0636",Duster; Alex G,"Austin duo making soft-focus, mid-fi slacker pop built on plainspoken affection, gentle drum machines and lo-fi college-radio lineage.",Y
Howe Gelb,"Tucson, AZ",The West,2006,V4 Roots-inflected 2000s indie,V,A1017,Giant Sand,Giant Sand leader whose weathered desert-rock songwriting took a spiritual turn on a solo album backed by a Canadian gospel choir.,
Howlin Rain,"Oakland, CA",The West,2006–2018,C6 Cosmic country and the '70s revival,Core,"A0322, A0324, A0336, A0350",Comets on Fire,"Ethan Miller's Oakland band stretching Crazy Horse- and Allman Brothers-style fuzz into extended, anthemic jam-rock across a long-running catalog.",
h. pruz,"Brooklyn, NY",The Northeast,2025,C8 Modern slowcore and hushed twang,Core,A0722,,"Hannah Pruzinsky's quiet folk threads Wurlitzer, saxophone and synth through an explorative meditation on love, control and domesticity.",
Hurray for the Riff Raff,"New Orleans, LA",The South,2010–2024,V6 2000s–2010s alt-country,V,"A1252, A1274, A1296, A1242",,"Alynda Segarra's New Orleans project moving from busking old-time string-band roots through Americana breakthroughs into electronic-tinged, storytelling songwriting.",
Hurry,"Philadelphia, PA",Philadelphia,2016–2021,"C7 Slacker, jangle, and power-pop revival",Core,"A0592, A0538",2nd Grade; Golden Apples,"Matt Scottoline's Philadelphia project turning plainspoken heartbreak into tight, hook-forward power pop in the Big Star and Superchunk tradition.",Y
Hüsker Dü,"St. Paul, MN",Chicago and the Midwest,1982–1987,V16 American underground and college rock,V,"A1941, A1952, A1965, A1934",,"St. Paul hardcore trio whose ambitious, noise-drenched albums pushed punk toward melodic, emotionally raw songwriting that anticipated slowcore and alt-rock.",Y
i26connector,"Asheville, NC",The Carolinas,2026,C1 Indie twang / yallternative,Core,A0044,MJ Lenderman; Wednesday,"Asheville project self-tagged ""Emo Southern Rock,"" pairing wailing pedal steel and booming riffs under conversational, apocalyptic-brooding lyrics.",Y
Ian Noe,"Beattyville, KY",The South,2019–2022,V7 Neo-traditional and 'new outlaw' country,V,"A1332, A1361",Tyler Childers; Vincent Neil Emerson,"Eastern Kentucky songwriter delivering bleak, cinematic storytelling about coal towns and addiction in a flat, Prine-indebted drawl.",
Ida,"Brooklyn, NY",The Northeast,1996–2000,V12 Slowcore and sadcore,V,"A1728, A1747",Damon & Naomi,"Brooklyn duo built on the close, hushed harmonies of Daniel Littleton and Elizabeth Mitchell, a folk-leaning wing of '90s slowcore.",
Idaho,"Los Angeles, CA",The West,1993–1996,V12 Slowcore and sadcore,V,"A1708, A1729, A1715",Acetone; Spain,"Jeff Martin's Los Angeles project making some of the slowest, starkest slowcore of the early '90s, built on cracked vocals and long silences.",
Idle County,"Asheville, NC",The Carolinas,2026,C3 New alt-country and honky-tonk bands,Core,A2910,,Self-billed 'WNC farm-rock' band from Asheville playing 90s Wilco/Uncle Tupelo-adjacent alt-country travelogue songwriting on its debut LP.,
Indigo De Souza,"Asheville, NC",The Carolinas,2021,X10 Post-punk and noise rock,Context,A2806,Wednesday; MJ Lenderman,"Asheville pop-punk and synth artist whose shredded-throat catharsis about grief and queerness ties her to the scene, not the sound, of countrygaze.",Y
The Innocence Mission,"Lancaster, PA",The Northeast,2003,V12 Slowcore and sadcore,V,A1761,,"Karen Peris's high, quiet voice moves at a hushed, devotional pace over sparse guitar and piano, far from the band's earlier jangle-pop.",
International Submarine Band,"Los Angeles, CA",The West,1968,V21 Country rock and Cosmic American Music,V,A2252,the Byrds; Flying Burrito Brothers,"Gram Parsons' pre-Byrds band that cut arguably the first true country-rock album, straight honky-tonk covers played by long-haired rock kids.",
Into It. Over It.,"Chicago, IL",Chicago and the Midwest,2011,X6 Emo and Midwest emo,Context,A2759,American Football; Cap'n Jazz,Evan Weiss's full-band project connecting original Midwest emo to its 2010s revival with math-rock jangle indebted to American Football.,
Iris DeMent,"Kansas City, MO",The South,1992–1996,V13 Americana songwriters before the label,V,"A1785, A1797, A1807",Nanci Griffith; John Prine,"Kansas City-based Ozark-twanged singer whose plain, devotional gospel-folk songwriting turned sharply political on her third record.",
Iron & Wine,"Durham, NC",The Carolinas,2002–2024,V5 Rootsy indie folk,V,"A1092, A1097, A1105, A1127",Calexico; Bon Iver,Sam Beam's project moving from hushed four-track bedroom folk through horn-and-string orchestration and back again over two decades on Sub Pop.,
Iron & Wine and Calexico,"Durham, NC",The Carolinas,2005,V5 Rootsy indie folk,V,A1100,Iron & Wine; Calexico,"A genuine collaboration pairing Sam Beam's hushed Appalachian songwriting with Calexico's desert-noir, mariachi-tinged arrangements.",
Itasca,"Los Angeles, CA",The West,2024,C5 Twangy indie folk,Core,A0258,John Fahey; Jack Rose; Hiss Golden Messenger; William Tyler,"Kayla Cohen's guitar-driven folk-rock project moving from American Primitive solo instrumentals toward fuller, dreamlike vocal-led band arrangements.",
Izaak Opatz,"Missoula, MT",The West,2022,C2 Barroom storytellers and deadpan songwriters,Core,A0067,Bahamas; Andy Shauf,"Missoula, Montana songwriter making smart, mildly twangy 'dirtwave' folk built on dry, plainspoken wit about small-town life.",
Jackie West,"Brooklyn, NY",The Northeast,2024–2026,C5 Twangy indie folk,Core,"A0259, A0672",Adeline Hotel; Office Culture; Blue Ranger,"Brooklyn songwriter making guitar-and-synth indie rock and patient, detail-rich folk rock with a rotating cast of collaborators.",
Jack Rose,"Philadelphia, PA",Philadelphia,2002–2010,V8 American Primitive and solo guitar,V,"A1408, A1412, A1405, A1407",Pelt; John Fahey; Glenn Jones; Daniel Bachman,"Philadelphia fingerstyle guitarist who fused blues, raga drone and ragtime picking into American Primitive masterpieces before his sudden 2009 death.",
Jackson Browne,"Los Angeles, CA",The West,1974–1977,X13 Laurel Canyon and '70s soft rock,Context,"A2835, A2839, A2841",,"Los Angeles singer-songwriter whose stark, plainspoken piano-and-guitar meditations on relationships and mortality helped define confessional Laurel Canyon rock.",
Jacob Tremont,"Jersey City, NJ",The Northeast,2022–2024,C4 Countrygaze and loud twang,Core,"A2911, A2912",,"Jersey City bedroom songwriter making hushed, self-tagged countrygaze and lo-fi indie-folk vignettes across a debut and shorter follow-up EP.",
Jaime Wyatt,"Los Angeles, CA",The West,2017–2023,V7 Neo-traditional and 'new outlaw' country,V,"A1343, A1317, A1372",Shooter Jennings; Margo Price,"Los Angeles outlaw-country singer drawing on her own jail time for candid songs about crime, addiction and queerness, later widening toward soul.",
Jake Xerxes Fussell,"Durham, NC",The Carolinas,2015–2024,V5 Rootsy indie folk,V,"A1137, A1143, A1147, A1153",William Tyler; James Elkington,"Durham interpreter who turns archival Southern folk and blues songs learned from field recordings into loosely played, warmly arranged indie folk.",
James Blackshaw,"London, UK","The UK, Ireland and Canada",2007,V8 American Primitive and solo guitar,V,A1409,Six Organs of Admittance,London fingerstyle guitarist whose cascading twelve-string pieces carried the Fahey-Basho raga lineage into orchestral minimalism.,
Jana Horn,"Austin, Texas",Texas and Oklahoma,2023–2026,C5 Twangy indie folk,Core,"A0241, A0311",Joan Shelley,"Austin songwriter making spare, dreamlike, near-silent folk built from repeating images and scalpel-precise lyric fragments.",Y
Jason Aldean,"Nashville, TN",The South,2010,"X1 Mainstream Nashville, countrypolitan to bro-country",Context,A2709,Colt Ford; Florida Georgia Line,Nashville mainstream country artist whose rap-cadenced 'Dirt Road Anthem' broke bro-country wide and set up the genre's next decade.,
Jason & the Scorchers,"Nashville, TN",The South,1982–1989,V14 Cowpunk and LA roots punk,V,"A1852, A1866, A1874, A1847",,"Nashville cowpunk band whose fusion of hardcore tempos and hard-country twang made them the loudest, fastest act of the cowpunk movement.",
Jason Boland & the Stragglers,"Harrah, OK",Texas and Oklahoma,1999,"X2 Red Dirt, Texas country, and arena Americana",Context,A2715,Cross Canadian Ragweed; Turnpike Troubadours,"Oklahoma outlaw-indebted band whose unpolished, fiddle-and-steel Pearl Snaps helped found the self-sustaining Red Dirt scene.",
Jason Isbell,"Nashville, TN",The South,2007–2025,V7 Neo-traditional and 'new outlaw' country,V,"A0926, A2855, A2856, A2862",Drive-By Truckers; Jason Isbell and the 400 Unit,"Muscle Shoals songwriter whose raw solo debut, written amid his Drive-By Truckers exit, bridged his Truckers years and later solo career.",
Jason Isbell and the 400 Unit,"Nashville, TN",The South,2009–2023,V7 Neo-traditional and 'new outlaw' country,V,"A2857, A2861, A0933, A2854",Jason Isbell; Drive-By Truckers,"Isbell's newly formed backing band continuing his three-guitar, story-song Southern rock just before his sound turned toward polished singer-songwriter records.",
Jason Molina,"Chicago, IL",Chicago and the Midwest,2004–2020,V1 Molina and the Magnolia circle,V,"A0812, A0789, A0795, A0806",Songs: Ohia; Magnolia Electric Co.; Will Johnson,"Chicago songwriter's hushed, stripped-back solo records under his own name, quieter counterparts to his full-band Magnolia Electric Co. work.",
Jason Molina and Will Johnson,"Chicago, IL / Denton, TX",Chicago and the Midwest,2009,V1 Molina and the Magnolia circle,V,A0802,Jason Molina; Centro-matic,"The only proper collaboration between two central Secretly Canadian songwriters, trading road-band roar for hushed acoustic duets shortly before Molina's death.",
Jay Farrar,"Belleville, IL",Chicago and the Midwest,2001,V9 No Depression and insurgent country,V,A1517,Uncle Tupelo; Son Volt,"Post-Uncle Tupelo songwriter whose first solo album, made during a Son Volt hiatus, loosened his insurgent-country template with hazier production.",
The Jayhawks,"Minneapolis, MN",Chicago and the Midwest,1986–2003,V9 No Depression and insurgent country,V,"A1443, A1454, A1471, A1488",,"Minneapolis band whose Olson-Louris harmonies defined a foundational alt-country sound, later splintering into darker, more experimental post-Olson records.",Y
JD Clayton,"Fort Smith, AR",Texas and Oklahoma,2023,X3 Big-tent Americana and stomp-clap folk,Context,A2732,Avett Brothers; JD Souther,"Fort Smith-to-Nashville songwriter making swampy, familiar country rock at the overlap of big-tent Americana and Southern songwriter tradition.",
Jean-Paul Sartre Experience,"Auckland, New Zealand",Australia and New Zealand,1993,V18 Flying Nun and Antipodean indie,V,A2130,the Clean; the 3Ds,"Auckland band whose hooky, chorus-pedal guitar pop, later licensed by Matador, pushed the Flying Nun sound toward noisier, shoegaze-adjacent layers.",
Jean Ritchie,"Viper, KY",The South,1952,R1 Roots,V,A2671,Bob Dylan; Fairport Convention,Appalachian ballad singer and dulcimer player whose plainly presented family repertoire fed directly into the 1960s folk revival.,
Jean Shepard,"Bakersfield, CA",The West,1966,"V26 Honky-tonk, Bakersfield, and hard country",V,A2493,Loretta Lynn,"Bakersfield-adjacent honky-tonk singer whose hard, unsentimental drinking-and-heartbreak songs made her an early model for women in the genre.",
Jeffrey Silverstein,"Portland, OR",The West,2023,C6 Cosmic country and the '70s revival,Core,A0438,Rose City Band; Barry Walker Jr.,Portland cosmic-country artist alternating expansive pedal-steel instrumentals with songs delivered in a deadpan pitched between Bill Callahan and Kurt Vile.,
Jeff Tweedy,"Chicago, IL",Chicago and the Midwest,2018–2025,V4 Roots-inflected 2000s indie,V,"A1079, A1083, A1087",Wilco; Loose Fur,"Wilco frontman's plain, family-band solo records built around acoustic guitar and his sons, quieter cousins to his main band's studio experimentation.",Y
Jellyfish,"San Francisco, CA",The West,1990–1993,"V17 Jangle and power pop, Big Star to GBV",V,"A2063, A2072",Matthew Sweet; the Posies,"San Francisco power-pop band building a maximalist, densely harmonized update of Beatles, Queen and Big Star pop across two cult-favorite albums.",
Jerry Garcia,"San Francisco / Marin County, CA",The West,1972–1976,V27 The Grateful Dead and California country-psych,V,"A2557, A2565",Grateful Dead; Jerry Garcia Band,"Grateful Dead guitarist's solo records, looser and stranger than his main band, introducing Hunter-Garcia songs that became permanent Dead live staples.",
Jerry Garcia Acoustic Band,"San Francisco / Marin County, CA",The West,1988,V27 The Grateful Dead and California country-psych,V,A2570,Grateful Dead; Old & In the Way,"Garcia's acoustic quintet running through old-time and bluegrass standards plus stripped-down Dead songs in a relaxed, porch-jam style.",
Jerry Garcia Band,"San Francisco / Marin County, CA",The West,1978,V27 The Grateful Dead and California country-psych,V,A2568,Grateful Dead; Merl Saunders,"Garcia's warm, groove-based Bay Area side band built on new Hunter-Garcia songs and soul and roots-rock textures rather than Dead-style jamming.",
Jerry Garcia / David Grisman,"San Francisco / Marin County, CA",The West,1991,V27 The Grateful Dead and California country-psych,V,A2571,Grateful Dead; Old & In the Way,Intimate acoustic guitar-and-mandolin studio duo reviving Garcia's bluegrass side and launching Grisman's Acoustic Disc label.,
Jerry Jeff Walker,"Austin, TX",Texas and Oklahoma,1968–1973,V24 Texas songwriters and progressive country,V,"A2383, A2397, A2390",Guy Clark; Ray Wylie Hubbard; Michael Martin Murphey; Willie Nelson,Folk troubadour turned Austin ringleader whose live ¡Viva Terlingua! became the defining document of the progressive-country cosmic-cowboy scene.,
Jerry Lee Lewis,"Nashville, TN",The South,1968,"V26 Honky-tonk, Bakersfield, and hard country",V,A2504,Johnny Cash; Carl Perkins,Rock and roll original who reinvented himself as a honky-tonk piano country artist after scandal ended his rockabilly career.,
Jess Cornelius,"Los Angeles, CA",The West,2024,C5 Twangy indie folk,Core,A0260,Teeth & Tongue,"Australian-American songwriter's plainspoken solo folk about caregiving and loss, a quieter turn from her earlier Melbourne indie-rock band.",
Jesse Daniel,"Santa Cruz, CA / Austin, TX",The West,2024,C3 New alt-country and honky-tonk bands,Core,A0107,,"California punk-scene-raised singer playing straight, DIY-revival honky-tonk about recovery and the road.",
Jesse Welles,"Fayetteville, AR",The South,2024,C2 Barroom storytellers and deadpan songwriters,Core,A0073,Ryan Davis; Colin Miller,Fayetteville songwriter turning viral topical folk songs into a Guthrie- and Prine-indebted deadpan protest album for the social-media era.,
Jesse Winchester,"Montreal, Quebec, Canada","The UK, Ireland and Canada",1970–1977,V25 Country-folk storytellers,V,"A2443, A2455, A2469",the Band; Robbie Robertson; Emmylou Harris,"Memphis-born draft-exile songwriter in Montreal whose plainspoken, homesick songs, produced by Robbie Robertson, tie directly to the Band's roots-rock lineage.",
Jessica Lea Mayfield,"Kent, OH",Chicago and the Midwest,2008–2011,V6 2000s–2010s alt-country,V,"A1212, A1234",Black Keys,"Ohio bluegrass-family teenager whose hushed, world-weary folk-country songwriting was given a fuzzier indie-rock edge by producer Dan Auerbach.",
Jessica Pratt,"Los Angeles, CA",The West,2015–2024,C5 Twangy indie folk,Core,"A0261, A0154, A0180",,"Los Angeles songwriter whose warbling, high-cracked-vibrato fingerstyle folk sits closer to Vashti Bunyan than to any twang scene.",
Jessica Risker,"Chicago, IL",Chicago and the Midwest,2018–2025,C5 Twangy indie folk,Core,"A0288, A0172",Tenci,"Chicago songwriter making delicate, minimal psych-folk vignettes that later widened into lush, ornate arrangements.",
Jessi Colter,"Nashville, TN",The South,1975–1977,V23 Outlaw country,V,"A2356, A2361, A2371",Waylon Jennings; Tompall Glaser,"Outlaw movement's most visible female voice, whose hushed, piano-based Nashville records sit closer to Laurel Canyon than her husband Waylon Jennings's road-band sound.",
Jess Williamson,"Austin, TX",Texas and Oklahoma,2014–2023,C6 Cosmic country and the '70s revival,Core,"A0439, A0378, A0401, A0150",Katie Crutchfield; Plains,Austin songwriter moving from spare early folk through Laurel Canyon-indebted cosmic country to her most Gram Parsons-indebted outlaw-adjacent record.,Y
Jim Ford,"Los Angeles, CA",The West,1969,V25 Country-folk storytellers,V,A2436,,Los Angeles songwriter blending country storytelling with soul and funk on a groove-driven album that flopped commercially but was covered by Aretha Franklin and Bobby Womack.,
Jim Lauderdale,"Nashville, TN",The South,1991–1998,V13 Americana songwriters before the label,V,"A1780, A1798, A1819",George Strait; Dixie Chicks; Patty Loveless,Nashville songwriter whose acclaimed but commercially ignored honky-tonk records became hidden cornerstones of alt-country while his songs were covered by mainstream stars.,
Jimmie Dale Gilmore,"Lubbock, TX",Texas and Oklahoma,1988–1996,V13 Americana songwriters before the label,V,"A2421, A1781, A2423, A1789",the Flatlanders; Joe Ely; Butch Hancock,Lubbock songwriter with an uncanny high-lonesome voice whose honky-tonk records grew increasingly meditative and atmospheric across his Elektra years.,
Jimmie Rodgers,"Meridian, MS",The South,1997,R1 Roots,V,A2699,,"The 'Father of Country Music,' whose blue-yodel fusion of blues and hobo-song storytelling set the mold country and folk singers kept returning to.",
Jim O'Rourke,"Chicago, IL",Chicago and the Midwest,1997–2001,V2 Drag City deadpan school,V,"A1403, A0852, A0859",Gastr del Sol; Sonic Youth; Jeff Tweedy; John Fahey,"Chicago experimentalist known for Gastr del Sol and Sonic Youth turning to finely arranged, wryly plainspoken chamber pop and Fahey-tribute guitar instrumentals.",
Joanna Newsom,"Nevada City, CA",The West,2004–2006,"X5 Chamber, baroque, and freak folk",Context,"A2749, A2743",,"Nevada City harpist whose eccentric vocal delivery and dense wordplay moved from lo-fi debut to maximalist, Van Dyke Parks-orchestrated art-song.",
Joan Shelley,"Louisville, KY",The South,2014–2025,C5 Twangy indie folk,Core,"A0163, A0181, A0216, A0289",Nathan Salsburg; Jana Horn; Jeff Tweedy,"Louisville songwriter whose patient, plain-voiced fingerpicked folk on the No Quarter label grew steadily warmer and more assured over a decade-plus run.",
Jobi Riccio,"Nashville, TN",The South,2023,C3 New alt-country and honky-tonk bands,Core,A0104,,Nashville songwriter whose pedal-steel-and-fiddle debut mixes coming-of-age intimacy with recognizably country arrangements.,
Joe Ely,"Lubbock, TX",Texas and Oklahoma,1977–1988,V24 Texas songwriters and progressive country,V,"A2407, A2411, A2415, A2418",the Flatlanders; Butch Hancock; Jimmie Dale Gilmore; Lloyd Maines,"Lubbock rock-tempo songwriter whose hard-driving West Texas honky-tonk was toughened by a real Clash tour, bridging progressive country and UK punk.",
Joe Glass,"Rockford, IL / Chicago, IL",Chicago and the Midwest,2022–2026,"C7 Slacker, jangle, and power-pop revival",Core,"A0605, A0673",Sharp Pins; Kai Slater; Lifeguard,"Rockford/Chicago power-pop songwriter mixing Nuggets-style garage and '90s indie jangle into hooky, telecaster-driven rockers.",Y
Joe Henry,"Los Angeles, CA",The West,1992–1999,V13 Americana songwriters before the label,V,"A1786, A1790, A1809, A1825",the Jayhawks,"Los Angeles songwriter whose Jayhawks-backed alt-country records gave way to increasingly experimental, beat-driven production over the 1990s.",
Joe Pug,"Chicago, IL",Chicago and the Midwest,2010–2012,V6 2000s–2010s alt-country,V,"A1227, A1243",,"Chicago folk singer whose spare, Dylan- and Guthrie-indebted, image-heavy songwriting widened into fuller band arrangements without losing its urgent delivery.",
Johanna Samuels,"Los Angeles, CA",The West,2026,C6 Cosmic country and the '70s revival,Core,A0483,,"Los Angeles songwriter working wry, deadpan confessional folk and loose country rock in the Drag City tradition.",
John Anderson,"Nashville, TN",The South,1982,"V26 Honky-tonk, Bakersfield, and hard country",V,A2547,George Strait; Randy Travis,"Nashville traditionalist whose hard, Haggard-indebted commercial peak helped set up the 1980s neo-traditionalist country movement.",
John Andrews & the Yawns,"Hudson Valley, NY",The Northeast,2021–2026,C6 Cosmic country and the '70s revival,Core,"A0412, A0484",Woods; Cut Worms; Quilt; Little Wings,"Woods/Woodsist scene veteran leading loose, sunny, ramshackle country-folk records recorded at his Hudson Valley farmhouse.",Y
John Cale,"New York, NY",The Northeast,1970–1973,V29 Velvet Underground and proto-indie,V,"A2618, A2624",Velvet Underground,"Velvet Underground alumnus whose solo records traded the band's drone for concise, classically arranged baroque and orchestral pop songcraft.",
John Fahey,"Takoma Park, MD",The South,1959–1997,V8 American Primitive and solo guitar,V,"A1388, A1393, A1389, A1395",Robbie Basho; Leo Kottke; Jack Rose; Jim O'Rourke,"Takoma Park guitarist who founded American Primitive solo fingerstyle guitar, evolving from hymn-and-blues instrumentals to tape-collage experiments and late-career noise.",
John Hiatt,"Nashville, TN",The South,1987–1988,V13 Americana songwriters before the label,V,"A1770, A1773",Ry Cooder; Nick Lowe,"Nashville roots-rock songwriter whose sober, Ry Cooder-and-Nick Lowe-backed comeback record became a foundational 1980s Americana text.",
John Martyn,"London, England","The UK, Ireland and Canada",1971–1973,V30 British folk rock (selective),V,"A2663, A2656",Nick Drake; Danny Thompson,London folk guitarist whose tape-echo-treated acoustic playing and jazz-inflected phrasing peaked on a record built around an elegy for Nick Drake.,
John Mellencamp,"Bloomington, IN",Chicago and the Midwest,1985,X7 Heartland rock,Context,A2769,,"Bloomington heartland rocker whose fiddle-and-mandolin-inflected farm-crisis record brought roots consciousness to jangly, politically engaged rock.",
John Moreland,"Tulsa, OK",Texas and Oklahoma,2013–2022,V3 Southern storytelling rock,V,"A0953, A0962, A0966, A0974",Drive-By Truckers,"Tulsa songwriter whose plainspoken, weathered-baritone acoustic songs about working-class Oklahoma life grew fuller before turning deliberately more atmospheric.",
Johnny Blue Skies,"Nashville, TN",The South,2024,V7 Neo-traditional and 'new outlaw' country,V,A1380,Sturgill Simpson,"Sturgill Simpson's new alias for a pedal-steel-and-yacht-rock record about touring exhaustion, continuing his genre-roaming outlaw arc.",
Johnny Bush,"San Antonio, TX",Texas and Oklahoma,1973,"V26 Honky-tonk, Bakersfield, and hard country",V,A2527,Willie Nelson,San Antonio honky-tonk singer and former Willie Nelson drummer whose original recording of 'Whiskey River' became Nelson's concert-opening theme.,
Johnny Cash,"Nashville, TN",The South,1957–1970,"V26 Honky-tonk, Bakersfield, and hard country",V,"A2677, A2485, A2488, A2505",Bob Dylan,"Memphis-to-Nashville icon whose stripped-down boom-chicka-boom sound and storytelling concept records set the plainspoken, outsider-empathy template for outlaw country.",
Johnny Paycheck,"Nashville, TN",The South,1976–1981,V23 Outlaw country,V,"A2372, A2362, A2382",David Allan Coe; George Jones; Merle Haggard,"Billy Sherrill-produced Nashville singer whose gritty, hard-country voice carried the working-class outlaw hit 'Take This Job and Shove It.'",
John Prine,"Maywood, IL",Chicago and the Midwest,1971–2018,V25 Country-folk storytellers,V,"A2447, A2463, A2470, A2473",Steve Goodman; Iris DeMent; David Berman; MJ Lenderman,"Maywood, Illinois songwriter whose dry, funny-sad character studies set the deadpan template that runs from David Berman to MJ Lenderman.",Y
Jolie Holland,"San Francisco, CA",The West,2004–2006,V5 Rootsy indie folk,V,"A1098, A1102",Be Good Tanyas,"San Francisco songwriter and Be Good Tanyas co-founder whose loose, blues- and old-time-inflected phrasing recalls Billie Holiday filtered through folk song forms.",
Jonathan Richman,"Boston, MA",The Northeast,1992,V29 Velvet Underground and proto-indie,V,A2640,Velvet Underground; Jonathan Richman and the Modern Lovers,"Boston songwriter whose deadpan, drone-rock-turned-radically-simple catalog directly influenced lo-fi and slacker indie acts who claimed him as patron saint.",
Jonathan Richman and the Modern Lovers,"Boston, MA",The Northeast,1976–1979,V29 Velvet Underground and proto-indie,V,"A2630, A2632, A2635",Jonathan Richman; Velvet Underground,"Richman's post-Velvets band stripping electric drone down to deliberately simple, sincere, almost childlike rock and roll.",
Jonathan Wilson,"Los Angeles, CA",The West,2011–2020,C6 Cosmic country and the '70s revival,Core,"A0331, A0340, A0402, A0379",David Crosby; Graham Nash; Wilco; Dawes,"Los Angeles producer-auteur whose Laurel Canyon studio recreates the Crosby, Stills & Nash and Neil Young country-rock sound of the neighborhood's golden age.",
Joni Mitchell,"Los Angeles, CA",The West,1971–1976,X13 Laurel Canyon and '70s soft rock,Context,"A2833, A2836, A2840",Jackson Browne; Linda Ronstadt,Laurel Canyon songwriter whose confessional folk records set an emotional-honesty template that ran forward into mainstream singer-songwriter pop and jazz fusion.,
Jon Langford,"Chicago, IL",Chicago and the Midwest,1998,V9 No Depression and insurgent country,V,A1502,the Mekons; Waco Brothers,Mekons and Waco Brothers founder whose first solo record extended his punk-meets-country songwriting into autobiographical Welsh territory.,
Jon McKiel,"Baie Verte, New Brunswick, Canada","The UK, Ireland and Canada",2020–2024,"C7 Slacker, jangle, and power-pop revival",Core,"A0579, A0637",,Maritime Canada songwriter blending hushed fingerpicked songwriting with warped found-sound textures in ongoing collaboration with producer Jay Crocker.,
Jonny Fritz,"Nashville, TN",The South,2011–2025,V6 2000s–2010s alt-country,V,"A1235, A1248, A0054, A0078",Andrew Combs; Caitlin Rose,"Nashville songwriter (formerly Jonny Corndawg) whose deadpan, Prine-descended comic country songwriting grew increasingly idiosyncratic and synth-inflected.",
Jo Schornikow,"Los Angeles, CA",The West,2022,C5 Twangy indie folk,Core,A0215,Jenny Lewis; Phosphorescent,"Former touring keyboardist turned solo songwriter making slow-building, emotionally direct piano-led songs.",
Josh Bolin,"New York, NY",The Northeast,2019,C6 Cosmic country and the '70s revival,Core,A2913,,"New York songwriter making warm, unhurried cosmic-Americana in the Gram Parsons/Laurel Canyon-descended lineage on a compact debut EP.",
Josh Halper,"Nashville, TN",The South,2020–2025,C2 Barroom storytellers and deadpan songwriters,Core,"A0060, A0079",,"Nashville songwriter mixing wry self-reflection and intricate fingerpicking in a wordy, self-deprecating singer-songwriter vein.",
Josh Ritter,"Moscow, ID",The Northeast,2002–2006,V5 Rootsy indie folk,V,"A1103, A1093",Bon Iver; Iron & Wine,"Moscow, Idaho-raised songwriter whose plainspoken, Guthrie- and Dylan-indebted story-songs widened into a full-band, politically engaged breakthrough.",
Joshua Hedley,"Nashville, TN",The South,2018–2025,V7 Neo-traditional and 'new outlaw' country,V,"A1327, A1362, A0114",Zephaniah OHora,"Former Robert's Western World house fiddler making note-perfect, classicist Nashville Sound countrypolitan pastiche before shifting toward rowdier honky-tonk.",
Joshua Ray Walker,"Dallas, TX",Texas and Oklahoma,2019–2021,V7 Neo-traditional and 'new outlaw' country,V,"A1333, A1344, A1351",Vincent Neil Emerson,"Dallas honky-tonk songwriter whose cracked, near-yodeling falsetto carries compassionate character studies of the city's working-class fringes.",
Joyer,"Philadelphia, PA / Brooklyn, NY",The Northeast,2025,C8 Modern slowcore and hushed twang,Core,A0725,Horse Jumper of Love; villagerrr,Philadelphia/Brooklyn brothers dialing back their shoegaze leanings toward pastoral twang and spidery rock songs.,
JP Harris,"Nashville, TN",The South,2024,C3 New alt-country and honky-tonk bands,Core,A0108,JP Harris and the Tough Choices; Dreadful Wind and Rain,"Nashville honky-tonker and clawhammer banjoist whose Bloodshot debut is self-aware, satirical country songwriting after years in old-time side projects.",
Julia Jacklin,"Melbourne, Australia",Australia and New Zealand,2016–2022,C5 Twangy indie folk,Core,"A0182, A0217, A0161",Maple Glider; Stella Donnelly,Melbourne songwriter whose plainspoken alto and twang-tinged arrangements moved from coming-of-age folk-country to her most overtly country-inflected record.,Y
Julia Lucille,"Austin, TX",Texas and Oklahoma,2017,C5 Twangy indie folk,Core,A0164,Rae Fitzgerald; Erin Durant,"Austin songwriter making hushed, minor-key indie folk of finger-picked guitar and airy, wavering vocals circling grief.",
Julie Byrne,"New York, NY",The Northeast,2014–2023,V5 Rootsy indie folk,V,"A1144, A1154, A1134",,"Chicago-then-New-York songwriter whose spare, unaccompanied fingerpicked folk grew warmer with synth touches before turning into an explicit elegy for her late partner.",
Julie Doiron,"Moncton, New Brunswick","The UK, Ireland and Canada",1997–2001,V12 Slowcore and sadcore,V,"A1737, A1752",Eric's Trip; Early Day Miners,"Former Eric's Trip bassist whose quiet, unhurried solo records carry lo-fi Canadian intimacy into a homespun, slowcore-adjacent register.",
Julie Miller,"Nashville, TN",The South,1997–1999,V13 Americana songwriters before the label,V,"A1814, A1826",Buddy Miller; Emmylou Harris; Dave Alvin; Jim Lauderdale,"Nashville songwriter whose move from Christian music into secular Americana produced fragile, intimate records covered by Emmylou Harris and the Chicks.",
Justin Townes Earle,"Nashville, TN",The South,2008–2019,V6 2000s–2010s alt-country,V,"A1213, A1228, A1282, A1220",Steve Earle; Lydia Loveless,"Steve Earle's son, whose fingerpicked, pre-rock-and-roll country songwriting deepened from Bloodshot-era Southern storytelling into broader, more political late work.",
Kacey Johansing,"San Francisco, CA",The West,2023,C6 Cosmic country and the '70s revival,Core,A0440,Anna St. Louis; Jess Williamson,"San Francisco songwriter making gentle, soft-focus folk-pop songs about distance, homecoming and long friendship.",
Kacey Musgraves,"Golden, TX",Texas and Oklahoma,2013–2018,X12 Pop and indie artists' country turns,Context,"A2822, A2821",,"Golden, Texas mainstream country artist whose wry, pedal-steel songwriting pivoted from critics'-favorite debut into disco-shimmered pop-crossover success.",
Kacy & Clayton,"Glentworth, Saskatchewan","The UK, Ireland and Canada",2017–2020,C6 Cosmic country and the '70s revival,Core,"A0367, A0389, A0092",Jeff Tweedy; Marlon Williams,"Saskatchewan cousins whose antique folk repertoire and close harmonies edged, with Jeff Tweedy's help, toward breezy Laurel Canyon-style country rock.",
Kaitlin Butts,"Nashville, TN",The South,2022–2024,V7 Neo-traditional and 'new outlaw' country,V,"A1381, A1363",Turnpike Troubadours,"Nashville country artist whose polished, traditionalist-streaked songwriting sits between neo-traditional revival and Red Dirt/Texas-country crossover.",
Kara Jackson,"Oak Park, IL",Chicago and the Midwest,2023,C5 Twangy indie folk,Core,A0242,Free Range; Jessica Risker; Hannah Frances,"Oak Park poet-songwriter whose grief-steeped debut mixes impressionistic short tunes with long, spacious stretches.",
Karen Dalton,"New York, NY",The Northeast,1969–1971,V25 Country-folk storytellers,V,"A2437, A2448",,"Greenwich Village folk-scene fixture whose cracked, elastic-voiced interpretations of other writers' songs became a major touchstone for 2000s indie folk.",
Karima Walker,"Tucson, AZ",The West,2021,C5 Twangy indie folk,Core,A0198,,"Tucson artist blending Americana-tinged songwriting with ambient sound design of synthesizer, tape loops and field recordings.",
The Karl Hendricks Trio,"Pittsburgh, PA",The Northeast,1996–1998,V10 Slacker and '90s indie rock,V,"A1575, A1598",Superchunk; Butterglory,"Pittsburgh trio's wordy, self-lacerating bar-band rock brought confessional, sarcastic songwriting into the 1990s Merge Records indie-rock conversation.",
Kassi Valazza,"Portland, OR",The West,2023–2025,C5 Twangy indie folk,Core,"A0290, A0243",Erin Rae; Le Ren,"Southwestern-raised, Portland-based songwriter whose Karen Dalton-inspired vocals and psychedelic guitar sit in the Joni Mitchell/Sandy Denny country-folk lineage.",
Kate Bollinger,"Charlottesville, VA / Los Angeles, CA",The South,2024,C6 Cosmic country and the '70s revival,Core,A0454,Sam Evian; Matthew E. White,"Charlottesville/LA songwriter whose kaleidoscopic debut ranges from homespun folk to warmly psychedelic, Laurel Canyon-adjacent pop.",
Kathleen Edwards,"Ottawa, ON","The UK, Ireland and Canada",2003–2012,V6 2000s–2010s alt-country,V,"A1175, A1214, A1189, A1244",Lucinda Williams; Neko Case; Justin Vernon,"Ottawa songwriter whose plainspoken, Lucinda Williams-indebted alt-country grew more polished, ambitious and eventually indie-folk before she stepped away from music.",
Katy Kirby,"Nashville, TN (via Austin)",Texas and Oklahoma,2021–2024,C5 Twangy indie folk,Core,"A0199, A0262",,"Nashville-via-Austin songwriter making sparkling, precisely arranged indie folk-pop that grew more confident and searching.",
k.d. lang,"Consort, Alberta, Canada","The UK, Ireland and Canada",1988,V19 1980s country rebels,V,A2165,,"Alberta singer's detour into Patsy Cline-style countrypolitan torch balladry, produced by Nashville Sound architect Owen Bradley, spelled out her classic-country lineage.",
k.d. lang and the Reclines,"Consort, Alberta, Canada","The UK, Ireland and Canada",1987–1989,V19 1980s country rebels,V,"A2168, A2159",,lang's Alberta cowpunk beginnings fused with torch-song polish across records that won a Grammy before her 1990s pop crossover.,
Kelly Hogan and the Pine Valley Cosmonauts,"Chicago, IL",Chicago and the Midwest,2000,V9 No Depression and insurgent country,V,A1515,Jon Langford; Waco Brothers; Robbie Fulks,"Chicago vocalist backed by Jon Langford's rotating ensemble on warm, classic-country arrangements showcasing her clear alto.",
Kelly Willis,"Austin, TX",Texas and Oklahoma,1990–2007,V6 2000s–2010s alt-country,V,"A1827, A2172, A1167, A1206",Alejandro Escovedo; Dwight Yoakam; Bruce Robison,"Austin singer whose clear, unaffected voice moved from major-label neotraditional honky-tonk to independently made, critically defining alt-country.",
Kelsey Waldon,"Monkey's Eyebrow, KY",Chicago and the Midwest,2014–2022,V6 2000s–2010s alt-country,V,"A1283, A1254, A1268, A1364",Margo Price; John Prine,Western Kentucky honky-tonk traditionalist whose twang-forward East Nashville records led to a personal signing by John Prine's Oh Boy Records.,
Ken Pomeroy,"Tulsa, OK",Texas and Oklahoma,2025,C3 New alt-country and honky-tonk bands,Core,A0115,John Moreland; Sturgill Simpson,"Tulsa songwriter whose stripped-back, autobiographical contemporary folk-country draws on her Cherokee heritage and coming-of-age stories.",Y
Kevin Copeland,"Burlington, VT","Burlington, Vermont",2026,C1 Indie twang / yallternative,Core,A0045,Hannah Frances; Allegra Krieger; Lily Seabird; Greg Freeman; Florry,"Vermont producer stepping out solo with punchy, twangy pop-rock and folk after years producing other Northeast indie-folk artists.",
Kevin Morby,"Kansas City, MO",Chicago and the Midwest,2013–2026,C6 Cosmic country and the '70s revival,Core,"A0359, A0426, A0341, A0346",Woods,"Kansas City songwriter whose catalog moved from Woods-adjacent lo-fi drone through orchestrated, Dead- and Parsons-indebted cosmic country.",Y
Kevin Welch,"Nashville, TN",Texas and Oklahoma,1990,V13 Americana songwriters before the label,V,A1776,Kieran Kane,"Nashville songwriter whose plainspoken, guitar-driven records sat between mainstream radio and coming alt-country before he co-founded the independent Dead Reckoning label.",
Kiely Connell,"Nashville, TN",Chicago and the Midwest,2026,C3 New alt-country and honky-tonk bands,Core,A0121,Tommy Goodroad,"Indiana-raised, Nashville-based songwriter making sparse, intimate alt-country steeped in Midwestern small-town detail.",
Kieran Kane,"Nashville, TN",The South,1993,V13 Americana songwriters before the label,V,A1791,Kevin Welch,Former O'Kanes duo member whose starker acoustic solo turn pointed toward the independent Dead Reckoning label he co-founded with Kevin Welch.,
Killbuck,"Canton, OH",Chicago and the Midwest,2017,C2 Barroom storytellers and deadpan songwriters,Core,A2914,,"Canton, Ohio band recording raspy, tape-hiss 'son-rock' heartland Americana about family friction and dead-end towns, cut live to cassette in a cabin.",
Kingfish,"San Francisco / Marin County, CA",The West,1976,V27 The Grateful Dead and California country-psych,V,A2566,Grateful Dead; New Riders of the Purple Sage,"Bay Area bar band featuring Bob Weir as a full member during a Grateful Dead touring break, mixing blues-rock shuffles with loose twangy guitar interplay.",
King Tuff,"Brattleboro, VT",The Northeast,2023,"C7 Slacker, jangle, and power-pop revival",Core,A0620,,"Garage-glam lifer Kyle Thomas whose latest record traded fuzzed riffs for dreamier, synth-dusted power pop with a cosmic-country glow.",
Kinky Friedman,Texas Hill Country,Texas and Oklahoma,1973–1974,V24 Texas songwriters and progressive country,V,"A2398, A2400",Willie Nelson; Waylon Jennings; John Prine,"Texas Jewboys frontman whose satirical outlaw country mixed broad comedy with genuinely dark political songwriting, anticipating the later deadpan school.",
Kitchen,"Rochester, NY",The Northeast,2025,"C7 Slacker, jangle, and power-pop revival",Core,A2915,,"Rochester, New York bedroom-pop project of James Keegan making sprawling, home-recorded, conversational slacker songwriting closer to lo-fi indie rock than country twang.",
kitship,"Chicago, IL",Chicago and the Midwest,2026,"C7 Slacker, jangle, and power-pop revival",Core,A0674,,Chicago project's low-key acoustic singer-songwriter fare and understated lo-fi indie rock ties into the city's current DIY guitar-pop scene.,
Kitty Wells,"Nashville, TN",The South,1956–1961,R1 Roots,V,"A2673, A2480",Patsy Cline; Loretta Lynn; Tammy Wynette; Jean Shepard,"Nashville's first major female honky-tonk star, whose answer-song hit cleared the commercial path for every woman singing hard country after her.",
Kiwi Jr.,"Toronto, Canada","The UK, Ireland and Canada",2020–2022,"C7 Slacker, jangle, and power-pop revival",Core,"A0580, A0593, A0606",,"Toronto band sharpening Pavement- and Guided by Voices-descended jangle into wry, hooky sardonic indie rock across a run of Sub Pop records.",Y
klark sound,"New York, NY",The Northeast,2025,C5 Twangy indie folk,Core,A0291,,"Stripped-back, conversational solo record recorded in three days, a pristine croon over spare acoustic arrangements.",
The Knack,"Los Angeles, CA",The West,1979,"V17 Jangle and power pop, Big Star to GBV",V,A2037,,"LA power-pop band whose ""My Sharona""-driven debut became a genuine chart phenomenon before a backlash pushed the genre underground.",
The Knitters,"Los Angeles, CA",The West,1985,V14 Cowpunk and LA roots punk,V,A1867,X; The Blasters,"X and Blasters side-project supergroup stripping cowpunk to acoustic honky-tonk-and-folk bones, playing punk musicians' favorite country records straight.",
Kris Kristofferson,"Nashville, TN",The South,1970–1974,V23 Outlaw country,V,"A2334, A2336, A2338, A2348",Waylon Jennings; Billy Joe Shaver,"Nashville songwriter whose literary, plainspoken debut supplied the outlaw movement's songwriting backbone before his own limited voice found an audience.",
Kristin Hersh,"Providence, RI",The Northeast,1994,V12 Slowcore and sadcore,V,A1716,Throwing Muses; Red House Painters,"Throwing Muses frontwoman whose stripped-back acoustic solo debut lands close to sadcore's hushed, confessional intimacy.",
Kurt Vile,"Philadelphia, PA",Philadelphia,2008–2022,"C7 Slacker, jangle, and power-pop revival",Core,"A0499, A0511, A0493, A0530",the War on Drugs; Courtney Barnett,"Philadelphia slacker guitarist whose hazy, Pavement- and Crazy Horse-indebted fingerpicked drone grew from lo-fi bedroom tapes into widescreen, meditative records.",Y
Kurt Vile & Courtney Barnett,"Philadelphia, PA / Melbourne, Australia",Philadelphia,2017,"C7 Slacker, jangle, and power-pop revival",Core,A0548,Kurt Vile; Courtney Barnett,"A loose, conversational duets record pairing American slacker-guitar drawl with Australian deadpan songwriting wit.",
Lainey Wilson,"Nashville, TN",The South,2022,"X1 Mainstream Nashville, countrypolitan to bro-country",Context,A2713,Luke Combs; Morgan Wallen,"Nashville mainstream country artist whose rock-leaning, 1970s-steel breakthrough sold a 'bell bottom country' persona alongside its sound.",
lake j,"Chicago, IL",Chicago and the Midwest,2024,"C7 Slacker, jangle, and power-pop revival",Core,A0638,Twin Peaks,"Twin Peaks guitarist Cadien Lake James's solo project trades his main band's raw garage-pop for glimmering, tastefully electronic jangle-pop.",
Lambchop,"Nashville, TN",The South,2000–2012,V4 Roots-inflected 2000s indie,V,"A0988, A1067, A0993, A1018",Vic Chesnutt,"Kurt Wagner's sprawling Nashville collective fusing orchestral countrypolitan arrangements with deadpan, murmured indie-rock songwriting ambitions.",Y
Lamplight,"Brooklyn, NY",The Northeast,2024,C5 Twangy indie folk,Core,A0263,Kevin Copeland; Lightning Bug,Brooklyn songwriter Ian Hatcher-Williams' pastoral folk-rock debut made intricate by Kevin Copeland's dreamlike production.,
Larkin Poe,"Nashville, TN",The South,2018–2022,X11 Modern Southern rock,Context,"A2814, A2820",,"Nashville sister duo pushing Southern slide-guitar rock toward heavier, arena-scaled, Grammy-recognized blues-rock over two albums.",
Larry Jon Wilson,"Swainsboro, GA",The South,1975,V28 Southern rock and country soul,V,A2597,Tony Joe White; John Prine,"Self-taught Georgia guitarist whose plainspoken, spoken-word-adjacent country-soul storytelling shares Monument Records roots with Tony Joe White.",
Laura Marling,"London, England","The UK, Ireland and Canada",2008–2010,V5 Rootsy indie folk,V,"A1119, A1111",,"London songwriter whose fingerpicked, folk-club debut in the mid-2000s nu-folk scene matured into a more classic Anglo-American folk-revival voice.",
Laura Veirs,"Portland, OR",The West,2004–2010,V5 Rootsy indie folk,V,"A1120, A1099, A1101",Laura Gibson; Damien Jurado,"Portland songwriter whose plainspoken, nature-and-geology-inflected fingerpicked folk grew fuller and more melodically direct across her Pacific Northwest catalog.",
Lawn,New Orleans,The South,2020–2025,"C7 Slacker, jangle, and power-pop revival",Core,"A0658, A0581, A0608",Dazy; 2nd Grade; Mo Troper,"New Orleans duo splitting breezy power-pop hooks with nervy post-punk edges across an evolving, increasingly confident catalog.",Y
Lead Belly,"Shreveport, LA",The South,1996,R1 Roots,V,A2697,,"Twelve-string songster whose immense repertoire of blues, work and prison songs, first documented by folklorists, became foundational folk-revival material.",
The Leaving Trains,"Los Angeles, CA",The West,1984,V15 Paisley Underground,V,A1897,The Gun Club; Green on Red; Rain Parade,"Falling James's chaotic LA band played scrappier garage-punk than its Paisley Underground peers, thickened by guest musicians from that scene.",
Lee Baggett,"West Coast, CA",The West,2024,C6 Cosmic country and the '70s revival,Core,A0455,Little Wings; Kyle Field,"West Coast lifer and Little Wings collaborator making crunchy, warm Crazy Horse-style rock with snaking guitar solos.",
Lee Bains III & the Glory Fires,"Birmingham, AL",The South,2012–2022,V3 Southern storytelling rock,V,"A0959, A0946, A0967, A0978",Drive-By Truckers; the Dexateens,"Birmingham, Alabama band playing harmonized three-guitar Southern rock at punk volume, confronting the region's racism more directly than most of the scene.",
Lee Clayton,"Nashville, TN",The South,1973–1979,V23 Outlaw country,V,"A2343, A2375, A2381",Waylon Jennings; the Highwaymen,"Nashville songwriter whose title track 'Ladies Love Outlaws' helped name the outlaw-country movement, more influential than commercially successful.",
Lee Hazlewood,"Los Angeles, CA",The West,1963–1972,V25 Country-folk storytellers,V,"A2444, A2429, A2449, A2457",Nancy Sinatra,Los Angeles songwriter whose narrated concept albums about fictional towns and breakups pioneered storytelling-through-song-cycle format and Cosmic American Music.,
Lefty Frizzell,"Corsicana, TX",Texas and Oklahoma,1997,R1 Roots,V,A2700,Merle Haggard; George Strait,"Corsicana, Texas honky-tonker whose loose, sliding vocal phrasing became one of the most imitated styles in country music.",
The Lemonheads,"Boston, MA",The Northeast,1987–1993,V16 American underground and college rock,V,"A2012, A1527, A1980, A1997",,"Evan Dando's band evolved from teenage Boston hardcore-pop into sun-warmed, concise slacker-pop that defined mid-1990s college-radio guitar rock.",
Leo Kottke,"Minneapolis, MN",Chicago and the Midwest,1969,V8 American Primitive and solo guitar,V,A1397,John Fahey,"Minneapolis fingerstyle guitarist whose fast, percussive Takoma debut brought a bluegrass-influenced attack to American Primitive guitar.",
Le Ren,"Montreal, Canada","The UK, Ireland and Canada",2021,C5 Twangy indie folk,Core,A0200,Tenci,"Montreal songwriter Lauren Spear's hushed, plainspoken folk debut in a lineage running from Gillian Welch by way of Joni Mitchell.",
Let's Active,"Winston-Salem, NC",The Carolinas,1984–1986,"V17 Jangle and power pop, Big Star to GBV",V,"A2051, A2056",R.E.M.,"Winston-Salem band led by producer Mitch Easter, extending his R.E.M.-era Drive-In Studio jangle-pop sound into chamber-pop and college-rock records.",
Levon Helm,"Woodstock, NY",The Northeast,2007–2009,V22 Dylan and The Band,V,"A2328, A2329",the Band,"The Band's drummer, whose comeback solo records revived old-time murder ballads and Southern folk before turning into full electric, horn-driven roots rock.",
Leyla McCalla,"New Orleans, LA",The South,2022,"X4 Bluegrass, old-time, and newgrass",Context,A2739,,New Orleans songwriter applying old-time clawhammer banjo technique to Haitian Creole storytelling about her Haitian-American identity.,
Liam Kazar,"Chicago, IL",Chicago and the Midwest,2021–2025,C6 Cosmic country and the '70s revival,Core,"A0413, A0472",Jeff Tweedy; Steve Gunn; Kevin Morby,"Chicago sideman-turned-solo artist making joyful, unhurried pedal-steel rock after years touring with Jeff Tweedy and Steve Gunn.",Y
Lily Seabird,Burlington,"Burlington, Vermont",2024–2026,C5 Twangy indie folk,Core,"A0264, A0292, A0312",Fust; Charlie Hill; Dari Bay,"Burlington, Vermont songwriter whose voice swings from whisper to shriek over muscular guitars in a mix of hushed verses and full-throated rock.",Y
Linda Ronstadt,"Los Angeles, CA",The West,1974–1977,X13 Laurel Canyon and '70s soft rock,Context,"A2837, A2842",,"Los Angeles singer whose powerhouse voice and Laurel Canyon studio band made her the model for polished, interpretive country-rock covers.",
Lindsay Reamer,"Philadelphia, PA",Philadelphia,2024,C5 Twangy indie folk,Core,A0265,,"Philadelphia songwriter whose lived-in folk-rock debut draws on years working as a field scientist, mixing acoustic guitar with occasional synths.",
Liquid Mike,"Marquette, MI",Chicago and the Midwest,2023,"C7 Slacker, jangle, and power-pop revival",Core,A0621,,"Marquette, Michigan band cramming dense, hooky power pop with a Midwestern punk snap into brief, breathless songs.",
Lisa Germano,"New Albany, IN",Chicago and the Midwest,1994–1996,V12 Slowcore and sadcore,V,"A1717, A1730",Red House Painters; Tarnation,"Former John Mellencamp touring violinist whose fragile, whispery, string-laden home-recorded records place her in 4AD's American sadcore wing.",
Little Feat,"Los Angeles, CA",The West,1971–1978,V28 Southern rock and country soul,V,"A2587, A2609, A2580, A2583",,"Los Angeles band led by Lowell George that moved from wry roots-rock into New Orleans-funk-inflected Southern rock, later captured on a landmark live album.",
Little Kid,"Toronto, Ontario","The UK, Ireland and Canada",2024,C8 Modern slowcore and hushed twang,Core,A0716,Friendship; hemlock,"Toronto songwriter Kenny Boothby's project setting an urgent, soft-spoken voice against intimate, slow-tempo songs with jazz touches.",
Little Mazarn,"Austin, TX",Texas and Oklahoma,2025,C8 Modern slowcore and hushed twang,Core,A0726,hemlock; Lomelda,Austin trio pairing Lindsey Verrill's singing saw and heart-opening vocals with primitive-folk origins expanding into bombastic drums and dissonant synths.,
Liz Cooper,Vermont (formerly Nashville),"Burlington, Vermont",2026,"C7 Slacker, jangle, and power-pop revival",Core,A0675,,"Former jam/psych-rock guitarist whose latest record trades her band's jam-guitar sound for a crisper, Beck-inspired indie-pop.",Y
Liz Phair,"Chicago, IL",Chicago and the Midwest,1993–1994,V10 Slacker and '90s indie rock,V,"A1537, A1552",,"Chicago songwriter whose blunt, deadpan-sung home-recorded debut, conceived as a song-by-song response to Exile on Main St., widened indie rock for candid female songwriters.",
Lizzie No,"New York, NY",The Northeast,2024,C3 New alt-country and honky-tonk bands,Core,A0109,,"New York songwriter whose genre-fluid, pedal-steel-warmed concept album grew out of the Cosmic Country Showcase circuit she co-hosts.",
Local Superstar,"Savannah, GA",The South,2024,C1 Indie twang / yallternative,Core,A2916,,"Savannah, Georgia project recorded at Asheville's Drop of Sun Studios, making loose, road- and drinking-song-flavored alt-country-leaning indie rock.",
Lomelda,"Silsbee, TX",Texas and Oklahoma,2017–2020,C8 Modern slowcore and hushed twang,Core,"A0692, A0685, A0691",hemlock; Little Mazarn,"Hannah Read's Silsbee, Texas project moving from hushed, homespun early Bandcamp folk to fuller, more fleshed-out band arrangements.",Y
Lone Justice,"Los Angeles, CA",The West,1985,V14 Cowpunk and LA roots punk,V,A1868,,"Maria McKee's punk-schooled Los Angeles band blending twang-country vocals with roots-rock muscle on a polished, commercially visible cowpunk debut.",
The Long Ryders,"Los Angeles, CA",The West,1983–1987,V15 Paisley Underground,V,"A1898, A1891, A1904, A1912",The Flying Burrito Brothers,"LA band fusing Byrds jangle and Flying Burrito Brothers twang with punk urgency, a direct bridge from Paisley Underground to alt-country.",
Look Blue Go Purple,"Dunedin, New Zealand",Australia and New Zealand,1991,V18 Flying Nun and Antipodean indie,V,A2124,the Clean; the Chills; the Verlaines,"All-women Dunedin five-piece carrying the chiming-guitar Flying Nun template with a warmer, more collective vocal blend than their better-known male peers.",
Loose Fur,"Chicago, IL",Chicago and the Midwest,2003–2006,V4 Roots-inflected 2000s indie,V,"A1000, A1019",Wilco; Jim O'Rourke,"Side project pairing Jeff Tweedy and Glenn Kotche with experimental composer Jim O'Rourke, previewing the studio adventurousness of Yankee Hotel Foxtrot.",
Loretta Lynn,"Nashville, TN",The South,1967–2004,"V26 Honky-tonk, Bakersfield, and hard country",V,"A2497, A2506, A2520, A2548",,"Nashville honky-tonk singer whose blunt, first-person, autobiographical songwriting voice directly inspired generations of women in country.",
Los Lobos,"East Los Angeles, CA",The West,1984,V14 Cowpunk and LA roots punk,V,A1858,X; the Blasters,"East LA band folding Tejano accordion and Chicano roots into soulful roots-rock, emerging from the same punk-club circuit as X and the Blasters.",
Lost Bayou Ramblers,"Arnaudville, LA",The South,2012–2017,"X4 Bluegrass, old-time, and newgrass",Context,"A2882, A2883",,"Arnaudville, Louisiana band that pushes traditional French-language Cajun fiddle and accordion through distortion, synths and rock volume across Grammy-nominated and Grammy-winning records.",
The Lostines,"New Orleans, LA",The South,2016–2024,V6 2000s–2010s alt-country,V,"A2872, A2869, A2870, A2871",Sam Doores; Cameron Snyder; The Deslondes; Nick Shoulders & the Okay Crawdad; Hurray for the Riff Raff,"New Orleans vocal duo built on tightly stacked girl-group and early-rock harmonies, growing from Mashed Potato Records demos into a full Cajun-fiddle-and-pedal-steel roots-band debut.",
lots of hands,"Newcastle, UK","The UK, Ireland and Canada",2025,C8 Modern slowcore and hushed twang,Core,A0727,,"Newcastle duo's Fire Talk debut is a winsome, ramshackle collage of reworked bedroom demos, flickering electronics and processed vocals about grief and growing up.",
Lou Barlow,"Westfield, MA",The Northeast,1994,V11 Lo-fi and home taping,V,A1648,Sebadoh; Folk Implosion,"Sebadoh member whose Sentridoh home-recording alias documents an intimate, parallel four-track DIY tape network.",
The Loud Family,"San Francisco, CA",The West,1993,"V17 Jangle and power pop, Big Star to GBV",V,A2073,Game Theory,"Scott Miller's post-Game Theory project pushed dense, referential jangle-pop into home-studio synth experimentation, bridging 1980s college rock and 1990s indie.",
Loudon Wainwright III,"New York, NY",The Northeast,1970–1973,V25 Country-folk storytellers,V,"A2464, A2445, A2450, A2458",John Prine; Jesse Winchester,"New York folk-club songwriter whose blunt, self-lacerating confessional style paralleled John Prine's funny-sad character studies but turned inward on his own life.",
Lou Reed,"New York, NY",The Northeast,1972–1989,V29 Velvet Underground and proto-indie,V,"A2622, A2625, A2639, A2628",Velvet Underground; David Bowie,Velvet Underground leader whose solo catalog ranged from glam-pop character sketches to noise experiments to plainspoken New York storytelling records.,
Lou Turner,"Nashville, TN",The South,2022,C6 Cosmic country and the '70s revival,Core,A0427,Silver Jews; Lambchop,"Nashville songwriter making spacious, nylon-string cosmic country recorded live in an Alabama barn, in the deadpan lineage of Silver Jews and Lambchop.",
The Louvin Brothers,"Henagar, AL",The South,1956–1959,R1 Roots,V,"A2674, A2686",,"Alabama gospel-and-tragedy duo whose tight, keening close harmony directly modeled the Everly Brothers and shaped country's sacred-and-profane storytelling.",
Love Tractor,"Athens, GA",The South,1982,V16 American underground and college rock,V,A1928,R.E.M.; Pylon,"Mostly-instrumental Athens, Georgia band whose twangy post-punk jangle emerged from the same scene as R.E.M. and Pylon.",
Loving,"Victoria, British Columbia","The UK, Ireland and Canada",2024,C8 Modern slowcore and hushed twang,Core,A0717,,"Victoria, BC band making sophisticated, deliberately paced folk built on close harmony and patient arrangement.",
Low,"Duluth, MN",Chicago and the Midwest,1994–2018,V12 Slowcore and sadcore,V,"A1718, A1743, A1753, A0687",,"Duluth married-couple trio whose barely-there, near-stopped-tempo debut founded slowcore, later reinventing itself through noisier and glitch-based reinventions.",Y
The Low Anthem,"Providence, RI",The Northeast,2008,V5 Rootsy indie folk,V,A1112,Fleet Foxes; Bon Iver,"Rhode Island band pairing hushed, hymn-like arrangements of pump organ and musical saw with plainspoken, historically-minded lyrics.",
Lowell Thompson,"Burlington, VT","Burlington, Vermont",2014,C3 New alt-country and honky-tonk bands,Core,A2917,Lowell Thompson & Crown Pilot,"Vermont/Austin-tagged alt-country singer-songwriter making plainspoken, place-named storytelling records, predating his later duo work as Lowell Thompson & Crown Pilot.",
Lucero,"Memphis, TN",The South,2001–2023,V3 Southern storytelling rock,V,"A0904, A0907, A0912, A0918",Drive-By Truckers; Slobberbone; Two Cow Garage,"Memphis band blending punk energy with country heartbreak, growing from raw bar-band records into horn-driven Memphis soul and Southern rock.",
Lucinda Williams,"Los Angeles, CA",The South,1979–2007,V13 Americana songwriters before the label,V,"A1774, A1787, A1820, A1833",Guy Clark; Blaze Foley; Uncle Tupelo,"Louisiana-drawled songwriter whose plainspoken records built the Americana template, culminating in the genre-naming Car Wheels on a Gravel Road.",Y
Lucky Cloud,"Chicago, IL",Chicago and the Midwest,2025,C5 Twangy indie folk,Core,A0293,Sima Cunningham,"Chicago project led by Chet Zenor crafting dreamy, jazz-tinged indie rock with pedal steel and unorthodox melodies.",
Luke Combs,"Nashville, TN",The South,2017,"X1 Mainstream Nashville, countrypolitan to bro-country",Context,A2711,Morgan Wallen,"Nashville mainstream country artist whose classic-rock-scaled, guitar-driven bro-country pulled the commercial mainstream back toward guitar-band instrumentation.",
Luke Temple,"Los Angeles, CA",The West,2024,C5 Twangy indie folk,Core,A0266,Here We Go Magic; Art Feynman,"Secretly Canadian/Western Vinyl songwriter returning to plain, falsetto-led, Paul Simon- and Nick Drake-indebted solo folk outside his other projects.",
Luke Winslow-King,"New Orleans, LA",The South,2014–2016,V6 2000s–2010s alt-country,V,"A2873, A2874",Esther Rose; Hurray for the Riff Raff; The Deslondes,"New Orleans songwriter blending R&B horns, ragtime fingerpicking and slide guitar into warm, gospel-tinged roots-rock that grew sunnier and more electric across two Bloodshot Records albums.",
The Lumineers,"Denver, CO",The Northeast,2012,X3 Big-tent Americana and stomp-clap folk,Context,A2729,Mumford & Sons; The Avett Brothers,"Denver band whose singalong-stomp debut distilled the Mumford & Sons formula into a leaner, radio-dominant stomp-clap-folk phenomenon.",
Lush,"London, UK","The UK, Ireland and Canada",1992,X9 Classic shoegaze and dream pop,Context,A2787,Cocteau Twins,"London dream-pop band whose Robin Guthrie-produced close harmonies and chorused guitars marked shoegaze's female-fronted, 4AD-adjacent wing.",
Lutalo,"Burlington, VT","Burlington, Vermont",2024,C5 Twangy indie folk,Core,A0267,Lily Seabird,"Burlington, Vermont multi-hyphenate whose folk-rooted, knotty indie rock grew into a bolder coming-of-age record from lo-fi DIY beginnings.",
Lydia Loveless,"Columbus, OH",Chicago and the Midwest,2011–2023,V6 2000s–2010s alt-country,V,"A1236, A1255, A1269, A1285",,"Columbus, Ohio songwriter whose snarling cowpunk debut on Bloodshot grew into harder-rocking, synth-inflected alt-country over a decade-plus catalog.",
Lyle Lovett,"Houston, TX",Texas and Oklahoma,1986–1992,V19 1980s country rebels,V,"A2148, A2160, A2169, A2175",Guy Clark; Townes Van Zandt,"Houston songwriter whose wry, dry-baritone Texas songwriting wore just enough Nashville sheen to chart before he pushed fully into big-band and gospel genre-blurring.",
Lynyrd Skynyrd,"Jacksonville, FL",The South,1973–1977,V28 Southern rock and country soul,V,"A2588, A2594, A2605, A2598",,"Jacksonville band whose three-guitar Southern storytelling rock, capped by 'Sweet Home Alabama' and a fatal 1977 plane crash, founded the genre's storytelling trunk line.",Y
Mac DeMarco,Edmonton / Montreal,"The UK, Ireland and Canada",2012–2025,"C7 Slacker, jangle, and power-pop revival",Core,"A0505, A0518, A0549, A0659",Pavement,"Edmonton-and-Montreal-to-LA songwriter whose woozy, chorus-pedal ""jizz jazz"" slacker sound set the template for a decade of goofball bedroom-pop.",Y
Macie Stewart,"Chicago, IL",Chicago and the Midwest,2021,C5 Twangy indie folk,Core,A0201,Ohmme; Marker; Gia Margaret,"Chicago multi-instrumentalist whose spare, piano- and violin-inflected solo debut moves between chamber-folk intimacy and quiet dissonance.",
Mae Powell,Bay Area,The West,2025,C5 Twangy indie folk,Core,A0294,,"Bay Area songwriter whose jazz-inflected folk-rock sophomore album is carried by a standout voice and warm, immaculate band arrangements.",Y
Magnolia Electric Co.,"Chicago, IL",Chicago and the Midwest,2005–2009,V1 Molina and the Magnolia circle,V,"A0792, A0803, A0791, A0796",Songs: Ohia; Will Johnson; Centro-matic,"Jason Molina's Chicago band that turned his haunted Songs: Ohia folk into loud, Crazy Horse-scale road-band country rock across a run of Albini-recorded albums.",Y
Major Murphy,"Grand Rapids, MI",Chicago and the Midwest,2021–2024,"C7 Slacker, jangle, and power-pop revival",Core,"A0594, A0639",,"Grand Rapids band whose jittery-warm jangle-pop songwriting blends heavy rock'n'roll textures, 1990s indie looseness and 1970s AM-radio warmth.",
Mali Velasquez,"New York, NY",The Northeast,2023,C5 Twangy indie folk,Core,A0244,Katy Kirby,"New York songwriter whose folk-inflected indie-rock debut swings between hushed verses and explosive choruses in a plainspoken, warm voice.",
Maneka,"Philadelphia, PA",Philadelphia,2025,C8 Modern slowcore and hushed twang,Core,A0728,Speedy Ortiz; Grass Is Green,Philadelphia project fronted by a former Speedy Ortiz guitarist that sits at the combustible intersection of slowcore and shoegaze.,
Mapache,"Los Angeles, CA",The West,2017–2023,C6 Cosmic country and the '70s revival,Core,"A0369, A0404, A0414, A0428",Silver Synthetic; Farmer Dave Scher,"Los Angeles duo built on intertwined nylon and steel-string guitars and close harmonies, playing unhurried, front-porch California country rock.",
Maple Glider,"Melbourne, Australia",Australia and New Zealand,2021–2023,C5 Twangy indie folk,Core,"A0202, A0245",,"Melbourne songwriter whose spare, confessional folk moves from travel vignettes to devastating songs about religion, bodily autonomy and trauma.",
Margaux,"Brooklyn, NY",The Northeast,2024,C5 Twangy indie folk,Core,A0268,Katy Kirby; Lindsay Reamer,Brooklyn songwriter making unfussy yet ornate indie folk-rock that ranges from stripped melancholy to lush grooves.,
Margo Price,"Nashville, TN",The South,2016–2025,V7 Neo-traditional and 'new outlaw' country,V,"A1312, A1318, A1345, A1373",Willie Nelson; Sturgill Simpson,"Nashville singer whose unvarnished honky-tonk debut widened into politically pointed, then classic-rock-leaning, country across a decade-plus catalog.",
Marina Allen,"Los Angeles, CA",The West,2022,C5 Twangy indie folk,Core,A0218,Chris Cohen; Weyes Blood; Cate Le Bon,"Los Angeles songwriter making timeless, classic-lineage folk anchored by a mesmerizing, wide-ranging voice.",
Marisa Anderson,"Portland, OR",The West,2016–2022,V8 American Primitive and solo guitar,V,"A1422, A1428, A1435",William Tyler; Chuck Johnson; Daniel Bachman,"Portland solo guitarist who bridges American Primitive blues-and-hymn playing with spacious, ambient instrumental texture across electric and acoustic records.",
Marissa Nadler,"Boston, MA",The Northeast,2007–2014,V5 Rootsy indie folk,V,"A1135, A1106, A1116",Randall Dunn,"Boston songwriter whose reverb-drenched, ghostly soprano and murder-ballad imagery built a slow-motion, gothic-folk sound bordering slowcore.",
Mark Eitzel,"San Francisco, CA",The West,1996,V12 Slowcore and sadcore,V,A1732,American Music Club; Red House Painters,"San Francisco songwriter whose solo work carries American Music Club's sadcore songwriting into a quieter, torch-song-inflected register.",
Mark Olson and Victoria Williams,"Joshua Tree, CA",The West,1997,V13 Americana songwriters before the label,V,A1815,the Jayhawks,"Desert-folk duo who left the Jayhawks to build a hushed, communal, harmony-rich country-folk sound in Joshua Tree.",
Marshall Crenshaw,"Detroit, MI",Chicago and the Midwest,1982,"V17 Jangle and power pop, Big Star to GBV",V,A2046,Big Star; the dB's,Detroit songwriter whose Buddy Holly-fixated debut distilled early-1960s pop songcraft into the cleverest early-1980s power pop.,
The Marshall Tucker Band,"Spartanburg, SC",The South,1973–1977,V28 Southern rock and country soul,V,"A2589, A2599, A2606, A2595",,"Spartanburg band blending Southern rock guitar with jazz and country textures via flute and saxophone, looser and more atmospheric than its Capricorn peers.",
Marty Robbins,"Glendale, AZ",Elsewhere,1959,R1 Roots,V,A2687,,"Glendale singer whose concept album of galloping, story-song Western ballads became a foundational text of narrative country songwriting.",
Marty Stuart,"Nashville, TN",The South,1989,V19 1980s country rebels,V,A2170,Lester Flatt; Johnny Cash,"Nashville sideman-turned-star whose rhinestone-and-mandolin debut fused bluegrass chops with rockabilly-edged, hard-country showmanship.",
Mary Chapin Carpenter,"Washington, D.C.",The Northeast,1987,V13 Americana songwriters before the label,V,A1771,,"Washington, D.C. folk-club songwriter whose quiet, plainspoken debut shows her country-folk roots before her mainstream country-radio crossover.",
Mary Lou Lord,"Boston, MA",The Northeast,1998,V10 Slacker and '90s indie rock,V,A1599,Nick Saloman; Bevis Frond; Freedy Johnston; Liz Phair; Elliott Smith,"Former Boston subway busker whose only major-label album pairs a plainspoken, nasal voice with jangly, radio-adjacent 1990s folk-rock.",
Mason Proffit,"Chicago, IL",Chicago and the Midwest,1969–1971,V21 Country rock and Cosmic American Music,V,"A2257, A2269",,"Chicago-area brothers' band applying Byrds-indebted pedal steel and harmony singing to overtly political, antiwar country rock.",
Material Issue,"Chicago, IL",Chicago and the Midwest,1991,"V17 Jangle and power pop, Big Star to GBV",V,A2067,Matthew Sweet; Velvet Crush,Chicago trio whose hook-dense major-label debut built radio-scaled power pop from years of demos and crunchy guitars.,
Matthew Sweet,"Lincoln, NE",Chicago and the Midwest,1991–1995,"V17 Jangle and power pop, Big Star to GBV",V,"A2068, A2079",Television; Teenage Fanclub; the Posies,Nebraska-born songwriter whose confessional power pop fully synthesized the Big Star/Byrds lineage into an early-1990s alternative-radio breakthrough.,
Matt Sweeney & Bonnie 'Prince' Billy,"Louisville, KY",The South,2005–2021,V2 Drag City deadpan school,V,"A0871, A0893",Chavez; Zwan; Bombino,"Will Oldham and guitarist Matt Sweeney's collaborative pairing of plainspoken, image-dense lyrics with intricate, virtuosic electric guitar lines.",
Mazzy Star,"Los Angeles, CA",The West,1990–1996,V12 Slowcore and sadcore,V,"A1700, A1709, A1733",Rain Parade; Opal,"Hope Sandoval and David Roback's Los Angeles band, whose slow, reverb-soaked drift through desert psychedelia and Southern gothic blues bridged psych revivalism and sadcore.",
Meat Puppets,"Phoenix, AZ",The West,1982–1989,V16 American underground and college rock,V,"A1942, A1953, A1982, A2007",Nirvana,"Phoenix trio whose sudden swerve from blistering hardcore into loose, cracked-voice cosmic-country psychedelia invented a whole strand of cowpunk gone cosmic.",Y
Meernaa,"San Francisco, CA",The West,2023,C8 Modern slowcore and hushed twang,Core,A0706,Duster,"San Francisco project making slow-motion, synth-tinged dream-folk of sparse arrangements and fragile, close-mic'd vocals.",
Mega Bog,"Seattle, WA",The West,2021,C5 Twangy indie folk,Core,A0203,Big Thief,"Seattle songwriter Erin Birgy's surrealist, avant-pop song-world wrapped around plainspoken, image-dense lyrics.",
Megafaun,"Durham, NC",The Carolinas,2009–2010,V4 Roots-inflected 2000s indie,V,"A1045, A1055",DeYarmond Edison; Bon Iver,"Durham trio formed from a breakup that blends front-porch folk, gospel harmony and loose improvisation into warm, communal records.",
Meg Baird,"Philadelphia, PA",The Northeast,2007,V5 Rootsy indie folk,V,A1107,Espers,"Philadelphia psych-folk singer whose hushed, largely solo-voice-and-guitar debut carries Anglo-American folk-ballad singing into the indie-folk revival.",
The Mekons,"Leeds, England","The UK, Ireland and Canada",1985–1989,V14 Cowpunk and LA roots punk,V,"A1869, A1875, A1879, A1887",,"British post-punk survivors reinvented themselves as a ramshackle country-punk band, a direct influence on the American alt-country movement that followed.",
Melissa Carper,"Nashville, TN",The South,2022,V7 Neo-traditional and 'new outlaw' country,V,A1365,,"Nashville double-bassist steeped in old-time, blues and Western swing whose plainspoken songwriting sounds like a lost 1950s record.",
Merce Lemon,"Pittsburgh, PA",The Northeast,2024,C1 Indie twang / yallternative,Core,A0028,Wednesday; Florry; Colin Miller; Alex Farrar,"Pittsburgh songwriter whose breakout LP swells warbling steel and outlaw-tinged guitars into feedback-heavy catharsis about loss, land and family.",
Merle Haggard,"Bakersfield, CA",The West,1979–1981,"V26 Honky-tonk, Bakersfield, and hard country",V,"A2544, A2546",Leona Williams; Roy Nichols,"Bakersfield honky-tonk legend whose late-career records kept the plain, Telecaster-driven sound alive through world-weary, autobiographical songwriting.",
Merle Haggard and the Strangers,"Bakersfield, CA",The West,1965–1974,"V26 Honky-tonk, Bakersfield, and hard country",V,"A2489, A2494, A2498, A2507",Grateful Dead; Buck Owens; Jimmie Rodgers,Haggard's core band that built the stripped-down Bakersfield sound and turned his own ex-convict biography into hard-country's most influential storytelling.,
Mess Esque,"Melbourne, Australia",Australia and New Zealand,2025,C2 Barroom storytellers and deadpan songwriters,Core,A0080,McKisko; Dirty Three; Bill Callahan; Bonnie 'Prince' Billy,"Melbourne duo of Helen Franzmann and Mick Turner making twisted, handmade folk that is warm, dreamlike and slightly askew.",
Michael Chapman,"Leeds, England","The UK, Ireland and Canada",1969–2017,V30 British folk rock (selective),V,"A2648, A2653, A1425",Steeleye Span; Steve Gunn; Jack Rose,Yorkshire fingerstyle guitarist and gravelly-voiced songwriter whose plainspoken travelogue folk-rock bridged British folk-club playing and American Primitive guitar.,
Michael Hurley,Vermont,"Burlington, Vermont",1971–2009,V2 Drag City deadpan school,V,"A0816, A0817, A0864, A0881",Will Oldham; Bill Callahan; Silver Jews; Ida; Vetiver; Devendra Banhart,"Wandering old-time songwriter whose loose, talky, cracked-voice country-blues records decades later made him patron saint of the Drag City deadpan school.",
Michael Hurley & Ida,Vermont,"Burlington, Vermont",2009,V2 Drag City deadpan school,V,A0882,Ida; Devendra Banhart; Vetiver,"A full collaboration pairing Michael Hurley's wandering drawl with the hushed Brooklyn folk trio Ida's close, quiet harmonies.",
"Michael Hurley, the Unholy Modal Rounders & Jeffrey Frederick & the Clamtones",Vermont,"Burlington, Vermont",1976,V2 Drag City deadpan school,V,A0818,the Unholy Modal Rounders; Jeffrey Frederick & the Clamtones; Silver Jews; Palace,"A loose, funny, deceptively wise shared-vocal collaboration of talking-blues and old-time songs that anticipated the Drag City deadpan school's tone.",
Michael Martin Murphey,"Austin, TX",Texas and Oklahoma,1972–1973,V24 Texas songwriters and progressive country,V,"A2391, A2399",Jerry Jeff Walker; B.W. Stevenson,Austin songwriter whose protest-tinged debut and its 1973 sequel coined and popularized the 'cosmic cowboy' name for the Austin progressive-country scene.,
Michael Nesmith,"Los Angeles, CA",The West,1972,V21 Country rock and Cosmic American Music,V,A2276,Red Rhodes,"Post-Monkees songwriter whose stripped-back, intimate acoustic record was built entirely around his long partnership with steel guitarist Red Rhodes.",
Michael Nesmith & the First National Band,"Los Angeles, CA",The West,1970–1971,V21 Country rock and Cosmic American Music,V,"A2263, A2262, A2270",Red Rhodes; Linda Ronstadt; the Stone Poneys,"Nesmith's post-Monkees country-rock band, built around Red Rhodes' pedal steel, playing loose, warm, Bakersfield-tinged songs alongside the Byrds/Burritos axis.",
Michelle Shocked,"San Francisco, CA",The West,1988,V13 Americana songwriters before the label,V,A1775,X; the Blasters,"San Francisco folk-punk singer whose cassette-and-studio debut mixed protest songwriting with squatter-scene toughness, anticipating the alt-country crossover.",
Mickey Newbury,"Nashville, TN",The South,1969–1973,V25 Country-folk storytellers,V,"A2451, A2438, A2465",Kris Kristofferson; Waylon Jennings; Elvis Presley; Tom T. Hall,"Nashville songwriter whose hushed, orchestrated concept records turned heartbreak into cinematic tone poems that quietly shaped outlaw country.",
The Microphones,"Anacortes, WA",The West,1999–2003,V11 Lo-fi and home taping,V,"A1687, A1680, A1691, A1684",Beat Happening; Old Time Relijun; Mount Eerie,"Phil Elverum's homemade Anacortes project swung between hushed acoustic passages and eruptions of fuzzed noise, defining K Records' extreme lo-fi lineage.",
"midwest, post death","Seattle, WA",The West,2026,C9 Emo-twang crossovers,Core,A0768,,Band that formed online and cut its album in eight days swings hard between hushed folk moments and punk blowouts on the emo-twang side of the map.,Y
Mikaela Davis,"Catskill, NY (formerly Rochester)",The Northeast,2023–2026,C6 Cosmic country and the '70s revival,Core,"A0442, A0486",Bob Weir; Phil Lesh; Circles Around the Sun,"Catskill harpist whose classically-trained playing anchors full-band records that weave 60s pop melody, psychedelia and driving folk rock.",
Mike Cooley,"Athens, GA",The South,2012,V3 Southern storytelling rock,V,A0948,Drive-By Truckers; Patterson Hood,"Drive-By Truckers co-songwriter whose solo acoustic live album strips the band's songs down to voice, guitar and dry, deadpan banter.",
Mildred,"Oakland, CA",The West,2025–2026,C2 Barroom storytellers and deadpan songwriters,Core,"A0087, A0081",Brad Goodall,"Oakland quartet of four trading singers and songwriters whose breezy debut carries funny-sad, plainspoken, living-room-session storytelling.",Y
The Minders,"Denver, CO / Elephant 6",The West,1998,V10 Slacker and '90s indie rock,V,A1600,Apples in Stereo; Neutral Milk Hotel; Guided by Voices; The Olivia Tremor Control,"Denver/Elephant 6 band making chiming, homemade lo-fi guitar pop from the collective's sunnier, less psychedelic wing.",
Mineral,"Houston, TX",Texas and Oklahoma,1997,X6 Emo and Midwest emo,Context,A2756,Sunny Day Real Estate,"Houston band whose quiet-loud, cracked-voice second-wave emo landmark shaped the genre despite the band's short lifespan.",
Minor Moon,"Chicago, IL",Chicago and the Midwest,2024–2026,C6 Cosmic country and the '70s revival,Core,"A0456, A0487",Liam Kazar; Spencer Radcliffe; Sima Cunningham; Macie Stewart; Ryley Walker,"Chicago band led by Sam Cantor mixing alt-country songwriting with adventurous, Dead-like guitar theatrics and prominent pedal steel.",
Minor Threat,"Washington, D.C.",The Northeast,1989,X14 Punk and hardcore roots,Context,A2852,Bad Brains; Black Flag; Dischord,"Ian MacKaye's Washington, D.C. band whose tight, fast, moralistic hardcore defined the ethical and musical DIY template of American hardcore.",
Minutemen,"San Pedro, CA",The West,1981–1985,V16 American underground and college rock,V,"A1924, A1943, A1954, A1935",Black Flag; fIREHOSE; Meat Puppets; Hüsker Dü,"San Pedro trio who turned punk speed into terse, funk-and-jazz-inflected agit-collage, culminating in the genre-scrambling masterpiece Double Nickels on the Dime.",Y
Miracle Legion,"New Haven, CT",The Northeast,1987,V16 American underground and college rock,V,A1983,R.E.M.; Mission of Burma,"New Haven band building ringing, R.E.M.-adjacent jangle around Mark Mulcahy's distinctive, quavering voice and Southern-gothic storytelling.",
Mission of Burma,"Boston, MA",The Northeast,1982–2004,X10 Post-punk and noise rock,Context,"A2797, A2803",Sonic Youth; Hüsker Dü; Shellac,Boston band whose tape-loop-treated guitar squall and tightly wound rhythms became a foundational text for American noise-rock and post-hardcore.,
Mississippi John Hurt,"Avalon, MS",The South,1996,R1 Roots,V,A2698,John Fahey; Doc Watson; Dave Van Ronk,"Avalon, Mississippi bluesman whose gentle, syncopated fingerpicking directly modeled the American Primitive guitar revival and 1960s folk revivalists.",
Mitski,"New York, NY",The Northeast,2023,X12 Pop and indie artists' country turns,Context,A2827,,"New York songwriter whose hushed, string-laden pivot toward Americana and country-folk textures came from an indie-rock and art-pop background.",
MJ Lenderman,"Asheville, NC",The Carolinas,2019–2024,C1 Indie twang / yallternative,Core,"A0015, A0029, A0020, A0005",Wednesday; Karly Hartzman; Waxahatchee,"Asheville songwriter whose deadpan, Neil Young-indebted guitar rock turned small American humiliations into some of the scene's funniest, saddest songwriting.",Y
Modern Baseball,"Philadelphia, PA",Philadelphia,2014,X6 Emo and Midwest emo,Context,A2761,American Football; the Promise Ring,"Philadelphia band whose conversational, twin-vocalist breakout defined the mid-2010s college-scene emo revival.",
The Modern Lovers,"Boston, MA",The Northeast,1976,V29 Velvet Underground and proto-indie,V,A2631,The Velvet Underground,"Jonathan Richman's band channeled Velvet Underground drone into deadpan, amateurish songs about driving and loving your parents, a foundational punk and indie text.",
Modest Mouse,"Issaquah, WA",The West,1996–2000,V10 Slacker and '90s indie rock,V,"A1587, A1613, A1576",Built to Spill,"Issaquah trio whose jittery, cracked-voice records about road trips and suburban sprawl defined the Pacific Northwest strain of 1990s slacker rock.",
Moe Bandy,"Nashville, TN",The South,1974–1975,"V26 Honky-tonk, Bakersfield, and hard country",V,"A2532, A2537",Gene Watson; Vern Gosdin,"Nashville honky-tonk singer whose blunt, unadorned hard-country answer songs pushed back against the era's countrypolitan gloss.",
Mojave 3,"Reading, England","The UK, Ireland and Canada",1995–1998,V12 Slowcore and sadcore,V,"A1721, A1741",Slowdive,"British band formed after Slowdive's breakup, trading shoegaze noise for hushed, pedal-steel-inflected, near-stationary country-folk.",
Mojo Nixon and Skid Roper,"San Diego, CA",The West,1985–1986,V14 Cowpunk and LA roots punk,V,"A1870, A1876",the Beat Farmers; Tex & the Horseheads; the Screamin' Sirens,"San Diego duo whose manic, joke-cracking country-punk brought a comic, confrontational strain of cowpunk to that scene.",
Molly Hatchet,"Jacksonville, FL",The South,1978,V28 Southern rock and country soul,V,A2610,Lynyrd Skynyrd; the Allman Brothers Band; the Marshall Tucker Band,"Jacksonville band whose loud, triple-guitar debut pushed Southern rock toward a harder, boogie-metal direction as the genre's first generation waned.",
Molly Tuttle,"Nashville, TN",The West,2022,"X4 Bluegrass, old-time, and newgrass",Context,A2740,Golden Highway; Billy Strings; Old Crow Medicine Show; Margo Price; Gillian Welch,Nashville flatpicker whose Grammy-winning band record maps the current bluegrass-and-Americana overlap through virtuosic guitar and personal songwriting.,
Monsters of Folk,"Omaha, NE",Chicago and the Midwest,2009,V4 Roots-inflected 2000s indie,V,A1046,Conor Oberst; Jim James; M. Ward; Will Johnson,"A friendly, eclectic indie-folk supergroup whose polished, pop-minded record charted far more commercially than any member's usual catalog.",
Morgan Wallen,"Nashville, TN",The South,2021,"X1 Mainstream Nashville, countrypolitan to bro-country",Context,A2712,Jason Aldean; Florida Georgia Line; Luke Combs,"Nashville star whose maximalist, streaming-scaled double album became the best-selling record of 2021, the commercial endpoint of bro-country.",
Mo Troper,"Portland, OR",The West,2016–2022,"C7 Slacker, jangle, and power-pop revival",Core,"A0550, A0582, A0539, A0609",Sharp Pins; Lawn; Guided by Voices; Beulah,"Portland power-pop songwriter whose hook-crammed, Guided by Voices-descended records grew from scrappy lo-fi into cleaner, Kinks-indebted storytelling.",
The Mountain Goats,"Claremont, CA",The West,1994–2008,V11 Lo-fi and home taping,V,"A1649, A1689, A1011, A1656",,"John Darnielle's boombox-recorded project turned compressed, image-dense narratives into a defining lo-fi songwriting catalog before moving to full-band studio records.",
Mountain Man,"Bennington, VT",The Northeast,2010,V5 Rootsy indie folk,V,A1121,Sylvan Esso,Vermont trio whose almost entirely unaccompanied three-part harmonies draw directly on old-time Appalachian a cappella singing traditions.,
Mount Moriah,"Durham, NC",The Carolinas,2011–2013,V4 Roots-inflected 2000s indie,V,"A1062, A1070",Bellafea; Horseback,Durham band pairing Heather McEntire's Southern-gospel-schooled voice with pedal steel and understated country-leaning arrangements.,
Mudgoose,"Wellington, NZ",Australia and New Zealand,2024,"C7 Slacker, jangle, and power-pop revival",Core,A2918,,"Wellington, New Zealand act making hushed, homemade lofi and outsider folk closer to the DIY Bandcamp loner-folk underground than any country lineage.",
Mudhoney,"Seattle, WA",The West,1988,X8 Grunge and '90s alt radio,Context,A2771,,"Seattle band whose fuzz-pedal, Stooges-worshipping debut essentially invented grunge's sound before Nirvana existed.",
Mumford & Sons,"London, England","The UK, Ireland and Canada",2009,X3 Big-tent Americana and stomp-clap folk,Context,A2727,Old Crow Medicine Show; the Avett Brothers; the Lumineers,"London band whose banjo-strum, shout-chorus debut defined stomp-clap festival folk and globally exported the sound to arena scale.",
The Music Tapes,"Athens, GA",The South,1999,V11 Lo-fi and home taping,V,A1681,Neutral Milk Hotel,"Julian Koster's Elephant 6 side project builds homemade sound-collage albums from singing saw, antique organs and warped tape texture.",
M. Ward,"Portland, OR",The West,2003–2009,V4 Roots-inflected 2000s indie,V,"A1020, A1001, A1044",She & Him; Zooey Deschanel; Lucinda Williams,"Portland songwriter whose warm, lo-fi-leaning fingerpicked folk grew fuller before feeding into his pop side project She & Him.",
My Bloody Valentine,"Dublin, Ireland / London, UK","The UK, Ireland and Canada",1988–1991,X9 Classic shoegaze and dream pop,Context,"A2786, A2781",Wednesday,"Dublin-and-London band whose tremolo-bent, detuned guitar walls set the template every shoegaze band since has copied.",Y
My Morning Jacket,"Louisville, KY",The South,1999–2015,V4 Roots-inflected 2000s indie,V,"A1002, A1012, A0982, A0990",Neil Young; Crazy Horse,"Louisville band whose grain-silo reverb drenched Southern rock and country-soul into a hazy, spectral signature sound across two decades.",
Naked Prey,"Tucson, AZ",The West,1987,V15 Paisley Underground,V,A1913,Green on Red; the Dream Syndicate; Giant Sand,Tucson band led by a former Green on Red drummer playing rough-edged desert country-rock on the Arizona/California desert-rock axis.,
The Namby Pamby,"Fort Wayne, IN",Chicago and the Midwest,2022,C8 Modern slowcore and hushed twang,Core,A0700,,"Fort Wayne trio's sparse, pretty slow-burn indie rock favors patient builds and understated melody over hooks.",
Nanci Griffith,"Austin, TX",Texas and Oklahoma,1978–1993,V19 1980s country rebels,V,"A1792, A2412, A2146, A2149",Lyle Lovett; Robert Earl Keen; Guy Clark; Emmylou Harris,"Austin folk singer whose plainspoken, small-town storytelling grew from the Texas folk-revival tradition into acoustic country-bluegrass maturity.",
Nap Eyes,Halifax,"The UK, Ireland and Canada",2014–2024,"C7 Slacker, jangle, and power-pop revival",Core,"A0519, A0540, A0563, A0583",Silver Jews,"Halifax band whose conversational, half-spoken vocals ride loose, unhurried jangle-rock descended from Silver Jews' deadpan songwriting.",Y
Nashville West,"Los Angeles, CA",The West,1978,V21 Country rock and Cosmic American Music,V,A2296,the Byrds; the Flying Burrito Brothers,Short-lived Los Angeles quartet that trained several key country-rock session players in hot picking before they scattered into bigger bands.,
Natalie Jane Hill,Western NC (via Texas),The Carolinas,2020–2026,C5 Twangy indie folk,Core,"A0313, A0192, A0204",Michael Hurley; Karen Dalton; Mat Davidson,"Western North Carolina fingerpicker whose plainspoken, nature-fixated songwriting is indebted to Michael Hurley and Karen Dalton.",Y
Nathaniel Rateliff & the Night Sweats,"Denver, CO",The West,2015,X3 Big-tent Americana and stomp-clap folk,Context,A2730,Mumford & Sons; the Lumineers,"Denver singer who reinvented a quiet folk career with horn-driven, Stax-style soul-revival stomp-and-shout anthems.",
Nathan Salsburg,"Louisville, KY",The South,2011–2018,V8 American Primitive and solo guitar,V,"A1417, A1419, A1429",Cian Nugent; James Elkington; Joan Shelley,"Louisville fingerstyle guitarist and Alan Lomax Archive curator who brings a folklorist's ear for old-time melody to warm, unshowy solo guitar.",
National Photo Committee,"Chicago, IL",Chicago and the Midwest,2026,C3 New alt-country and honky-tonk bands,Core,A0122,Tobacco City; Red PK,"Chicago band playing raucous, country-tinged bar rock with spidery pedal steel cutting through gravelly, shouted vocals.",Y
NE-HI,"Chicago, IL",Chicago and the Midwest,2014–2017,"C7 Slacker, jangle, and power-pop revival",Core,"A0520, A0551",the Feelies,"Chicago DIY band mixing jangly, interlocking guitar lines with garage-rock urgency across an acclaimed two-album run.",
Neil Michael Hagerty,"Austin, TX",The South,2001,V2 Drag City deadpan school,V,A0860,Royal Trux; Bill Callahan,"Royal Trux co-founder whose loose, riff-driven solo debut keeps that band's classic-rock damage minus its co-lead vocalist.",
Neil Young,Ontario (via California),"The UK, Ireland and Canada",1968–2025,V20 Neil Young and the Crazy Horse universe,V,"A2181, A2183, A2188, A2190",Crazy Horse; Buffalo Springfield; Emmylou Harris; Pearl Jam,"Ontario-born songwriter whose solo catalog swings between hushed, high-voiced folk and distorted Crazy Horse rock across six decades.",Y
Neil Young and Crazy Horse,Ontario (via California),"The UK, Ireland and Canada",1975–2024,V20 Neil Young and the Crazy Horse universe,V,"A2191, A2192, A2198, A2210",Neil Young; Sonic Youth; Pearl Jam,"Young's longtime backing band whose ragged, distorted, barely-in-tune guitar interplay became the direct ancestor of the lo-fi, live-in-the-room ethic prized across indie rock.",Y
Neil Young and the Chrome Hearts,Ontario (via California),"The UK, Ireland and Canada",2025,V20 Neil Young and the Crazy Horse universe,V,A2241,Neil Young; Crazy Horse; Micah Nelson; Spooner Oldham,"Young's newest backing band, formed after Crazy Horse's guitarist stepped back, continuing the ragged, plainspoken, politically blunt sound of six decades.",
Neil Young and the Shocking Pinks,Ontario (via California),"The UK, Ireland and Canada",1983,V20 Neil Young and the Crazy Horse universe,V,A2202,Neil Young,"A short, deliberately retro rockabilly pastiche cut with a new backing band during Young's contrarian, genre-hopping early-1980s run.",
Neil Young and the Stray Gators,Ontario (via California),"The UK, Ireland and Canada",2019,V20 Neil Young and the Crazy Horse universe,V,A2232,Neil Young; Ben Keith,"Young's original Harvest-era touring band, captured live in a calmer, steadier document of that troubled 1973 tour.",
Neil Young with Crazy Horse,Ontario (via California),"The UK, Ireland and Canada",2024,V20 Neil Young and the Crazy Horse universe,V,A2239,Neil Young; Crazy Horse,A secret club show finding Crazy Horse revisiting Ragged Glory front to back more than three decades after that album's release.,
Neko Case,"Tacoma, WA",Chicago and the Midwest,1997–2025,V6 2000s–2010s alt-country,V,"A1160, A1168, A1198, A1221",Old 97's; the Waco Brothers; the Sadies,"Tacoma-born singer who moved from honky-tonk drumming and Bloodshot Records twang into widescreen, art-damaged orchestral Americana.",Y
Neu Blume,Detroit (via Phoenix),Chicago and the Midwest,2025,"C7 Slacker, jangle, and power-pop revival",Core,A0660,,"Detroit duo making warm, crisp midtempo jangle-pop built from layered melodies, unvarnished lyricism and pedal steel coloring.",Y
Neutral Milk Hotel,"Athens, GA",The South,1996–1998,V11 Lo-fi and home taping,V,"A1661, A1676",Elephant 6; Olivia Tremor Control; Apples in Stereo; Robert Schneider,"Jeff Mangum's Athens project whose homemade, horn-fuzzed recordings within the Elephant 6 collective became a founding text of American lo-fi indie folk.",Y
New Grass Revival,"Louisville, KY",The South,1972,"X4 Bluegrass, old-time, and newgrass",Context,A2734,Nickel Creek; Punch Brothers; Billy Strings,"Louisville band that coined 'newgrass,' fusing bluegrass instrumentation with rock and jazz-influenced improvisation and hippie-era jamming.",
The New Lost City Ramblers,"New York, NY",The Northeast,1958,R1 Roots,V,A2682,,"Scholarly revivalists who recreated 1920s-30s old-time string-band music note-for-note off 78s, feeding the postwar folk revival's roots consciousness.",
New Riders of the Purple Sage,"San Francisco / Marin County, CA",The West,1971–1973,V27 The Grateful Dead and California country-psych,V,"A2554, A2560, A2558",the Grateful Dead; Jerry Garcia; Robert Hunter; Peter Rowan,"Bay Area country-rock band born from the Grateful Dead's own country turn, running through outlaw and stoner-cowboy songwriting.",
New Rose,"Los Angeles, CA",The West,2017,C3 New alt-country and honky-tonk bands,Core,A2919,,"Los Angeles band making straightforward, guitar-and-twang alt-country songs of heartbreak and small betrayals, self-tagged simply 'country.'",
The New Year,"Denton, TX",Texas and Oklahoma,2001,V12 Slowcore and sadcore,V,A1754,Bedhead,"Bedhead brothers' post-breakup project extends that band's slow-building, interlocking-guitar slowcore with a fuller, more amplified sound.",
Nick Drake,"Tanworth-in-Arden, England","The UK, Ireland and Canada",1969–1972,V30 British folk rock (selective),V,"A2649, A2657, A2660",Fairport Convention; John Martyn; Big Thief,"Tanworth-in-Arden songwriter whose hushed, intricately fingerpicked, sparsely orchestrated records became foundational reference points for modern indie folk.",
Nickel Creek,"San Diego, CA",The West,2000,"X4 Bluegrass, old-time, and newgrass",Context,A2735,Alison Krauss; Punch Brothers,"San Diego trio whose Alison Krauss-produced record introduced bluegrass virtuosity and progressive newgrass stretches to a younger, indie-adjacent audience.",
Nick Shoulders,"Fayetteville, AR",The South,2019–2023,V7 Neo-traditional and 'new outlaw' country,V,"A1334, A1352, A1374",Jimmie Rodgers,"Fayetteville songwriter mixing old-time yodeling, environmental and anti-authoritarian themes with a deep traditionalist's knowledge of pre-war country.",
Nico,"New York, NY",The Northeast,1967–1974,V29 Velvet Underground and proto-indie,V,"A2612, A2614, A2619, A2626",the Velvet Underground; John Cale; Lou Reed; Jackson Browne; Brian Eno,"Velvet Underground-adjacent singer whose deep, accented alto moved from chamber-folk pop into stark, droning harmonium-based avant-garde songwriting.",
Nikki Lane,"Nashville, TN",The South,2011–2022,V7 Neo-traditional and 'new outlaw' country,V,"A1303, A1301, A1319, A1366",Jason Isbell; Lucero; Dan Auerbach; Joshua Homme,"Nashville singer whose brash, vintage-toned honky-tonk built a glamorous outlaw-cool persona across a run of increasingly polished records.",
Nina Nastasia,"New York, NY",The Northeast,2000–2002,V12 Slowcore and sadcore,V,"A1748, A1760",Ida; Damon & Naomi; the For Carnation; the New Year,"New York songwriter pairing small chamber ensembles with a plainspoken, unhurried voice favoring restraint and negative space over hooks.",
Nirvana,"Aberdeen, WA",The West,1989–1993,X8 Grunge and '90s alt radio,Context,"A2773, A2772, A2777",Melvins; Butch Vig; Steve Albini,Aberdeen band whose sludgy Sub Pop debut and mainstream breakthrough fused pop hooks with distorted grunge dynamics to become the era's most consequential alt-rock act.,
Nixon Boyd,,Elsewhere,2026,C5 Twangy indie folk,Core,A0314,Ultra Lights; Proun,"Songwriter making understated, catchy hushed-folk pop built on delicate rhythm-section grooves and George Harrison-style slide guitar.",
Noah Kesey,"Chicago, IL",Chicago and the Midwest,2023,C4 Countrygaze and loud twang,Core,A0139,Greg Freeman,Chicago touring guitarist whose home-recorded solo set mixes shoegaze walls of guitar with Primal Scream-style melodic touches.,
Number One Cup,"Chicago, IL",Chicago and the Midwest,1995–1997,V10 Slacker and '90s indie rock,V,"A1564, A1588",Brad Wood,"Chicago band whose hooky, slightly askew guitar pop was often compared at the time to a more melodic answer to Pavement.",
Oceanator,"Brooklyn, NY",The Northeast,2022,C9 Emo-twang crossovers,Core,A0756,Strange Ranger,"Brooklyn project pairing big, emo-scaled guitar hooks with direct lyrics about anxiety and climate dread across crunchy pop-punk and twangy indie rock.",
Odetta,"Birmingham, AL",The South,1956,R1 Roots,V,A2675,Bob Dylan; Joan Baez; Janis Joplin,"Birmingham-born singer whose trained, classically resonant contralto brought spirituals and blues into folk-revival concert repertoire.",
Of Montreal,"Athens, GA",The South,1997–1999,V11 Lo-fi and home taping,V,"A1671, A1682",Elephant 6; Apples in Stereo; Elf Power,"Kevin Barnes's Athens project whose homemade, twee-pop early records grew out of the Elephant 6 collective's lo-fi aesthetic.",
Ohtis,"Normal, IL",Chicago and the Midwest,2019,C5 Twangy indie folk,Core,A0183,Wednesday; Ondara,"Normal, Illinois band whose dark, twangy country-Americana debut narrates addiction, recovery and an upbringing in a religious cult.",
The O'Kanes,"Nashville, TN",The South,1986,V19 1980s country rebels,V,A2150,The Louvin Brothers,"Nashville duo Jamie O'Hara and Kieran Kane stripped down to guitars, mandolin and tight harmony, a Louvin-style throwback that hit country radio.",
Okkervil River,"Austin, TX",Texas and Oklahoma,2002–2011,V4 Roots-inflected 2000s indie,V,"A1013, A1028, A1003, A1037",Tim Hardin,"Austin band led by Will Sheff, building dense, novelistic literary lyrics over folk-rock arrangements that grew increasingly orchestral.",Y
Old 97's,"Dallas, TX",Texas and Oklahoma,1994–2020,V9 No Depression and insurgent country,V,"A1472, A1489, A1463, A1509",the Waco Brothers; Rhett Miller,"Dallas band whose scrappy, twangy debuts on Bloodshot Records became the flagship Texas entry in 1990s insurgent country.",
Old & In the Way,"San Francisco / Marin County, CA",The West,1975,V27 The Grateful Dead and California country-psych,V,A2564,Jerry Garcia; David Grisman; Vassar Clements; Peter Rowan,"A bluegrass supergroup pairing Jerry Garcia's banjo with David Grisman, Vassar Clements and Peter Rowan, for years reportedly the best-selling bluegrass album ever made.",
Old Crow Medicine Show,"Nashville, TN",The South,2004,X3 Big-tent Americana and stomp-clap folk,Context,A2725,Bob Dylan; David Rawlings; the Avett Brothers; Mumford & Sons,Nashville string band whose punk-scaled old-time energy and Bob Dylan-derived 'Wagon Wheel' helped launch the festival-scale Americana boom.,
Oldstar,"Panama City Beach, FL",The South,2025,C1 Indie twang / yallternative,Core,A0037,Thomas Dollbaum; i26connector,"Panama City Beach songwriter whose raucous, overdriven country-rock debut is a concept record about highway wandering, bar to bar.",Y
The Olivia Tremor Control,"Athens, GA",The South,1996–1999,V11 Lo-fi and home taping,V,"A1662, A1683",Neutral Milk Hotel; Apples in Stereo,Elephant 6 band splicing Beach Boys harmonies and British Invasion pop with tape-loop collage into the collective's most psychedelic wing.,
Opal,"Los Angeles, CA",The West,1987,V15 Paisley Underground,V,A1914,Rain Parade; the Dream Syndicate; Mazzy Star,"David Roback and Kendra Smith's Los Angeles project that slowed Paisley Underground psychedelia into narcotic drone, the direct blueprint for Mazzy Star.",
Ora Cogan,"Nanaimo, British Columbia","The UK, Ireland and Canada",2026,C6 Cosmic country and the '70s revival,Core,A0488,Matt Kelly; Patrick M'Gonigle,"Nanaimo, B.C. songwriter mixing haunted folk, psych rock and a shadowy strain of country with smoky, '70s-inflected atmosphere.",Y
Orville Peck,"Toronto, ON",The West,2019–2022,X12 Pop and indie artists' country turns,Context,"A2823, A2825",,"Masked persona singing lonesome-cowboy ballads over reverb-heavy Telecaster twang and shoegaze-tinged production, a landmark of indie artists adopting country iconography.",
Otto Benson,"New York, NY",The Northeast,2025,C8 Modern slowcore and hushed twang,Core,A0729,Friendship; Lomelda,"New York songwriter whose vocally-focused album is pretty, austere guitar folk built around a bassy croon and shimmering pedal steel.",Y
The Outlaws,"Tampa, FL",The South,1975,V28 Southern rock and country soul,V,A2600,,"Tampa band leaning on Byrds/Eagles-style vocal harmony and triple-guitar interplay, a country-rock counterpart within the Southern rock circuit.",
Ovven,"Nashville, TN",The South,2026,C1 Indie twang / yallternative,Core,A0046,Alex Farrar; MJ Lenderman; Wednesday; Indigo De Souza,Nashville project from Owen Burton whose fuzz-guitar alt-country debut was praised as an instant classic by outlaw-country radio.,Y
Palace Brothers,"Louisville, KY",The South,1993–1994,V2 Drag City deadpan school,V,"A0823, A0827",Silver Jews; Smog,"Will Oldham's Louisville debut project, a ramshackle, hiss-laden country-gospel record whose deliberate amateurism founded the Drag City deadpan-country wing.",Y
Palace Music,"Louisville, KY",The South,1995–1996,V2 Drag City deadpan school,V,"A0832, A0836",Steve Albini; Bonnie 'Prince' Billy,"Will Oldham's fuller, more electric-guitar-driven incarnation of the Palace name, produced with Steve Albini before he retired the name for Bonnie 'Prince' Billy.",Y
Pale Saints,"Leeds, UK","The UK, Ireland and Canada",1990–1992,X9 Classic shoegaze and dream pop,Context,"A2783, A2788",Lush,"Leeds band mixing jangly, Byrds-indebted guitar with sudden bursts of shoegaze noise, sitting between 4AD dream pop and louder Creation bands.",
Papa M,"Louisville, KY",The South,1999–2001,V2 Drag City deadpan school,V,"A0853, A0861",Slint; Aerial M; Bonnie 'Prince' Billy,"David Pajo's largely instrumental, patiently fingerpicked project after Slint, sharing a stark, unhurried quality with Bonnie 'Prince' Billy's records.",
Paper Castles,"Burlington, VT","Burlington, Vermont",2025,C2 Barroom storytellers and deadpan songwriters,Core,A0082,Greg Freeman; Lily Seabird,"Burlington band pairing janky, livewire guitars and winking humor with surprisingly massive choruses about content-creation anxiety and modern malaise.",
Pardoner,"San Francisco, CA",The West,2017–2021,"C7 Slacker, jangle, and power-pop revival",Core,"A0552, A0595",Pavement; Guided by Voices,"San Francisco band making murky, distorted slacker-punk descended from Pavement and Guided by Voices' shambling guitar pop.",
Parquet Courts,"New York, NY (via Denton, TX)",The Northeast,2011–2012,"C7 Slacker, jangle, and power-pop revival",Core,"A0506, A0500",Pavement; the Modern Lovers,"Brooklyn-via-Denton band whose talky, deadpan-vocal breakout record is widely cited as the clearest 2010s inheritor of Pavement's slacker guitar pop.",
Pat Green,"Waco, TX",Texas and Oklahoma,2003,"X2 Red Dirt, Texas country, and arena Americana",Context,A2717,Robert Earl Keen; Chris Stapleton; Zach Bryan,Waco singer whose gold-certified breakthrough marked the independent Texas-country dancehall circuit's crossover into Nashville's mainstream.,
Pat Reedy & The Longtime Goners,"New Orleans, LA",The South,2018–2024,V6 2000s–2010s alt-country,V,"A2879, A2880",The Deslondes,"Hard-country, Bakersfield-leaning band that formed busking New Orleans streets and is cited as a direct influence on The Deslondes' honky-tonk shuffle.",
Patsy Cline,"Winchester, VA",The South,1961,R1 Roots,V,A2689,Loretta Lynn; k.d. lang; Neko Case,"Winchester, Virginia singer whose Owen Bradley-produced Nashville Sound records gave later women in country a vocal-forward, string-laden template.",
Patterson Hood,"Athens, GA",The South,2004–2025,V3 Southern storytelling rock,V,"A0949, A0915, A0935, A0980",Drive-By Truckers; David Hood,"Drive-By Truckers frontman whose solo records are quieter, more personal counterparts to his band's storytelling, drawing on his Muscle Shoals session-musician family.",
Paul Cauthen,"Tyler, TX",Texas and Oklahoma,2016–2019,V7 Neo-traditional and 'new outlaw' country,V,"A1313, A1335",Sons of Fathers,"Tyler, Texas singer whose booming, theatrical baritone built gospel-inflected outlaw country after fronting the duo Sons of Fathers.",
Pavement,"Stockton, CA",The West,1992–1999,V10 Slacker and '90s indie rock,V,"A1528, A1553, A1538, A1565",Silver Jews; the Strokes,"Stockton band whose hooky, tape-hissed guitar pop, delivered in Stephen Malkmus's flat, ironic drawl, set the template for the entire slacker-rock movement.",Y
Pearla,"Philadelphia, PA",Philadelphia,2026,C5 Twangy indie folk,Core,A0315,Sadurn; Greg Mendez,"Philadelphia songwriter Nicole Rodriguez whose sparse omnichord-and-acoustic arrangements frame intimate, interior songs.",
Pearl Jam,"Seattle, WA",The West,1991–1993,X8 Grunge and '90s alt radio,Context,"A2774, A2778",Neil Young,"Seattle band whose classic-rock-indebted, arena-scaled grunge debut became the era's other multi-platinum alternative breakthrough alongside Nirvana.",
Pedro the Lion,"Seattle, WA",The West,1998–2000,V12 Slowcore and sadcore,V,"A1742, A1749",Built to Spill; Modest Mouse,"David Bazan's Seattle project, quiet and narrative-driven, connecting 1990s slacker rock's DIY roots to slowcore's hushed, confessional pace.",
Pentangle,"London, England","The UK, Ireland and Canada",1969,V30 British folk rock (selective),V,A2650,Bert Jansch; John Renbourn,"London group fusing folk song, jazz interplay and blues, built from Bert Jansch and John Renbourn's interlocking-guitar folk-club careers.",
Perren,Upstate New York,The Northeast,2025,C8 Modern slowcore and hushed twang,Core,A0730,klark sound; kitship,"Upstate New York project making stripped-back, wistfully optimistic bedroom pop favoring hushed, homemade warmth over polish.",
Peter Case,"Los Angeles, CA",The West,1986,V13 Americana songwriters before the label,V,A1768,the Plimsouls; T Bone Burnett; Dave Alvin; Victoria Williams,"Former Plimsouls frontman who reinvented himself as an acoustic folk-rock singer-songwriter, seeding the Los Angeles Americana movement.",
Phosphorescent,"Athens, GA",The South,2003–2018,V4 Roots-inflected 2000s indie,V,"A1029, A1071, A1047, A1056",Willie Nelson,"Matthew Houck's project that grew from lo-fi home recordings into warm, reverb-soaked, outlaw-country-indebted folk-rock.",
Pinegrove,"Montclair, NJ",The Northeast,2012–2022,C9 Emo-twang crossovers,Core,"A0743, A0749, A0752, A0757","Cusp; Slaughter Beach, Dog","Montclair, New Jersey band whose confessional, run-on-sentence lyricism set to banjo-and-pedal-steel indie rock defined the emo-twang crossover.",Y
The Pine Valley Cosmonauts,"Chicago, IL",Chicago and the Midwest,1998,V9 No Depression and insurgent country,V,A1503,Neko Case; Alejandro Escovedo; Robbie Fulks; Kelly Hogan,"Jon Langford's revolving-door tribute band gathered Bloodshot Records artists to honor Western swing bandleader Bob Wills, a mission statement for insurgent country's roots reverence.",
Pixies,"Boston, MA",The Northeast,1987–1991,V16 American underground and college rock,V,"A1998, A2008, A1984, A2013",Nirvana; Steve Albini,Boston band whose loud-quiet-loud dynamics and Steve Albini-recorded raw production became a direct blueprint for Nirvana and 1990s alternative rock.,
Plains,"Austin, TX / Kansas City, MO",Texas and Oklahoma,2022,C3 New alt-country and honky-tonk bands,Core,A0098,Waxahatchee; Jess Williamson,"One-off duo pairing Waxahatchee's Katie Crutchfield with Jess Williamson, built around plush '90s-country harmonies and pedal steel breakup songs.",Y
The Plimsouls,"Los Angeles, CA",The West,1981–1983,"V17 Jangle and power pop, Big Star to GBV",V,"A2043, A2047",,"Peter Case's post-Nerves band played a rawer, garage-rock-indebted power pop, a key LA link between 1960s jangle and 1980s club-rock energy.",
Plush,"Chicago, IL",Chicago and the Midwest,1998,V2 Drag City deadpan school,V,A0846,Jim O'Rourke; Edith Frost,"Liam Hayes's hushed, piano-led chamber-pop project on Drag City, pairing orchestral arrangement with plain, unadorned vocal delivery.",
Poco,"Los Angeles, CA",The West,1969–1973,V21 Country rock and Cosmic American Music,V,"A2258, A2264, A2277, A2284",Buffalo Springfield; the Eagles; Steve Cropper,"Buffalo Springfield alumni's Los Angeles band that set the template for sweeter, harmony-pop-leaning country rock that shaped the Eagles.",
Polvo,"Chapel Hill, NC",The Carolinas,1992–1996,V10 Slacker and '90s indie rock,V,"A1529, A1577, A1539",Superchunk; Archers of Loaf; Silkworm; the Jesus Lizard,"Chapel Hill band tangling two guitars into dissonant, oddly-tuned patterns that prefigured the American math-rock underground.",
Pony Bradshaw,North Georgia,The South,2023–2024,C2 Barroom storytellers and deadpan songwriters,Core,"A0070, A0074",Jason Isbell,North Georgia songwriter whose character-driven records capture life split between the mountains and the touring road.,
The Pooh Sticks,"Swansea, Wales","The UK, Ireland and Canada",1990,"V17 Jangle and power pop, Big Star to GBV",V,A2064,,"Welsh fanzine-culture band paired trashy, self-aware pop-culture lyrics with genuinely infectious Beatles/Byrds-descended melodies at indie-pop's winking end.",
Porter Wagoner,"Nashville, TN",The South,1967–1970,"V26 Honky-tonk, Bakersfield, and hard country",V,"A2500, A2517",Dolly Parton,"Nashville baritone whose bleak, theatrical story-songs about murder and skid-row ruin predate his famous partnership with Dolly Parton.",
The Posies,"Bellingham, WA",The West,1990–1993,"V17 Jangle and power pop, Big Star to GBV",V,"A2065, A2074",Big Star; Teenage Fanclub,"Bellingham duo Jon Auer and Ken Stringfellow wrapped dense harmonies around ringing guitars, a Pacific Northwest update of the Big Star/Byrds formula.",
Post Malone,"Dallas, TX",The South,2024,X12 Pop and indie artists' country turns,Context,A2829,Tim McGraw; Chris Stapleton; Billy Strings; Sierra Ferrell,Dallas-based pop/hip-hop star whose full turn to country was built on duets with Nashville and bluegrass stars over pedal steel and Telecaster twang.,
Promised Land Sound,"Nashville, TN",The South,2015,C6 Cosmic country and the '70s revival,Core,A0351,Steve Gunn,"Young Nashville band expanding from garage-country burners into ambitious, Byrds/Big Star-indebted psych-country.",
The Promise Ring,"Milwaukee, WI",Chicago and the Midwest,1997,X6 Emo and Midwest emo,Context,A2757,,"Milwaukee band's shift from post-hardcore into jangly, hooky pop-emo bridged hardcore-rooted emo and early-2000s pop-punk-adjacent emo.",
Protomartyr,"Detroit, MI",Chicago and the Midwest,2014–2017,X10 Post-punk and noise rock,Context,"A2804, A2805",Idles; Shame,"Detroit band whose world-weary, half-spoken narration of Rust Belt decay updates Wire and Fall-style post-punk for post-recession America.",
proun,"Austin, TX",Texas and Oklahoma,2026,C9 Emo-twang crossovers,Core,A0769,,"Austin trio led by Jamie Weed mixes '90s alternative dynamics, 2010s emo phrasing and pedal-tinged bedroom folk into cathartic, building songs.",
Punch Brothers,"New York, NY",The Northeast,2008,"X4 Bluegrass, old-time, and newgrass",Context,A2737,Nickel Creek; Billy Strings; Molly Tuttle,"Chris Thile's post-Nickel Creek project pushing bluegrass instrumentation toward classical-adjacent, chamber-music composition and long-form suites.",
Pure Prairie League,"Columbus, OH",Chicago and the Midwest,1972,V21 Country rock and Cosmic American Music,V,"A2278, A2279",Poco,"Ohio band whose gentle, harmony-driven country rock, closer to Poco than the grittier Burritos sound, eventually scored a surprise hit single.",
Purple Mountains,"Chicago, IL",The South,2019,C2 Barroom storytellers and deadpan songwriters,Core,A0059,Silver Jews; Woods,"David Berman's return after retiring Silver Jews, his most bluntly autobiographical record, made with Woods as his backing band shortly before his death.",Y
Pylon,"Athens, GA",The South,1980–1983,"V17 Jangle and power pop, Big Star to GBV",V,"A2040, A2048",R.E.M.; the B-52's; Guadalcanal Diary,"Athens art-school band whose angular, funk-punk debut shares scene DNA with R.E.M. and the B-52's despite a more post-punk sound.",
Quasi,"Portland, OR",The West,1998–1999,V10 Slacker and '90s indie rock,V,"A1601, A1608",Heatmiser; Sleater-Kinney,"Portland duo of Sam Coomes and Janet Weiss pairing a detuned Rocksichord keyboard with powerful drumming for a scrappy, deadpan garage-pop sound.",
Rachel Baiman,"Nashville, TN",The South,2017–2023,C5 Twangy indie folk,Core,"A0165, A0205, A0246",Mandolin Orange; Kara Jackson,"Nashville fiddler whose iconoclastic, bluegrass-rooted folk carries pointed, feminist political songwriting.",
Racing Mount Pleasant,"Ann Arbor, MI",Chicago and the Midwest,2025,"X5 Chamber, baroque, and freak folk",Context,A2753,Beirut; the Decemberists,"Ann Arbor sextet reviving mid-2000s chamber-indie sound with swelling brass, strings and Arcade Fire-scale dynamics.",
Radar Bros.,"Los Angeles, CA",The West,1999,V10 Slacker and '90s indie rock,V,A1609,Grandaddy; Codeine; Bedhead,"Los Angeles band making slow, reverb-soaked guitar rock built on murmured vocals and unhurried, half-asleep song structures.",
Radiator Hospital,"Philadelphia, PA",Philadelphia,2013–2017,"C7 Slacker, jangle, and power-pop revival",Core,"A0512, A0521, A0553",Swearin'; Waxahatchee; Allison Crutchfield; Martha,"Sam Cook-Parrott's project delivering scrappy, hissy, hook-filled home-recorded songs in the classic Philly basement DIY mold.",
Rae Fitzgerald,"Austin, TX",Texas and Oklahoma,2020,C5 Twangy indie folk,Core,A0193,Julia Lucille; RF Shannon,"Austin songwriter whose lo-fi indie-folk EP is built from intimate, close-mic'd acoustic songs.",
Rain Parade,"Los Angeles, CA",The West,1983–1985,V15 Paisley Underground,V,"A1892, A1905",the Dream Syndicate; the Three O'Clock; Opal,"Los Angeles band whose twelve-string, backwards-guitar debut is the most explicitly 1960s-psychedelic record of the Paisley Underground.",
Ramones,"Queens, NY",The Northeast,1976–1977,X14 Punk and hardcore roots,Context,"A2843, A2844, A2845",the Velvet Underground,"Queens band whose buzzsaw, deadpan, fourteen-song debut invented the American punk template almost single-handedly.",
Randy Travis,"Nashville, TN",The South,1986,"X1 Mainstream Nashville, countrypolitan to bro-country",Context,A2705,George Strait; Alan Jackson; Garth Brooks,"Nashville singer whose stripped-down, plainspoken honky-tonk debut reopened the mainstream's door to traditional country instrumentation.",
Rank and File,"Austin, TX",Texas and Oklahoma,1982–1987,V14 Cowpunk and LA roots punk,V,"A1848, A1859, A1880",the Dils; Alejandro Escovedo; True Believers; Jason & the Scorchers,"Austin band formed by punk's Kinman brothers with Alejandro Escovedo, playing straight-faced honky-tonk that coined and defined cowpunk.",
Raspberries,"Cleveland, OH",Chicago and the Midwest,1972,"V17 Jangle and power pop, Big Star to GBV",V,"A2027, A2026",Cheap Trick; the Knack,Cleveland band whose British-Invasion-hooked debut helped define what critics started calling power pop.,
Ratboys,"Chicago, IL",Chicago and the Midwest,2015–2026,C1 Indie twang / yallternative,Core,"A0007, A0021, A0004, A0047",Chris Walla; Wednesday; MJ Lenderman,"Chicago band whose unhurried, twang-flecked indie rock grew from folk-adjacent roots into anthemic, Chris Walla-produced guitar rock.",Y
Ray Charles,"Albany, GA",The South,1962,R1 Roots,V,A2691,Hank Williams,"Albany, Georgia singer whose R&B-and-soul arrangement of Nashville country songs proved country songwriting could carry any genre's treatment.",
Ray Price,"Nashville, TN",The South,1963,"V26 Honky-tonk, Bakersfield, and hard country",V,A2483,Willie Nelson; Johnny Paycheck; Buddy Emmons,Nashville singer whose shuffle-beat honky-tonk album bridged 1950s dance-floor country and the countrypolitan sound he'd soon popularize.,
Ray Wylie Hubbard,"Dallas, TX",Texas and Oklahoma,1975–1978,V24 Texas songwriters and progressive country,V,"A2402, A2413",Jerry Jeff Walker,"Dallas-and-Austin songwriter whose rowdy honky-tonk records eventually reclaimed his own 'Redneck Mother,' the outlaw-country standard Jerry Jeff Walker made famous.",
Real Companion,"Boone, NC",The Carolinas,2024,C1 Indie twang / yallternative,Core,A0030,MJ Lenderman; Merce Lemon,"Boone, North Carolina songwriter narrating aging, addiction and small-town life in wry, half-spoken verses over unhurried heartland-rock backing.",
Real Estate,"Ridgewood, NJ",The Northeast,2009–2011,"C7 Slacker, jangle, and power-pop revival",Core,"A0495, A0501",the Feelies,"Ridgewood, New Jersey band whose hazy, reverb-soaked debut about suburban boredom became foundational to the 2010s jangle revival.",
The Records,"London, England","The UK, Ireland and Canada",1979,"V17 Jangle and power pop, Big Star to GBV",V,A2038,,"British power-pop band built on ringing twelve-string guitar and effortless melody, a UK counterpart to the American Big Star/dB's jangle lineage.",
Red House Painters,"San Francisco, CA",The West,1992–2001,V12 Slowcore and sadcore,V,"A1705, A1711, A1710, A1722",Low; Codeine; Sun Kil Moon,"San Francisco band led by Mark Kozelek whose slow, unhurried, extended-form confessional songs helped define sadcore alongside Low and Codeine.",Y
Red PK,"Chicago, IL",Chicago and the Midwest,2026,C3 New alt-country and honky-tonk bands,Core,A0123,Tobacco City; National Photo Committee,"Chicago songwriter, also the pedal steel player in Tobacco City, making hushed, banjo-and-pedal-steel folk-country under his own name.",Y
Red Red Meat,"Chicago, IL",Chicago and the Midwest,1994–1995,V2 Drag City deadpan school,V,"A0833, A0828",Califone,"Chicago band on Sub Pop playing woozy, blues-damaged roots-rock with slurred, understated vocals that directly seeded Califone.",
Red Simpson,"Bakersfield, CA",The West,1966,"V26 Honky-tonk, Bakersfield, and hard country",V,A2495,Buck Owens,Bakersfield-scene songwriter who carved out the trucker-song niche within hard country using the same treble-forward Telecaster sound as his peers.,
R.E.M.,"Athens, GA",The South,1982–1991,V16 American underground and college rock,V,"A1930, A1937, A1944, A1966",Pylon; the B-52's; Let's Active,Athens band whose chiming Rickenbacker jangle and murmured vocals became the founding document of American college rock.,Y
Remember Sports,"Philadelphia, PA",Philadelphia,2014–2026,"C7 Slacker, jangle, and power-pop revival",Core,"A0596, A0531, A0564, A0676",Swearin'; Waxahatchee; Lawn; Sharp Pins,"Philadelphia band whose scrappy basement pop-punk grew into tighter, anthemic power pop within the city's DIY network.",
Renata Zeiguer,"Brooklyn, NY",The Northeast,2022,C5 Twangy indie folk,Core,A0219,Sam Evian; Timber Timbre,"Brooklyn songwriter making dreamworld folk-pop that mixes hushed vocals, vintage guitar tones and bossa nova influence.",
Renée Reed,"Lafayette, LA",The South,2021,C5 Twangy indie folk,Core,A0206,,"Lafayette, Louisiana songwriter whose dreamy, lo-fi debut mixes Cajun-inflected folk melody with woozy, four-track-style production.",
The Replacements,"Minneapolis, MN",Chicago and the Midwest,1981–1990,V16 American underground and college rock,V,"A1945, A1956, A1986, A1925",Hüsker Dü; Soul Asylum,"Paul Westerberg's Minneapolis band grew from blown-out, funny-sad punk into wrecked, literate songwriting that alt-country and slacker rock claimed as ancestor.",Y
RF Shannon,"Austin, TX",Texas and Oklahoma,2019,C6 Cosmic country and the '70s revival,Core,A0391,Twain; Promised Land Sound,"Austin band making desert-toned cosmic country steeped in Marfa mysticism, all reverb-heavy pedal steel and loping tempos.",
Rhett Miller,"Dallas, TX",Texas and Oklahoma,2002,V6 2000s–2010s alt-country,V,A1169,Old 97's; Jon Brion,"Old 97's frontman whose solo debut leans further into power pop than his main band, made with Jon Brion's polish.",
Richard and Linda Thompson,"London, England","The UK, Ireland and Canada",1974–1982,V30 British folk rock (selective),V,"A2665, A2669, A2667, A2668",Fairport Convention; Joe Boyd,"Post-Fairport Convention duo whose decade-long partnership produced increasingly electric, then devotional, then harder-rocking folk-rock albums.",
Richard Buckner,"San Francisco, CA",The West,1994–1998,V9 No Depression and insurgent country,V,"A1464, A1490, A1504",Lloyd Maines; Giant Sand; Marc Ribot; Tortoise,"Lubbock-rooted songwriter whose lyrically dense, literary records grew from insurgent-country debut into noisier, atmospheric, indie-adjacent territory.",
Richard Thompson,"London, England","The UK, Ireland and Canada",1972,V30 British folk rock (selective),V,A2661,Fairport Convention; Linda Thompson,"Former Fairport Convention guitarist whose first solo album mixed accordion and Northumbrian pipes into dry, story-driven English folk-rock.",
Richmond Fontaine,"Portland, OR",The West,2002–2011,V6 2000s–2010s alt-country,V,"A1170, A1207, A1176, A1190",Calexico; the Delines,"Portland band led by Willy Vlautin, playing lean, pedal-steel country-rock built around Raymond Carver-indebted short-story songwriting about drifters and gamblers.",
Rick Danko,"Woodstock, NY","The UK, Ireland and Canada",1977,V22 Dylan and The Band,V,A2318,The Band; Bobby Charles,"The Band's bassist and singer, whose only solo album is a gentler, more overtly romantic singer-songwriter record than his main band's catalog.",
Rick Nelson & the Stone Canyon Band,"Los Angeles, CA",The West,1970–1972,V21 Country rock and Cosmic American Music,V,"A2280, A2265",Randy Meisner; Poco; the Flying Burrito Brothers,"Former teen idol's country-rock reinvention, trading pop-idol sound for pedal-steel-driven songwriting alongside the Byrds and Burritos scene.",
Riddy Arman,"Livingston, MT",The West,2021,V7 Neo-traditional and 'new outlaw' country,V,A1353,Colter Wall,"Montana ranch hand and musician whose spare, lonesome country-folk debut about rural isolation sounds genuinely lived-in.",
Ride,"Oxford, UK","The UK, Ireland and Canada",1990–1992,X9 Classic shoegaze and dream pop,Context,"A2784, A2789",My Bloody Valentine,"Oxford band whose shoegaze debut balances guitar squall with clearer, more anthemic songwriting than My Bloody Valentine.",
Riley Downing,"New Orleans, LA",The South,2021,V6 2000s–2010s alt-country,V,A2867,The Deslondes; Andrija Tokic; John James Tourville,"Deslondes co-frontman whose solo debut strips the band down to a leaner, twangy honky-tonk record of pedal steel and plainspoken breakup songs.",
Robber Robber,"Burlington, VT","Burlington, Vermont",2026,X10 Post-punk and noise rock,Context,A2807,,"Burlington, Vermont quartet whose thick, distorted, start-stop guitar rock hits harder and more explosively than the band's earlier work.",Y
Robbie Basho,"Berkeley, CA",The West,1965–1978,V8 American Primitive and solo guitar,V,"A1394, A1402, A1398",John Fahey; Sandy Bull; Jack Rose; William Tyler; Marisa Anderson,"Berkeley guitarist whose Takoma-label debut pushed fingerstyle playing toward Native American imagery and Indian classical raga, distinct from Fahey's blues roots.",
Robbie Fulks,"Chicago, IL",Chicago and the Midwest,1996–2016,V6 2000s–2010s alt-country,V,"A1482, A1491, A1191, A1270",Hank Williams; Buck Owens; John Prine; Tom T. Hall,"Chicago songwriter whose classic honky-tonk shuffle and pedal steel carry sharp, funny-sad wit descended from Prine and Tom T. Hall.",
Robert Earl Keen,"Houston, TX",Texas and Oklahoma,1984–1994,V24 Texas songwriters and progressive country,V,"A2419, A2424, A1799, A1793",Lyle Lovett; Nanci Griffith; Guy Clark; Townes Van Zandt,"Houston-and-Austin storyteller whose rowdy, narrative Texas songwriting grew directly out of a college friendship with Lyle Lovett and the Guy Clark tradition.",
Robert Forster,"Brisbane, Australia",Australia and New Zealand,1990,V18 Flying Nun and Antipodean indie,V,A2116,the Go-Betweens; Grant McLennan; Einstürzende Neubauten,"Brisbane songwriter whose post-Go-Betweens solo debut, made in Berlin, traded string-pop sheen for drier, more theatrical literary narratives.",
Robert Hunter,"San Francisco / Marin County, CA",The West,1974,V27 The Grateful Dead and California country-psych,V,A2562,the Grateful Dead; Jerry Garcia; Bob Weir; New Riders of the Purple Sage,"The Grateful Dead's non-performing lyricist stepping out as a singer-songwriter, working the same rustic, image-dense American vernacular he supplied to the band.",
Robert Pollard,"Dayton, OH",Chicago and the Midwest,1996,V11 Lo-fi and home taping,V,A1663,Guided by Voices,"Dayton, OH songwriter whose first billed solo album extended Guided by Voices' four-track jump-cut hooks into an even more fragmented, private home-taped world.",
Rodney Crowell,"Nashville, TN",The South,1978–1988,V19 1980s country rebels,V,"A2166, A2137",Emmylou Harris; Guy Clark; Rosanne Cash,"Nashville songwriter whose Telecaster-driven, guest-heavy roots records set a plainspoken pattern that carried him from cult favorite to chart-topping country hitmaker.",
Rolling Blackouts Coastal Fever,Melbourne,Australia and New Zealand,2016–2022,"C7 Slacker, jangle, and power-pop revival",Core,"A0554, A0565, A0541, A0584",The Clean; The Go-Betweens,"Melbourne trio whose three interlocking guitars and plainspoken, road-trip lyrics make them one of the cleanest modern distillations of Flying Nun/Go-Betweens jangle-pop.",Y
Rosali,"Philadelphia, PA / North Carolina",The South,2018–2024,C6 Cosmic country and the '70s revival,Core,"A0415, A0457, A0380",David Nance; Mowed Sound Band,"Philadelphia-rooted songwriter whose plainspoken, patient folk unravels slowly, opening into fuller guitar-forward rock through her ongoing partnership with a Nebraska backing band.",
Rosanne Cash,"Nashville, TN",The South,1981–1990,V19 1980s country rebels,V,"A2141, A2161, A2173",Rodney Crowell; Guy Clark; Emmylou Harris,"Nashville singer whose rock-informed, gloss-averse country records moved from chart-topping honky-tonk hits to a stark, self-produced turn toward confessional songwriting.",
Rose City Band,"Portland, OR",The West,2019–2025,C6 Cosmic country and the '70s revival,Core,"A0392, A0473, A0405, A0416",Wooden Shjips; Moon Duo,"Ripley Johnson's Portland solo project trades his psych-rock band's krautrock drone for warm, pedal-steel-laced homage to 1970s cosmic country rock.",Y
Rose Haven Motor Hotel,"Jackson, MS",The South,2024–2025,C4 Countrygaze and loud twang,Core,"A2922, A2923",Wednesday; MJ Lenderman,"Jackson, Mississippi band pairing pedal steel with fuzzed-out, loosely played guitar rock in the Wednesday/MJ Lenderman-descended countrygaze and indie-twang lane.",
Rosie Flores,"Los Angeles, CA",The West,1987,V14 Cowpunk and LA roots punk,V,A1881,Screamin' Sirens,LA cowpunk veteran who went solo for a straighter rockabilly-and-honky-tonk major-label debut that briefly crossed her into mainstream country radio.,
Royal Trux,"New York, NY",The Northeast,1990–1999,V2 Drag City deadpan school,V,"A0819, A0824, A0834, A0854",,"New York noise-rock duo whose extreme, uncompromising early Drag City records helped establish the label's tolerance for difficult, DIY-damaged music.",
Rubber Rodeo,"Providence, RI",The Northeast,1984,V14 Cowpunk and LA roots punk,V,A1860,,"Rhode Island art-school band crossing new-wave synths and drum machines with pedal steel and close vocal harmony, an East Coast cousin to LA's cowpunk scene.",
Ruby of Thanks,"Kingston, NY",The Northeast,2026,C5 Twangy indie folk,Core,A0316,Widowspeak; Castanets; Wildflower,"Drummer for several bands who records intimate, handmade home songs under this name, sitting in the Woodsist-orbit lo-fi home-taping tradition.",
Rui Gabriel,"Durham, NC",The Carolinas,2024,"C7 Slacker, jangle, and power-pop revival",Core,A0641,,"Solo debut from a member of a sing-along power-pop and post-punk band, using a lighter palette of fun grooves to write self-aware songs about class and miscommunication.",
Russ Tolman,"Davis, CA",The West,1986,V15 Paisley Underground,V,A1910,True West,"True West co-founder whose solo debut traded that band's guitar noise for cleaner, narrative country-rock songwriting about Western landscapes and small lives.",
Ruston Kelly,"Nashville, TN",The South,2018,C3 New alt-country and honky-tonk bands,Core,A0091,,"Nashville songwriter who coined his own ""dirt emo"" tag, bending outlaw and neo-traditional country vocabulary toward emo's confessional, diary-like mode.",
Rusty Wier,"Austin, TX",Texas and Oklahoma,1975,V24 Texas songwriters and progressive country,V,A2403,,"Austin dancehall fixture whose best-known record delivers hard-strummed, good-time honky-tonk rock built for the rowdier bar-band side of the 1970s scene.",
Ryan Adams,"Nashville, TN",The South,2000–2011,V6 2000s–2010s alt-country,V,"A1161, A1163, A1193, A1171",Whiskeytown; The Cardinals,"Whiskeytown alumnus whose prolific solo catalog ran from spare acoustic breakup records through classic rock, honky-tonk and jam-band detours across a Lost Highway decade.",
Ryan Davis & the Roadhouse Band,"Louisville, KY",The South,2023–2025,C2 Barroom storytellers and deadpan songwriters,Core,"A0071, A0083",State Champion; David Berman; Silver Jews,"Louisville songwriter fronting a barfly-rock band whose wordy, tragicomic double-LP songwriting extends the Silver Jews/David Berman lineage into the 2020s.",Y
Ryley Walker,"Chicago, IL",Chicago and the Midwest,2015–2018,C6 Cosmic country and the '70s revival,Core,"A0352, A0360, A0381",,"Chicago fingerpicker who fused folk songwriting with jazz improvisation into loose, Van Morrison-and-Tim-Buckley-indebted jams before pushing into harder-edged studio experimentation.",
The Sadies,"Toronto, ON","The UK, Ireland and Canada",1998–2022,V6 2000s–2010s alt-country,V,"A1505, A1519, A1182, A1209",Neko Case; Jon Langford; Gary Louris,"Toronto brothers Dallas and Travis Good's reverb-heavy, spaghetti-western twang extended Bloodshot's insurgent-country roster north, also serving as its go-to backing band.",
Sadurn,"Philadelphia, PA",Philadelphia,2022,C5 Twangy indie folk,Core,A0220,Pearla,"Philadelphia songwriter whose spare, diary-like full-band debut folk is indebted to Jason Molina, Gillian Welch and Elliott Smith.",
Saintseneca,"Columbus, OH",Chicago and the Midwest,2014–2025,C5 Twangy indie folk,Core,"A0295, A0152, A0156, A0174",,"Zac Little's Columbus, OH string-band project blending dulcimer, mandolin and balalaika Appalachian instrumentation with denser, electric indie folk-rock across two decades.",
Salem 66,"Boston, MA",The Northeast,1987,V16 American underground and college rock,V,A1987,Dinosaur Jr.,"Boston Homestead-label band pairing twin vocal harmonies over ringing, mid-tempo guitar rock, gentler and more melodic than noisier labelmates.",
The Salvation Army,"Los Angeles, CA",The West,1982,V15 Paisley Underground,V,A1889,The Three O'Clock; The Long Ryders; Thin White Rope,"Michael Quercio's jangly, keyboard-dappled LA band, later renamed the Three O'Clock, cut a scarce foundational document of Paisley Underground jangle-pop.",
Sam Amidon,"Brattleboro, VT",The Northeast,2013,V5 Rootsy indie folk,V,A1132,,"Vermont songwriter reworking old-time and traditional ballads into spare, occasionally jazz-inflected arrangements descended from the Anthology of American Folk Music tradition.",
Sam Blasucci,"Los Angeles, CA (Ojai)",The West,2023–2025,C6 Cosmic country and the '70s revival,Core,"A0444, A0474",Mapache,"Mapache member's solo detour trading intertwined acoustic guitars for a piano-led, fully autobiographical songwriting voice about settling into adult life.",
Sam Burton,"Los Angeles, CA (via Salt Lake City)",The West,2020–2023,C6 Cosmic country and the '70s revival,Core,"A0406, A0445",,"Los Angeles (via Salt Lake City) singer whose high, Roy Orbison-like wail rides moody, echo-laden country-rock production.",Y
Sam Doores,"New Orleans, LA",The South,2020,V6 2000s–2010s alt-country,V,A2866,The Deslondes; Mashed Potato Records and Studio; Riley Downing,"Deslondes co-founder whose Berlin-recorded solo debut trades the band's New Orleans R&B-and-country boogie for Tin Pan Alley pop, cabaret piano and ragtime-tinged acoustic folk.",
Sam Doores + Riley Downing & The Tumbleweeds,"New Orleans, LA",The South,2012,V6 2000s–2010s alt-country,V,A2865,Sam Doores; Riley Downing; The Deslondes; Dan Cutler,"New Orleans trio whose ramshackle, upright-bass country-blues on their sole album became the porch-session prototype for what The Deslondes turned into after a 2013 rename.",
Sam Evian,"Brooklyn, NY / Catskills, NY",The Northeast,2016–2024,C6 Cosmic country and the '70s revival,Core,"A0458, A0361",Hannah Cohen,"Sam Owens's warm, lightly psychedelic bedroom-folk project that grew into the Catskills recording hub he built and produces from as Flying Cloud Studios.",
Sammi Smith,"Nashville, TN",The South,1970,V23 Outlaw country,V,A2335,Kris Kristofferson,Outlaw-era Nashville singer whose smoky hit reading of a then-unknown Kris Kristofferson song made her one of the movement's few prominent female voices.,
Sam Moss,Virginia (formerly New England),The South,2025,C5 Twangy indie folk,Core,A0296,Califone; Megafaun; Mountain Goats; Mountain Man,"Virginia-based (New England-born) fingerstyle guitarist whose raspy, earthy folk draws on the same Appalachian/American Primitive lineage as other song-collecting pickers.",
Sam Outlaw,"Los Angeles, CA",The West,2015–2017,V7 Neo-traditional and 'new outlaw' country,V,"A1308, A1320",,"Los Angeles songwriter working the smooth, string-laced Southern California countrypolitan tradition rather than rowdier outlaw twang.",
Sandy Bull,"New York, NY",The Northeast,1963,V8 American Primitive and solo guitar,V,A1390,Robbie Basho; Marisa Anderson; Chuck Johnson,New York guitarist whose raga- and jazz-inflected banjo-and-electric-guitar debut predates and runs parallel to the Takoma American Primitive scene.,
Sandy Denny,"London, England","The UK, Ireland and Canada",1971–1974,V30 British folk rock (selective),V,"A2658, A2662, A2666",Fairport Convention; Fotheringay,"British folk-rock singer whose Fairport/Fotheringay-rooted solo albums moved from electric folk-rock toward increasingly orchestrated, then cabaret-tinged songwriting.",
Sarah Quintana,"New Orleans, LA",The South,2013–2025,V6 2000s–2010s alt-country,V,"A2875, A2876, A2877, A2878",Hurray for the Riff Raff,"New Orleans folk singer who moved from quiet porch-folk singer-songwriter records toward fuller, Cajun- and R&B-inflected band arrangements across a decade-plus solo catalog.",
Sarah Shook & the Disarmers,"Chapel Hill, NC",The Carolinas,2015–2024,V6 2000s–2010s alt-country,V,"A1262, A1279, A1293, A1297",Sarah Shook and the Devil; Sarah Shook and the Dirty Hands,"Chapel Hill band whose raw, high-lonesome blend of honky-tonk twang and punk attitude built a defiant, road-worn reputation across a Bloodshot-era decade.",
Save Henry,"Nashville, TN",The South,2019–2020,C1 Indie twang / yallternative,Core,"A2925, A2924",,"Nashville bar-band project folding ringing, jangly twang and rock rhythm into loose indie-twang, documented on a studio EP and a live Allston, Massachusetts recording.",
Say Sue Me,"Busan, South Korea",Elsewhere,2014–2022,"C7 Slacker, jangle, and power-pop revival",Core,"A0523, A0566, A0611",,"Busan, South Korea band whose warm, reverb-drenched jangle-pop transplants Flying Nun/Byrds tones into a consistently pristine throwback indie-rock run.",
Scott H. Biram,"Austin, TX",Texas and Oklahoma,2005–2014,V6 2000s–2010s alt-country,V,"A1195, A1199, A1257",,"Austin one-man-band whose distorted solo mix of blues, punk and honky-tonk applies Bloodshot's insurgent-country ethos to raw, punk-blues extremity.",
Scout Niblett,"Nottingham, England","The UK, Ireland and Canada",2010–2013,V2 Drag City deadpan school,V,"A0884, A0888",,"English songwriter whose stark, deadpan-to-shouted guitar-or-piano-and-drums records joined Drag City's roster of raw, minimalist confessional artists.",
Scrawl,"Columbus, OH",Chicago and the Midwest,1988,V16 American underground and college rock,V,A2000,Great Plains,"Columbus, Ohio band led by Marcy Mays and Sue Harshe playing rough, unglamorous Midwestern guitar rock out of the Homestead/Rough Trade college-rock network.",
Screaming Trees,"Ellensburg, WA",The West,1992,X8 Grunge and '90s alt radio,Context,A2776,,"Eastern-Washington band pairing Mark Lanegan's deep baritone with psychedelic, Crazy Horse-adjacent guitar work, a critical favorite within the Seattle grunge scene.",
Screamin' Sirens,"Los Angeles, CA",The West,1984,V14 Cowpunk and LA roots punk,V,A1861,Rosie Flores,"All-female Hollywood cowpunk band mixing country, rockabilly and punk with a rowdy, gang-like energy on the LA club circuit of the early 1980s.",
Scud Mountain Boys,"Northampton, MA",The Northeast,1995–1996,V9 No Depression and insurgent country,V,"A1473, A1735",Pernice Brothers,"Joe Pernice's Northampton band whose quiet, pedal-steel-laced country-rock, played at near-lullaby tempo, bridged 1990s alt-country storytelling and slowcore's hushed sadness.",
Sea Level,"Macon, GA",The South,1977,V28 Southern rock and country soul,V,A2607,The Allman Brothers Band,"Allman Brothers spinoff formed by three of that band's members for a jazzier, fusion-leaning take on the Capricorn Southern-rock sound.",
Seam,"Chicago, IL",Chicago and the Midwest,1992–1995,V10 Slacker and '90s indie rock,V,"A1530, A1540, A1566",Bitch Magnet,"Sooyoung Park's post-Bitch Magnet Chicago band whose patient, hushed-to-loud dynamics helped define 1990s slowcore and influence the emo scenes that followed.",
Sean Thompson's Weird Ears,"Nashville, TN",The South,2018–2025,C6 Cosmic country and the '70s revival,Core,"A0475, A0382",Promised Land Sound; Margo Price,"Nashville sideman's solo project moving from a modest EP to a fuller, cosmic-country-jam debut LP after years of touring for other artists.",Y
Sebadoh,"Westfield, MA",The Northeast,1989–1996,V11 Lo-fi and home taping,V,"A1633, A1640, A1650, A1629",Dinosaur Jr.,"Lou Barlow's post-Dinosaur Jr. band whose raw four-track home-tape collages, split between his confessionals and Eric Gaffney's noise, became a defining lo-fi touchstone.",Y
S.G. Goodman,"Hickman, KY",The South,2020–2025,C3 New alt-country and honky-tonk bands,Core,"A0093, A0099, A0116",Tyler Childers; Ian Noe,"Western-Kentucky songwriter whose rocking, rootsy debut and darker, fuzzier follow-up made her a leading voice of the post-Tyler Childers Kentucky scene.",
Shabason & Krgovich,"Toronto, Ontario / Vancouver, BC","The UK, Ireland and Canada",2026,C8 Modern slowcore and hushed twang,Core,A0735,Sam Amidon,Joseph Shabason and Nicholas Krgovich's chamber-pop duo reaching for CD-era country-rock glow inspired by Neil Young and k.d. lang.,
Shallowater,"Houston, TX (West Texas roots)",Texas and Oklahoma,2023–2025,C4 Countrygaze and loud twang,Core,"A0143, A0140",Dutch Interior; Wednesday,"Houston band (with West Texas roots) whose self-described ""raw West Texas dirtgaze"" swallows dusty country guitar figures in walls of overdriven shoegaze noise.",Y
Shania Twain,"Nashville, TN","The UK, Ireland and Canada",1997,"X1 Mainstream Nashville, countrypolitan to bro-country",Context,A2708,Mutt Lange,Nashville-produced pop-country crossover whose Mutt Lange-produced arena-pop records became the best-selling country album by a woman ever.,
Shannon Lay,"Los Angeles, CA",The West,2017–2026,C5 Twangy indie folk,Core,"A0166, A0184, A0317",Feels; Ty Segall; Kevin Morby,"Los Angeles songwriter whose spare, Nick Drake/Vashti Bunyan-indebted folk grew fuller after she left a punk band for a dedicated solo career.",
Sharon Van Etten,"Brooklyn, NY",The Northeast,2010–2012,V5 Rootsy indie folk,V,"A1122, A1129",The National,"Brooklyn songwriter whose stark, confessional debut grew into a fuller indie-rock sound once the National's Aaron Dessner began producing her.",
Sharp Pins,"Chicago, IL",Chicago and the Midwest,2023–2025,"C7 Slacker, jangle, and power-pop revival",Core,"A0623, A0661, A0662",Lifeguard; Dwaal Troupe; Calvin Johnson,"Kai Slater's Chicago solo power-pop project delivering bedroom-recorded, Big Star/Teenage Fanclub-style hooks released through Calvin Johnson's own imprint.",
Shearwater,"Austin, TX",Texas and Oklahoma,2006–2008,V4 Roots-inflected 2000s indie,V,"A1021, A1038",Okkervil River,"Jonathan Meiburg's project that began as an Okkervil River side band before growing into its own delicate, dynamically extreme chamber-folk act.",
Sheepskin,"Burlington, VT","Burlington, Vermont",2024,C5 Twangy indie folk,Core,A0269,Greg Freeman; vega,"Burlington, Vermont duo making tasteful, close-harmony dual-vocal folk in the old Canvasback/Asthmatic Kitty vein.",
Shel Silverstein,"Chicago, IL",Chicago and the Midwest,1969–1972,V25 Country-folk storytellers,V,"A2439, A2459",Johnny Cash; Bobby Bare; Dr. Hook & the Medicine Show,"Cartoonist and children's author who was also a prolific Nashville country songwriter, collecting his own comic story-songs including a hit later popularized by Johnny Cash.",
Shep Treasure,"Rochester, NY",The Northeast,2026,C8 Modern slowcore and hushed twang,Core,A0736,Joyer,"Rochester songwriter making hazy, meditative folk rock that pairs gorgeousness with eeriness and murky, slowcore-adjacent production.",
The Shins,"Albuquerque, NM",The West,2001,V10 Slacker and '90s indie rock,V,A1617,Flake Music; Modest Mouse,"Albuquerque band setting James Mercer's high, melodic vocals over warm, chiming guitar pop, more polished than the slacker-rock scene it grew from.",
Shirley Collins and Davy Graham,"London, England","The UK, Ireland and Canada",1964,V30 British folk rock (selective),V,A2641,Bert Jansch; John Renbourn; John Martyn; Fairport Convention,"A landmark collaboration setting traditional English and American folk songs against Davy Graham's blues- and jazz-inflected fingerstyle guitar, foundational to British folk-rock.",
Shoes,"Zion, IL",Chicago and the Midwest,1977–1979,"V17 Jangle and power pop, Big Star to GBV",V,"A2032, A2039",,"Zion, Illinois band whose four-track home-recorded debut built genuine Beatles/Big Star melodicism almost entirely from guitars and harmony, an early bedroom-pop blueprint.",
Shoulderbird,"Chicago, IL",Chicago and the Midwest,2025,C5 Twangy indie folk,Core,A0297,Hannah Frances; Minor Moon,"Chicago songwriter's modest, home-recorded project of intimate Midwest Americana about moving, displacement and family.",
Shrunken Elvis,"Nashville, TN",The South,2025,C6 Cosmic country and the '70s revival,Core,A0476,Spencer Cullum's Coin Collection; Sean Thompson's Weird Ears,"Instrumental Nashville sideman trio exploring kosmische, ambient and jazz-fusion textures born from a European tour's worth of jamming.",Y
Sierra Ferrell,"Nashville, TN",The South,2024,"X4 Bluegrass, old-time, and newgrass",Context,A2741,Molly Tuttle; Billy Strings,"West Virginia-to-Nashville songwriter blending bluegrass and old-time instrumentation with vintage country, gypsy-jazz and folk textures into a genuinely idiosyncratic voice.",
Silkworm,"Seattle, WA",The West,1994–2002,V10 Slacker and '90s indie rock,V,"A1554, A1578, A1602, A1614",,"Missoula-to-Seattle-to-Chicago band led by two songwriters whose lean, riff-driven, literate guitar rock moved through Matador and Touch and Go across a decade-plus run.",
The Silos,"New York, NY",The Northeast,1987–1990,V9 No Depression and insurgent country,V,"A1441, A1447",Jason and the Scorchers; The dB's,"New York band mixing plainspoken country-rock with downtown-scene toughness, an early marker of alt-country cut before the term existed.",
Silver Jews,"Hoboken, NJ",The Northeast,1992–2008,V2 Drag City deadpan school,V,"A0829, A0837, A0848, A0872",Pavement; Stephen Malkmus; Bob Nastanovich; MJ Lenderman,"David Berman's Drag City band, formed with Pavement's Stephen Malkmus and Bob Nastanovich, whose deadpan, aphoristic songwriting became the touchstone for wry indie-country storytelling.",Y
Silver Synthetic,"New Orleans, LA",The South,2021–2025,C6 Cosmic country and the '70s revival,Core,"A0417, A0477",Bottomfeeders,"New Orleans garage-punk veteran's pivot toward warm, chiming '70s classic rock and cosmic pop.",Y
Sima Cunningham,"Chicago, IL",Chicago and the Midwest,2024,C5 Twangy indie folk,Core,A0270,Finom; Elizabeth Moen,"Chicago songwriter (one half of a DIY-scene duo) whose ornate, emotionally heavy solo debut moves from spare piano balladry to cathartic full arrangements.",
Simon Joyner,"Omaha, NE",Chicago and the Midwest,1994–1998,V2 Drag City deadpan school,V,"A0830, A0849",Conor Oberst; Silver Jews,"Omaha songwriter working independently but in strikingly similar deadpan, plainspoken narrative territory to early Silver Jews, later cited by Conor Oberst as a foundational influence.",
Sinai Vessel,"Asheville, NC",The Carolinas,2020–2024,C9 Emo-twang crossovers,Core,"A0753, A0763",Wednesday; MJ Lenderman,"Caleb Cordes's Asheville project that moved from twinkly emo toward heavier, patient, Americana-inflected indie rock about guilt, grief and the toll of touring.",
Sir Douglas Quintet,"San Antonio, TX",Texas and Oklahoma,1969,V24 Texas songwriters and progressive country,V,A2385,Bob Dylan; Willie Nelson; Flaco Jimenez,"Doug Sahm's Texas band whose garage rock, Tex-Mex and homesick country hybrid made him a connective figure across the whole Texas music scene.",
Skyway Man,"Oakland, CA",The West,2023,C6 Cosmic country and the '70s revival,Core,A0446,The Dead Tongues; Erin Rae; Vetiver; Spencer Cullum,James Wallace's kaleidoscopic Oakland psych project mixing piano-led rock with dense arrangements and a wide cast of Nashville/Asheville cosmic-country guests.,
Slaid Cleaves,"Austin, TX",Texas and Oklahoma,1997–2006,V6 2000s–2010s alt-country,V,"A1162, A1492, A1183, A1200",Guy Clark; Townes Van Zandt,"Austin-based, Maine-raised songwriter whose plainspoken, working-class character studies extend the Guy Clark/Townes Van Zandt Texas storytelling lineage into the 2000s.",
"Slaughter Beach, Dog","Philadelphia, PA",Philadelphia,2016–2023,C9 Emo-twang crossovers,Core,"A0760, A0744, A0746, A0750",Modern Baseball,"Jake Ewald's post-Modern Baseball project moving from pop-punk urgency into loose, talky Americana and alt-country storytelling about small-town life.",
Sleeper's Bell,Chicago,Chicago and the Midwest,2025,C5 Twangy indie folk,Core,A0298,Hazel City; Jessica Risker,"Chicago DIY-folk act making quiet, unhurried guitar-and-voice recordings with occasional full-band lift, released on a small spring vinyl pressing.",Y
Sloan,"Halifax, Nova Scotia","The UK, Ireland and Canada",1994,"V17 Jangle and power pop, Big Star to GBV",V,A2077,,"Halifax band that abandoned its grunge debut for a warmer, four-songwriter Beatles/Byrds/Kinks-style melody blend that became hugely influential on Canadian indie rock.",
Slobberbone,"Denton, TX",Texas and Oklahoma,1996–2002,V3 Southern storytelling rock,V,"A0897, A0898, A0902, A0908",Centro-matic; The Drams,"Denton, Texas band fronted by Brent Best playing loud, scrappy punk-and-country songwriting about small-town boredom and hard luck.",
Slowdive,"Reading, UK","The UK, Ireland and Canada",1993–1995,X9 Classic shoegaze and dream pop,Context,"A2791, A2793",My Bloody Valentine,"Reading, UK shoegaze band that slowed My Bloody Valentine's roar into ambient-leaning dream pop, becoming the most cited touchstone for 2010s shoegaze revival bands.",
Slow Pulp,"Chicago, IL",Chicago and the Midwest,2020–2026,"C7 Slacker, jangle, and power-pop revival",Core,"A0624, A0585, A0677",Wednesday; Great Grandpa,"Madison/Chicago band blending blown-out shoegaze guitar with increasingly hooky, Americana-tinged pop songwriting.",
Sluice,"Durham, NC",The Carolinas,2023–2026,C8 Modern slowcore and hushed twang,Core,"A0707, A0737",Fust,"Justin Morris's Durham, North Carolina project turning river-and-faith reflections into open-hearted, pastoral fingerpicked folk-rock.",Y
Small Factory,"Providence, RI",The Northeast,1993,V10 Slacker and '90s indie rock,V,A1541,Unrest,"Providence duo making spare, deadpan boy-girl indie pop in the vein of early Beat Happening and Unrest.",
The Smithereens,"Carteret, NJ",The Northeast,1986–1988,"V17 Jangle and power pop, Big Star to GBV",V,"A2057, A2062",The dB's; Tommy Keene,"New Jersey band built around Pat DiNizio's dark baritone and British Invasion-schooled jangle, turning power pop toward moodier, adult subject matter.",
Smog,"Chicago, IL",Chicago and the Midwest,1990–2005,V2 Drag City deadpan school,V,"A0842, A0855, A0873, A0826",Silver Jews; Will Oldham; Palace,"Bill Callahan's long-running Drag City project, moving from close-mic'd four-track confessionals through fuller, country-inflected arrangements before he began recording under his own name.",Y
Snail Mail,"Baltimore, MD",The Northeast,2018–2026,"C7 Slacker, jangle, and power-pop revival",Core,"A0567, A0597, A0678",,"Lindsey Jordan's Baltimore project whose plainspoken, diaristic teenage debut of clean, jangly guitar-pop became a defining record of the 2010s slacker-rock revival.",
Snapper,"Dunedin, New Zealand",Australia and New Zealand,1990,V18 Flying Nun and Antipodean indie,V,A2117,The Clean; The Chills,"Dunedin band built around founding Clean member Peter Gutteridge's droning, Velvet Underground-indebted guitar, pushing the scene's jangle toward heavier feedback-caked noise-rock.",
Sneaky Feelings,"Dunedin, New Zealand",Australia and New Zealand,1984–1986,V18 Flying Nun and Antipodean indie,V,"A2091, A2097",The Chills; The Clean,"Dunedin band from the original Dunedin Double EP whose clean, 1960s-pop-indebted songwriting made them Flying Nun's most straightforwardly tuneful act.",
Snocaps,"Asheville, NC",The Carolinas,2025,C1 Indie twang / yallternative,Core,A0038,Waxahatchee; P.S. Eliot; MJ Lenderman,"Surprise one-off project pairing the Crutchfield sisters with MJ Lenderman and Brad Cook for warm, harmony-driven indie rock, the sisters' first record together since their teenage punk band.",
Soccer Mommy,"Nashville, TN",The South,2018,"C7 Slacker, jangle, and power-pop revival",Core,A0568,,"Sophie Allison's Nashville project that moved her Bandcamp bedroom-pop into full-band, 90s-alt-rock-indebted confessional songwriting about jealousy and self-doubt.",
Social Distortion,"Fullerton, CA",The West,1988,V14 Cowpunk and LA roots punk,V,A1884,,"Orange County punk band whose pullback from hardcore speed into slower, twangier, Johnny Cash-inflected songwriting marked cowpunk's late entry point.",
Songs: Ohia,"Chicago, IL",Chicago and the Midwest,1997–2003,V1 Molina and the Magnolia circle,V,"A0772, A0779, A0784, A0787",Will Oldham; Palace; Alasdair Roberts; Magnolia Electric Co.,"Jason Molina's stark, haunted Chicago project, moving from spare voice-and-guitar records to the Crazy Horse-scaled sound that led to his later band's name.",Y
Sonic Youth,"New York, NY",The Northeast,1983–1995,V16 American underground and college rock,V,"A1988, A2001, A1957, A1967",Glenn Branca,"New York band whose alternate-tuned, prepared-guitar no-wave noise evolved into structured, anthemic noise-rock across a run from SST to Geffen.",Y
Son Volt,"Belleville, IL",Chicago and the Midwest,1995–2009,V9 No Depression and insurgent country,V,"A1474, A1493, A1506, A1522",Uncle Tupelo,"Jay Farrar's post-Uncle Tupelo band whose somber, pedal-steel-heavy records became the definitive sound most people mean by 1990s insurgent country.",Y
Soul Asylum,"Minneapolis, MN",Chicago and the Midwest,1986–1988,V16 American underground and college rock,V,"A1968, A1969, A2002",Husker Du; The Replacements,"Minneapolis Twin/Tone band whose melodic punk, produced early on by Husker Du's Bob Mould, carried a rootsier heartland-rock lean toward a mainstream crossover.",
Souled American,"Chicago, IL",Chicago and the Midwest,1988–1996,V9 No Depression and insurgent country,V,"A1442, A1444, A1448, A1455",,"Chicago band whose glacially slow, dub-inflected pedal-steel country records became an unheralded root of alt-country's stranger, slower fringe.",
Soundgarden,"Seattle, WA",The West,1991–1994,X8 Grunge and '90s alt radio,Context,"A2775, A2779",,Seattle band whose Sabbath/Zeppelin-indebted metal-leaning grunge helped push the genre onto hard-rock radio.,
Soup Dreams,"Philadelphia, PA",Philadelphia,2025,C9 Emo-twang crossovers,Core,A2926,Truth Club; MJ Lenderman,"Philadelphia band moving between twangy indie rock and anxious emo structures, self-tagged Americana, alt-country, art rock and emo at once.",
Souther-Hillman-Furay Band,"Los Angeles, CA",The West,1974–1975,V21 Country rock and Cosmic American Music,V,"A2287, A2290",The Byrds; The Flying Burrito Brothers; Poco; J.D. Souther,Country-rock supergroup pairing Byrds/Burritos bassist Chris Hillman and Poco founder Richie Furay with Laurel Canyon songwriter J.D. Souther.,
Southern Culture on the Skids,"Chapel Hill, NC",The Carolinas,1991–1995,V9 No Depression and insurgent country,V,"A1475, A1450",,"Chapel Hill band pairing surf-guitar twang with gleeful, self-aware trailer-park kitsch and B-movie Southern theater.",
South San Gabriel,"Denton, TX",Texas and Oklahoma,2000–2005,V1 Molina and the Magnolia circle,V,"A0793, A0780",Centro-matic,"Will Johnson's hushed, slow-tempo alter ego to his main band, exploring the slowcore-adjacent side of the Denton, Texas scene.",
Spain,"Los Angeles, CA",The West,1995,V12 Slowcore and sadcore,V,A1723,Charlie Haden,"Josh Haden's (son of bassist Charlie Haden) Los Angeles project setting a low, unhurried voice over minimal, jazz-inflected slowcore arrangements.",
Sparklehorse,"Richmond, VA",The South,1995–2001,V11 Lo-fi and home taping,V,"A1657, A1677, A1688",,"Mark Linkous's Richmond, Virginia project built from hushed, hiss-laden home recordings that swing between fragile acoustic passages and sudden bursts of distortion.",
Speedy Ortiz,"Northampton, MA",The Northeast,2013–2023,"C7 Slacker, jangle, and power-pop revival",Core,"A0513, A0532, A0569, A0625",,"Sadie Dupuis's Northampton/Philadelphia band whose knotty, Guided-by-Voices/Pavement-indebted guitar riffs and sardonic lyrics defined a key 2010s slacker-noise-rock crossover.",
Spencer Cullum's Coin Collection,"Nashville, TN",The South,2020–2026,C6 Cosmic country and the '70s revival,Core,"A0407, A0447, A0489",Erin Rae; Andrew Combs; Rich Ruth,Nashville pedal-steel sideman Spencer Cullum's bandleader project turning his session work into English-folk-rock-inflected songwriting across a trilogy of albums.,Y
Spencer Hoffman,"Los Angeles, CA",The West,2026,C5 Twangy indie folk,Core,A0318,,"Los Angeles songwriter making buoyant, bittersweet '70s-influenced folk-rock built on acoustic guitars, piano and orchestral touches.",
Spencer Radcliffe,Ohio (formerly Chicago),Chicago and the Midwest,2014–2025,C1 Indie twang / yallternative,Core,"A0039, A0001, A0003",Ratboys,"Long-running solo songwriter (Chicago, then Ohio) whose early sparse home recordings eventually fed into fuzzy, hypnotic Midwest indie-twang.",Y
The Spinanes,"Portland, OR",The West,1993–1996,V10 Slacker and '90s indie rock,V,"A1542, A1579",,Portland two-piece with no bassist gave Rebecca Gates's murmured vocals and open-tuned guitar an airy sound apart from Sub Pop's grunge reputation.,
Spirit Josh,"Toronto, ON","The UK, Ireland and Canada",2019–2023,C5 Twangy indie folk,Core,"A2927, A2928, A2929",,"Toronto lo-fi project of Matt Jonn Lewis, begun as a tribute to his late brother Josh, moving toward slightly fuller band arrangements over three alt-country and indie-folk albums.",
Spoon,"Austin, TX",Texas and Oklahoma,1996–2001,V10 Slacker and '90s indie rock,V,"A1618, A1580, A1603",,"Austin band that moved from noisy Pixies/Wire-indebted post-punk through a bruising major-label detour to the minimalist, rhythm-forward sound that defined their Merge Records run.",
Squirrel Bait,"Louisville, KY",The South,1985–1987,V16 American underground and college rock,V,"A1958, A1989",Slint; Bastro; Gastr del Sol,Teenage Louisville hardcore-turned-post-hardcore band whose members immediately scattered into two pillars of the American underground after this short-lived group split.,
Squirrel Flower,"Chicago, IL / Iowa",The Northeast,2020–2026,C8 Modern slowcore and hushed twang,Core,"A0693, A0022, A0145",Wednesday,"Ella Williams's evolving Chicago/Iowa project moving from hushed indie folk-rock toward dense, countrygaze-adjacent guitar-wall rock produced within the Asheville scene network.",
The Stanley Brothers,"Dickenson County, VA",The South,1958,R1 Roots,V,A2683,,"Carter and Ralph Stanley's high, hard mountain harmonies and clawhammer-descended banjo sat closer to old ballad tradition than Bill Monroe's smoother bluegrass.",
Star Moles,Philadelphia (via New Hampshire),Philadelphia,2026,C5 Twangy indie folk,Core,A0319,Sleeper's Bell; Hazel City,"Prolific Bandcamp DIY songwriter making lo-fi home recordings with a loose, sci-fi-inflected sense of humor across ten-plus full-lengths.",Y
State Champion,"Louisville, KY",The South,2015–2018,C2 Barroom storytellers and deadpan songwriters,Core,"A0053, A0056",Ryan Davis & the Roadhouse Band; Catherine Irwin; Freakwater; David Berman,"Ryan Davis's main band before his solo Roadhouse Band project, playing loose, twangy ""Beard Rock"" built to carry his dense, surrealist wordplay.",
Steeleye Span,"London, England","The UK, Ireland and Canada",1971,V30 British folk rock (selective),V,A2659,Fairport Convention,Ashley Hutchings's (ex-Fairport Convention) harder-line electric folk band pushing British traditional song even further from rock-band conventions.,
The Steel Woods,"Nashville, TN",The South,2017–2019,X11 Modern Southern rock,Context,"A2813, A2816",,"Nashville band fusing heavy Skynyrd/Zeppelin riffing with outlaw-country songwriting, a harder-rocking branch of Southern rock cut short by a guitarist's death.",
Stella Donnelly,"Perth, Australia",Australia and New Zealand,2019–2025,C5 Twangy indie folk,Core,"A0185, A0221, A0299",Julia Jacklin,"Perth songwriter whose plainspoken, funny-sad lyrics and light, jangly indie-folk arrangements grew out of the city's DIY scene.",
Stephen Malkmus,"Portland, OR",The West,2001–2003,V10 Slacker and '90s indie rock,V,"A1619, A1621",Pavement,"Pavement frontman's solo project, backed by the Jicks, extending that band's off-kilter guitar melodies and cryptic wordplay into looser, more classic-rock-leaning territory.",
Steve Earle,"Nashville, TN",The South,1986–2002,V13 Americana songwriters before the label,V,"A2151, A2167, A1804, A1810",Guy Clark; The Del McCoury Band; The Pogues,"Nashville songwriter whose hard-Telecaster country-rock debut gave way, after prison, to a prolific, genre-hopping run of Americana and protest records that shaped the alt-country era.",
Steve Earle & the Del McCoury Band,"Nashville, TN",The South,1999,V13 Americana songwriters before the label,V,A1828,The Del McCoury Band; Steve Earle,"Steve Earle's full album of original bluegrass, written for and performed live with a celebrated bluegrass band.",
Steve Fromholz,"Austin, TX",Texas and Oklahoma,1976,V24 Texas songwriters and progressive country,V,A2406,Guy Clark; Jerry Jeff Walker,"Austin-scene songwriter (later Texas poet laureate) whose wry, plainspoken character songs and much-covered ""Texas Trilogy"" made him a beloved fixture of the progressive-country movement.",
Steve Goodman,"Chicago, IL",Chicago and the Midwest,1971–1975,V25 Country-folk storytellers,V,"A2452, A2460, A2468",John Prine; Bob Dylan; Jimmy Buffett,Chicago folk songwriter whose train travelogue song and tight partnership with John Prine anchored the city's mutually supportive early-1970s folk-club circuit.,
Steve Gunn,"Philadelphia, PA / Brooklyn, NY",Philadelphia,2009–2021,C6 Cosmic country and the '70s revival,Core,"A0347, A1411, A0342, A0362",Jack Rose,"Brooklyn/Philadelphia guitarist whose raga-inflected instrumental records grew into full-band, sun-warmed cosmic-country songwriting on Matador.",
Steve Wynn,"Los Angeles, CA",The West,1990,V15 Paisley Underground,V,A1921,The Dream Syndicate,"Dream Syndicate frontman whose first solo album after that band's breakup traded noise-guitar sprawl for cleaner, song-focused Americana-facing roots rock.",
Steve Young,"Nashville, TN",The South,1969–1978,V23 Outlaw country,V,"A2332, A2339, A2376",Waylon Jennings; Townes Van Zandt,"Nashville songwriter whose ""Seven Bridges Road"" (later an Eagles hit) and rough, plainspoken country-rock made him a direct forerunner of the outlaw movement.",
The Stills-Young Band,Ontario (via California),"The UK, Ireland and Canada",1976,V20 Neil Young and the Crazy Horse universe,V,A2193,,"A Stephen Stills/Neil Young duo record born from a collapsed CSNY reunion, a warm country-rock footnote tracing back to Buffalo Springfield.",
St. Marlboro,"Chicago, IL",Chicago and the Midwest,2021–2025,C1 Indie twang / yallternative,Core,"A2930, A2931",,"Chicago band playing fast, twangy cowpunk descended from X and Jason & the Scorchers, filtered through 2010s-2020s DIY indie-rock recording.",
The Stooges,"Ann Arbor, MI",Chicago and the Midwest,1969,V29 Velvet Underground and proto-indie,V,A2616,The Velvet Underground,"Ann Arbor band, produced by John Cale, stripped rock to primitive riffs and yowled vocals, a foundational text for punk out of Velvet Underground drone.",
Straitjacket Fits,"Dunedin, New Zealand",Australia and New Zealand,1988–1990,V18 Flying Nun and Antipodean indie,V,"A2109, A2118",The Verlaines; The Bats; Bike,"Dunedin band formed from ex-Verlaines and Bats members, pushing the scene's jangle toward louder, more distorted noise-pop.",
Strand of Oaks,"Philadelphia, PA",Elsewhere,2010–2019,V4 Roots-inflected 2000s indie,V,"A1072, A1081, A1057",My Morning Jacket; J Mascis,"Timothy Showalter's Philadelphia project moving from hushed, gothic folk records to arena-scaled, cathartic rock aided by My Morning Jacket and J Mascis.",
Strange Ranger,"Missoula, MT / Philadelphia, PA",The West,2016–2023,C9 Emo-twang crossovers,Core,"A0761, A0751, A0745, A0747",,"Missoula/Portland/Philadelphia band (formerly billed under another name) whose emo-tinged, twangy indie rock cycled through noisier and electronic phases before returning to guitars.",
Sturgill Simpson,"Nashville, TN",The South,2013–2021,V7 Neo-traditional and 'new outlaw' country,V,"A1302, A1304, A1314, A1336",Tyler Childers; Colter Wall,"Nashville songwriter whose straight hard-country debut gave way to psychedelic, genre-hopping ""new outlaw"" records spanning soul, arena rock and bluegrass.",
Styrofoam Winos,"Nashville, TN",The South,2024–2026,C2 Barroom storytellers and deadpan songwriters,Core,"A0075, A0088",Ryan Davis & the Roadhouse Band; MJ Lenderman,"Three Nashville solo songwriters trading instruments and lead vocals for a shaggy-dog, Feelies-ish ""patio album"" sound tied to the city's dive-bar scene.",
Sufjan Stevens,"New York, NY",Elsewhere,2005–2015,"X5 Chamber, baroque, and freak folk",Context,"A2746, A2751",,"New York songwriter whose sprawling concept album pushed chamber-folk into theatrical baroque-pop before a later record stripped back to hushed, devastating acoustic songwriting.",
Summer Dean,"Fort Worth, TX",Texas and Oklahoma,2023,V7 Neo-traditional and 'new outlaw' country,V,A1375,Joshua Ray Walker; Vincent Neil Emerson,"Fort Worth songwriter whose confident, big-voiced honky-tonk about aging and ambition is a sturdy entry in the current Texas revival.",
Sunday Mourners,Los Angeles,The West,2026,"C7 Slacker, jangle, and power-pop revival",Core,A0679,,Los Angeles band blending frantic C86-style jangle-pop with post-punk urgency across a debut full of tightly wound guitar interplay.,Y
Sun Kil Moon,"San Francisco, CA",The West,2003–2008,V12 Slowcore and sadcore,V,"A1762, A1765",Red House Painters,"Mark Kozelek's post-Red House Painters project extending that band's extended, confessional storytelling songwriting into the 2000s.",
Sunny Day Real Estate,"Seattle, WA",The West,1994,X6 Emo and Midwest emo,Context,A2754,American Football,"Seattle band whose Diary is considered the foundational second-wave emo album, launching a lineage that later fed twangy indie crossovers via American Football.",
Sunny War,"Los Angeles, CA",The West,2021–2025,C5 Twangy indie folk,Core,"A0247, A1355, A0300",,"Los Angeles (via Venice Beach busking) songwriter blending folk-punk fingerpicking with gospel, blues and roots textures on records featuring high-profile guests.",
Superchunk,"Chapel Hill, NC",The Carolinas,1990–2010,V10 Slacker and '90s indie rock,V,"A1555, A1567, A1524, A1525",,"Chapel Hill band co-founded by Mac McCaughan and Laura Ballance (also founders of Merge Records), whose hardcore-pop energy matured into melodic, occasionally orchestrated indie rock.",Y
Superviolet,"Columbus, OH",Chicago and the Midwest,2023,"C7 Slacker, jangle, and power-pop revival",Core,A0626,,"Columbus, Ohio power-pop project in the Teenage Fanclub/Superchunk lineage, part of the 2020s power-pop revival.",
Swampwater,"Los Angeles, CA",The West,1971,V21 Country rock and Cosmic American Music,V,A2272,Linda Ronstadt,"Nashville West alumnus Gib Guilbeau's loose, cajun-tinged country-rock band that began as Linda Ronstadt's backing group.",
Swearin',"Philadelphia, PA",Philadelphia,2012–2018,"C7 Slacker, jangle, and power-pop revival",Core,"A0507, A0514, A0570",Waxahatchee; Radiator Hospital,"Philadelphia band led by Allison Crutchfield and Kyle Gilbride playing scrappy, fuzzed-out guitar-pop out of the same DIY scene as Waxahatchee.",
Sweethearts of the Rodeo,"Los Angeles, CA",The West,1986,V19 1980s country rebels,V,A2152,Vince Gill; The Byrds,"Sister duo whose tight sibling-harmony country-rock, with Vince Gill guesting, put a rare female duo at the center of the mid-1980s neotraditional boom.",
Swirlies,"Boston, MA",The Northeast,1993,X9 Classic shoegaze and dream pop,Context,A2792,,"Boston band whose shoestring, noise-collaged debut became the defining American shoegaze record and a direct forerunner of noisier countrygaze textures.",Y
Sylvie,"Los Angeles, CA",The West,2021,C6 Cosmic country and the '70s revival,Core,A0419,Golden Daze; Drugdealer; Sam Burton,Ben Schwab's Los Angeles trio project whose mostly-covers debut EP connects the LA psych scene to softer country-folk through a guest vocalist.,
Symbol Soup,"London, UK","The UK, Ireland and Canada",2026,C2 Barroom storytellers and deadpan songwriters,Core,A0089,,"London songwriter whose charming, conversational folk-rock moves at an ambling pace squarely in the wordy funny-sad Prine/Berman tradition.",
Tall Dwarfs,"Auckland, New Zealand",Australia and New Zealand,1990–1991,V18 Flying Nun and Antipodean indie,V,"A2119, A2125",Toy Love; Guided by Voices; Sebadoh,"Chris Knox and Alec Bathgate's Auckland duo whose home four-track, drum-machine pop directly prefigured American lo-fi acts like Guided by Voices and Sebadoh.",
Tammy Wynette,"Nashville, TN",The South,1967–1970,"V26 Honky-tonk, Bakersfield, and hard country",V,"A2509, A2514, A2501, A2518",Billy Sherrill; George Jones,Nashville singer whose Billy Sherrill-produced countrypolitan records defined the string-laden Epic sound of the late 1960s and became genre landmarks.,
Tapir!,"London, UK","The UK, Ireland and Canada",2024,"X5 Chamber, baroque, and freak folk",Context,A2752,Sufjan Stevens,"UK sextet whose biblical, orchestrated art-folk concept album continues the chamber-folk tradition popularized by Sufjan Stevens into the current UK indie scene.",
Tara Jane O'Neil,"Los Angeles, CA",The West,2024,C5 Twangy indie folk,Core,A0271,Rodan,"Former Rodan bassist turned solo songwriter making knotty, patient records that veer between mesmerizing folk, psych drone and glitchy ambient textures.",
Tarnation,"San Francisco, CA",The West,1995,V12 Slowcore and sadcore,V,A1724,Red House Painters,"Paula Frazer's San Francisco project pairing a cinematic torch-singer voice with slow, pedal-steel country balladry, an odd but fitting fit on 4AD.",
Tav Falco's Panther Burns,"Memphis, TN",The South,1981–1982,V14 Cowpunk and LA roots punk,V,"A1844, A1849",Alex Chilton; Jessie Mae Hemphill,"Memphis outfit playing deliberately primitive, art-damaged rockabilly and blues rooted in the city's Sun Records-era tradition.",
T Bone Burnett,"Los Angeles, CA",The West,1980–1983,V19 1980s country rebels,V,"A2138, A2143",The Alpha Band; Bob Dylan,"Los Angeles songwriter (ex-Alpha Band, Bob Dylan's Rolling Thunder Revue) whose wry, unglamorous roots-rock records built his reputation as a roots theorist and future producer.",
Teal Peel,"Jacksonville, FL",The South,2023,C6 Cosmic country and the '70s revival,Core,A2932,,"Jacksonville, Florida band with a dedicated pedal steel player making breezy, jam-friendly Dead/Gram Parsons-descended cosmic country.",
Teddy and the Rough Riders,"Nashville, TN",The South,2019–2024,C6 Cosmic country and the '70s revival,Core,"A0394, A0460",Promised Land Sound; Erin Rae,"Nashville four-piece playing Dead-inspired psychedelic twang alongside rowdy garage energy, recorded live-in-the-room at Sam Phillips Recording.",
Teenage Fanclub,"Glasgow, Scotland","The UK, Ireland and Canada",1990–2000,"V17 Jangle and power pop, Big Star to GBV",V,"A2069, A2080, A2066, A2081",,Glasgow band whose fuzzy 1990 debut evolved into the clearest 1990s heir to the Big Star/Byrds jangle-pop sound across a decade-plus Creation/Columbia run.,
Teethe,Texas,Texas and Oklahoma,2020–2025,C8 Modern slowcore and hushed twang,Core,"A0731, A0694",,"Texas slowcore band whose self-produced debut and richer, pedal-steel-laced follow-up refine dark, hushed indie rock.",
Te Huhu,"Auckland, New Zealand",Australia and New Zealand,2024,C6 Cosmic country and the '70s revival,Core,A0459,,"Auckland quartet mixing desert twang, brooding psych atmospherics and country phrasing into immersive, dynamically wide-ranging arrangements.",
Television,"New York, NY",The Northeast,1977,V29 Velvet Underground and proto-indie,V,A2633,,"New York band whose Marquee Moon traded punk's power chords for long, interlocking clean-guitar lines that directly influenced R.E.M. and Sonic Youth.",
Tenci,"Chicago, IL",Chicago and the Midwest,2022,C5 Twangy indie folk,Core,A0222,Jessica Risker,"Chicago songwriter Jess Shoman's project pairing raw, cracked-voiced folk with a bandmate's saxophone and guitar in a whimsical, homespun style.",
Terry,"Melbourne, Australia",Australia and New Zealand,2016–2023,"C7 Slacker, jangle, and power-pop revival",Core,"A0555, A0571, A0627, A0542",Total Control; UV Race; Blank Realm,"Melbourne supergroup (members of Total Control, UV Race and Blank Realm) making wiry, deadpan guitar-pop that evolved into terse, hooky art-punk across four albums.",
Terry Allen,"Lubbock, TX",Texas and Oklahoma,1975–1979,V24 Texas songwriters and progressive country,V,"A2404, A2416",The Flatlanders; Joe Ely,"Lubbock visual artist and songwriter whose conceptual debut and sprawling hometown song cycle turned satirical, gothic storytelling into a cult classic of the Texas songwriter scene.",
Tex & the Horseheads,"Los Angeles, CA",The West,1984–1985,V14 Cowpunk and LA roots punk,V,"A1862, A1871",X; Screamin' Sirens,"LA band fronted by Texacala Jones fusing classic country-and-western phrasing with deathrock's darker, theatrical punk edge.",
Thinking Fellers Union Local 282,"San Francisco, CA",The West,1994,V10 Slacker and '90s indie rock,V,A1556,Pavement; Yo La Tengo,San Francisco collective mixed tightly constructed pop songs with ambient noise collages and sudden left turns on their Matador debut.,
Thin White Rope,"Davis, CA",The West,1985–1988,V15 Paisley Underground,V,"A1906, A1917, A1915",True West; The Dream Syndicate,"Guy Kyser's Davis, California band took Paisley Underground's Velvets worship into darker, feedback-choked gothic desert-noise territory.",
This Is Lorelei,"New York, NY",The Northeast,2024–2025,"C7 Slacker, jangle, and power-pop revival",Core,"A0642, A0663",Water From Your Eyes,"Nate Amos's solo project delivers warped, hooky pop songs mixing drum machines with genuine Big Star-descended power-pop songwriting.",
Th' Legendary Shack Shakers,"Murray, KY",The South,2003–2004,V6 2000s–2010s alt-country,V,"A1177, A1184",,"Kentucky band fronted by J.D. Wilkes mixing rockabilly, blues and punk into a manic, Southern-gothic revival-tent sound on Bloodshot Records.",
Thomas Dollbaum,"New Orleans, LA",The South,2022–2026,C1 Indie twang / yallternative,Core,"A0048, A0016, A0040",Florry; Greg Freeman,"Tampa-born, New Orleans-based songwriter's dark rural storytelling in a rangy baritone extends the Townes Van Zandt/Jason Molina alt-country lineage.",Y
The Three O'Clock,"Los Angeles, CA",The West,1983–1985,V15 Paisley Underground,V,"A1893, A1907",The Salvation Army,"Michael Quercio's band, renamed from the Salvation Army, played the brightest, most bubblegum corner of Paisley Underground jangle-pop and coined the scene's name.",
Tift Merritt,"Raleigh, NC",The Carolinas,2002–2008,V6 2000s–2010s alt-country,V,"A1185, A1172, A1216",Whiskeytown; Lucinda Williams; Ryan Adams,"Raleigh songwriter's warm, restrained country-soul records established her as one of Lost Highway's defining voices alongside its rockier acts.",
Tim Hardin,"New York, NY",The Northeast,1966–1967,V25 Country-folk storytellers,V,"A2431, A2433",,"Greenwich Village folk singer whose frail, aching voice and confessional songwriting produced widely covered standards that seeded the singer-songwriter movement.",
Tiny Ruins,"Auckland, NZ",Australia and New Zealand,2019–2023,C5 Twangy indie folk,Core,"A0186, A0248",Fleet Foxes; Beach House,"Hollie Fullbrook's Auckland project widened hushed, literate solo folk into warmer full-band arrangements and New Zealand chart success.",Y
Tobacco City,"Chicago, IL",Chicago and the Midwest,2023–2025,C3 New alt-country and honky-tonk bands,Core,"A0117, A0105",,"Chicago band mixing cosmic country and psychedelic choogle with straight honky-tonk, split between two co-lead singers over pedal steel and reverb.",Y
Tobin Sprout,"Dayton, OH",Chicago and the Midwest,1996–1997,V11 Lo-fi and home taping,V,"A1665, A1672",Guided by Voices,"Guided by Voices co-founder's home-recorded solo work is gentler and more melodic than Robert Pollard's fragments, a quiet counterpart to Dayton's noisy lo-fi scene.",
Todd Snider,"Nashville, TN",The South,2004–2012,V3 Southern storytelling rock,V,"A0916, A0923, A0950",John Prine; Drive-By Truckers,"East Nashville songwriter's deadpan, talking-blues storytelling turns jokes into grief in the same funny-sad tradition as John Prine.",
TOLEDO,"Brooklyn, NY",The Northeast,2022,C5 Twangy indie folk,Core,A0223,,Brooklyn duo (Dan Alvarez de Toledo and Jordan Dunn-Pilz) built on finish-each-other's-sentences vocal harmony and family-history songwriting.,
Tombstone Poetry,"Asheville, NC",The Carolinas,2021–2024,C4 Countrygaze and loud twang,Core,"A2940, A2941",Wednesday,"Asheville band building on the Wednesday-style countrygaze template, burying country song structure under slow, heavy shoegaze and noise-rock guitar walls across two LPs.",
Tommy Goodroad,"Chicago, IL",Chicago and the Midwest,2026,C3 New alt-country and honky-tonk bands,Core,A0124,,Chicago-by-way-of-Minnesota songwriter mixing Midwestern folksy roots music with rollicking classic honky-tonk over fiddle and pedal steel.,
Tommy Keene,"Washington, DC",The Northeast,1986,"V17 Jangle and power pop, Big Star to GBV",V,A2058,,"Washington DC songwriter's big, ringing power-pop songs built for arena-scale choruses that radio mostly ignored, continuing the Big Star lineage.",
Tommy Prine,"Nashville, TN",The South,2023,C3 New alt-country and honky-tonk bands,Core,A0106,John Prine,"John Prine's son makes unhurried, plainspoken singer-songwriter records about grief and inheritance without leaning on his father's shadow.",
Tompall Glaser,"Nashville, TN",The South,1974–1976,V23 Outlaw country,V,"A2349, A2363",Waylon Jennings; Willie Nelson,"Nashville studio owner whose Hillbilly Central became the outlaw movement's clubhouse, recording gruff, unhurried songwriting between novelty and heartbreak.",
Tom Petty and the Heartbreakers,"Gainesville, FL",The South,1979–1985,X7 Heartland rock,Context,"A2765, A2770",,"Gainesville band's chiming Rickenbacker and Telecaster hooks defined jangly, guitar-forward heartland rock built for classic-rock radio.",
Tom T. Hall,"Nashville, TN",The South,1969–1974,V25 Country-folk storytellers,V,"A2453, A2461, A2440, A2441",,"Nashville storyteller whose plain, conversational baritone narrated first-person character sketches of ordinary rural life, a central figure alongside Prine.",
Tony Joe White,"Oak Grove, LA",The South,1969,V28 Southern rock and country soul,V,"A2576, A2575",,"Louisiana bayou songwriter whose deep baritone drawl and wah-inflected guitar coined swamp rock, a direct reference point for Southern soul and rock.",
Tony Molina,"San Francisco Bay Area, CA",The West,2016–2018,"C7 Slacker, jangle, and power-pop revival",Core,"A0572, A0543",,"Bay Area hardcore lifer distilling decades of Bee Gees- and Byrds-indebted pop songcraft into brief, melodic fragments.",
Townes Van Zandt,"Houston, TX",Texas and Oklahoma,1968–1994,V24 Texas songwriters and progressive country,V,"A2384, A2386, A2387, A2392",Guy Clark,"Houston songwriter whose flat, unhurried baritone and plainspoken dread founded the Texas songwriter tradition, echoed by generations of alt-country and indie-folk artists.",Y
Trace Mountains,"New York, NY",The Northeast,2021,C1 Indie twang / yallternative,Core,A0012,"LVL UP; Slaughter Beach, Dog","Dave Benton's former-LVL UP project leans into pedal-steel-flecked, warmly recorded country-pop mixing jangling guitars with synths.",
Trailer Bride,"Chapel Hill, NC",The Carolinas,1997–1999,V9 No Depression and insurgent country,V,"A1494, A1510",The Handsome Family,"Melissa Swingle's Chapel Hill band debuted with spare, spooky Southern gothic songs of local characters given slide-guitar, minor-key hush.",
Tre Burt,"Sacramento, CA",The West,2020–2021,C2 Barroom storytellers and deadpan songwriters,Core,"A0061, A0063",John Prine,"Sacramento songwriter's talky, literary verses over lo-fi fingerpicked guitar earned him a personal signing to John Prine's own label.",
The Triffids,"Perth, Australia",Australia and New Zealand,1983–1987,V18 Flying Nun and Antipodean indie,V,"A2098, A2089, A2105, A2099",,"Perth band whose David McComb widened post-punk restlessness into cinematic, outback-scaled Americana, often named the definitive Australian rock album of the 1980s.",
Trinity Ace,Bay Area,The West,2026,C5 Twangy indie folk,Core,A0320,,"Bay Area folk EP with a wry, self-deprecating title-track sequence and sparse acoustic, plainspoken storytelling.",Y
Trip Shakespeare,"Minneapolis, MN",Chicago and the Midwest,1986,V16 American underground and college rock,V,A1970,,Minneapolis quartet favoring intricate vocal harmonies and interlocking guitars over the punk energy of their more famous scene neighbors.,
True Believers,"Austin, TX",Texas and Oklahoma,1986,V14 Cowpunk and LA roots punk,V,A1877,Rank and File,"Alejandro and Javier Escovedo's Austin band played hard-riffing roots rock with a country undertow, a direct sequel to Rank and File's cowpunk.",
True West,"Davis, CA",The West,1983–1984,V15 Paisley Underground,V,"A1899, A1894",The Dream Syndicate; Thin White Rope,"Davis, California band mixing jangling guitars with heavier, psychedelic Crazy Horse-indebted excursions from the same scene as the Dream Syndicate.",
Trumans Water,"San Diego, CA",The West,1994–1995,V10 Slacker and '90s indie rock,V,"A1557, A1568",Pavement; Sebadoh,"San Diego band crammed careening noise-rock riffing and tape-warped skronk into blown-out, abrasive songs on Homestead Records.",
Truth Club,"Raleigh, NC",The Carolinas,2019–2023,"C7 Slacker, jangle, and power-pop revival",Core,"A0628, A0575",,"Raleigh band pairing conversational, self-lacerating lyrics with tense, angular guitar interplay that grew up on Pavement and Cap'n Jazz.",Y
Tsunami,"Arlington, VA",The Northeast,1993–1994,V10 Slacker and '90s indie rock,V,"A1544, A1558",Unrest,Jenny Toomey and Kristin Thomson's DC band paired loud-soft guitar dynamics with melodic dual-vocal songwriting on their own Simple Machines label.,
The Tubs,Wales / London,"The UK, Ireland and Canada",2023–2026,"C7 Slacker, jangle, and power-pop revival",Core,"A0680, A0629, A0664",The Feelies,"Welsh band applying ringing Byrds/Feelies-style jangle guitar to raw, personal songwriting about grief and family, a sharp post-2020s jangle revival.",
Turnpike Troubadours,"Tahlequah, OK",Texas and Oklahoma,2010,"X2 Red Dirt, Texas country, and arena Americana",Context,A2718,,"Oklahoma band whose literary, fiddle-and-guitar character songs made them the defining act of the 2010s Red Dirt scene.",
twain,"Asheville, NC",The South,2017–2019,C6 Cosmic country and the '70s revival,Core,"A0370, A0395",,"Mat Davidson's project sets a high, keening voice against loose, fingerpicked country-folk drawing on Gram Parsons-style cosmic country.",
Tweedy,"Chicago, IL",Chicago and the Midwest,2014,V4 Roots-inflected 2000s indie,V,A1073,,"Jeff Tweedy's double album with teenage son Spencer on drums, looser and poppier than a singer-songwriter statement, made during his wife's cancer treatment.",
Twerps,Melbourne,Australia and New Zealand,2011–2015,"C7 Slacker, jangle, and power-pop revival",Core,"A0502, A0533",The Go-Betweens; The Clean; Rolling Blackouts Coastal Fever; The Goon Sax,"Melbourne band playing hazy, unhurried ramshackle jangle-pop indebted to the Flying Nun and Feelies sound.",
Twine,"Adelaide, Australia",Australia and New Zealand,2024–2025,C9 Emo-twang crossovers,Core,"A0764, A0766",,"Adelaide band tagging its own music countrygaze and noise country, heartland twang and Dirty Three-style violin inside post-hardcore dynamics.",
Twin Peaks,"Chicago, IL",Chicago and the Midwest,2013–2019,"C7 Slacker, jangle, and power-pop revival",Core,"A0524, A0544, A0576, A0515",,"Chicago teenage DIY band's ragged garage-jangle riffs grew into tighter, craft-oriented songwriting across a run of scrappy guitar-pop records.",
Twisted Teens,"New Orleans, LA",The South,2026,C1 Indie twang / yallternative,Core,A0049,Thomas Dollbaum; Kurt Vile,"New Orleans band's Gulf Coast-steeped, road-worn twang carries loose, rowdy cowpunk energy across a 13-song debut.",Y
Two Cow Garage,"Columbus, OH",Chicago and the Midwest,2002–2016,V3 Southern storytelling rock,V,"A0917, A0927, A0941, A0965",,"Columbus, Ohio band built on Micah Schnabel's shouted, urgent vocals and forceful punk-and-country arrangements about dead-end Midwestern towns.",
Tyler Ballgame,"Los Angeles, CA (Rhode Island native)",The West,2026,C6 Cosmic country and the '70s revival,Core,A0490,,"Los Angeles-based Rhode Island native's debut sets warm, '70s-inflected songwriting inside theatrical vocal performances and tasteful arrangements.",
Tyler Childers,"Lawrence County, KY",The South,2017–2025,V7 Neo-traditional and 'new outlaw' country,V,"A1321, A1337, A1367, A1348",Sturgill Simpson,"Eastern-Kentucky songwriter whose plainspoken, live-in-the-room storytelling made him the decade's most credible new outlaw, later stretching into gospel and psychedelia.",
Uncle Tupelo,"Belleville, IL",Chicago and the Midwest,1990–1993,V9 No Depression and insurgent country,V,"A1449, A1451, A1456, A1459",,"Belleville, Illinois band spliced punk tempos and buzzsaw guitars onto Carter Family and Bakersfield country, the founding document of 1990s insurgent country.",Y
Unrest,"Washington, D.C.",The Northeast,1992–1993,V10 Slacker and '90s indie rock,V,"A1545, A1531",,"Washington DC band moved from noisy, chaotic post-punk toward lean, hook-filled minimalist pop that bridged the DC punk and indie-pop underground.",
Uwade,North Carolina,The Carolinas,2025,C5 Twangy indie folk,Core,A0301,Fleet Foxes,"Uwade Akhere's choir-trained voice moves through folk, soul and singer-songwriter modes after years singing on Fleet Foxes' Shore.",Y
The Van Pelt,"Jersey City, NJ",The Northeast,1997,V10 Slacker and '90s indie rock,V,A1592,Silkworm,"Jersey City band pairing spoken-sung, novelistic vocals with interlocking clean guitar lines at the talk-singing, literate end of 1990s indie rock.",
Various Artists,"Various, USA",The South,1952–1982,R1 Roots,V,"A2672, A2087",,"Two landmark compilations: Harry Smith's Anthology of American Folk Music, the folk revival's shared songbook, and Dunedin Double, the record that named the Dunedin sound.",
Vashti Bunyan,"London, England","The UK, Ireland and Canada",1970,V30 British folk rock (selective),V,A2654,,"London songwriter's hushed, lullaby-like Just Another Diamond Day, written on a horse-and-wagon journey, was rediscovered decades later as a foundational freak-folk text.",
vega,"Burlington, VT","Burlington, Vermont",2024–2026,C8 Modern slowcore and hushed twang,Core,"A0718, A0738",,"Molly Meehan's gentle, adventurous Burlington indie rock pairs soft, openhearted songs with woozy twang and waltz-like arrangements.",
vegas water taxi,"London, UK","The UK, Ireland and Canada",2023–2026,C1 Indie twang / yallternative,Core,"A2942, A2943",,"London bandleader Ben Hambro's project making dryly funny, talk-sung alt-country on PNKSLM Recordings, part of the UK's small indie-twang scene distinct from the mostly American Core wave.",
Velvet Crush,"Providence, RI",The Northeast,1991–1994,"V17 Jangle and power pop, Big Star to GBV",V,"A2078, A2070",Big Star; Teenage Fanclub; Matthew Sweet,Rhode Island trio Paul Chastain and Ric Menck made an almost scholarly distillation of Byrds twelve-string jangle and Big Star hooks.,
The Velvet Underground,"New York, NY",The Northeast,1967–1986,V29 Velvet Underground and proto-indie,V,"A2613, A2615, A2617, A2620",,"Lou Reed and John Cale's New York band ran deadpan songwriting through drone, noise and quiet intimacy across records that root punk, glam and indie songwriting.",
The Verlaines,"Dunedin, New Zealand",Australia and New Zealand,1985–1990,V18 Flying Nun and Antipodean indie,V,"A2093, A2106, A2120",The Chills; The Clean; Straitjacket Fits,"Graeme Downes's classically trained Dunedin band pushed the Flying Nun scene's DIY jangle toward literate, structurally restless art-rock complexity.",
Vern Gosdin,"Nashville, TN",The South,1977,"V26 Honky-tonk, Bakersfield, and hard country",V,A2542,,"Nashville singer nicknamed ""The Voice,"" whose rich, weathered baritone over traditional steel-and-fiddle arrangements led 1970s traditionalist honky-tonk.",
Versus,"New York, NY",The Northeast,1994–1998,V10 Slacker and '90s indie rock,V,"A1559, A1581, A1604",Superchunk,"New York band pairing Richard Baluyut and Fontaine Toups's dual vocals with disciplined loud-soft dynamics, a New York answer to Superchunk.",
Vetiver,"San Francisco, CA",The West,2004–2009,V4 Roots-inflected 2000s indie,V,"A1008, A1048",Devendra Banhart; Joanna Newsom,"Andy Cabic's soft, unhurried West Coast-indebted folk-rock positioned him within San Francisco's freak-folk circle while staying gentler than his peers.",
Vic Chesnutt,"Athens, GA",The South,1990–2009,V13 Americana songwriters before the label,V,"A1777, A1782, A1821, A1838",,"Athens, Georgia songwriter's shaky, unadorned voice and pitch-black humor over sparse arrangements set the template for lo-fi Southern gothic confession.",Y
Victoria Williams,"Los Angeles, CA",The West,1987–1998,V13 Americana songwriters before the label,V,"A1772, A1801, A1778, A1822",Mark Olson,"Los Angeles songwriter's helium-light, quavering voice and childlike, image-driven songwriting fed directly into alt-country and indie-folk artists that followed.",
Video Age,"New Orleans, LA",The South,2023,"C7 Slacker, jangle, and power-pop revival",Core,A0630,,"New Orleans duo moving away from disco nostalgia toward more personal, unselfconscious songwriting with effortless pop craft.",
villagerrr,"Columbus, OH",Chicago and the Midwest,2021–2026,C5 Twangy indie folk,Core,"A0272, A0225, A0226, A0321",Merce Lemon; Greg Freeman,"Mark Allen Scott's prolific, home-recorded Columbus project moved from quiet Bandcamp uploads to tasteful, subdued indie rock about specific Midwestern life.",Y
Vincent Neil Emerson,"Van Zandt County, TX",Texas and Oklahoma,2019–2023,V7 Neo-traditional and 'new outlaw' country,V,"A1356, A1338, A1377",,"East Texas songwriter of Choctaw-Apache heritage whose spare, plainspoken Texas country-folk continues the Guy Clark and Townes Van Zandt lineage.",
Violent Femmes,"Milwaukee, WI",The Northeast,1984,V14 Cowpunk and LA roots punk,V,A1863,X; The Blasters,"Milwaukee band's second album swapped jittery pop for hellfire gospel and apocalyptic Americana, an unusually strange early entry in country-punk.",
Volcano Suns,"Boston, MA",The Northeast,1985–1987,V16 American underground and college rock,V,"A1959, A1971, A1990",Mission of Burma,"Peter Prescott's post-Mission of Burma band carried that group's angular, drum-forward Boston post-punk attack into scrappier Homestead-scene noise-rock.",
Waco Brothers,"Chicago, IL",Chicago and the Midwest,1995–1999,V9 No Depression and insurgent country,V,"A1476, A1495, A1496, A1511",The Mekons,"Jon Langford's post-Mekons band brought punk politics directly into Chicago's country scene, a founding act of Bloodshot Records' insurgent-country identity.",
The Walkabouts,"Seattle, WA",The West,1991–1993,V9 No Depression and insurgent country,V,"A1452, A1460",,"Seattle band pairing Chris Eckman and Carla Torgerson's dual vocals with Townes Van Zandt- and Neil Young-indebted songwriting, Sub Pop's first non-grunge signing.",
Walker Rider,"Minneapolis, MN",Chicago and the Midwest,2022–2025,C1 Indie twang / yallternative,Core,"A2936, A2935",,"Minneapolis solo project of Wyatt Dronen making hushed, home-recorded lo-fi countrygaze and alternative country, including queer love songs leaning into limerence.",
The War and Treaty,"Albion, MI",The South,2023,X3 Big-tent Americana and stomp-clap folk,Context,A2733,Zach Bryan; Brandi Carlile,"Husband-and-wife duo mixing soul and gospel vocal power with Americana songwriting, widening the country-award mainstream's commercial reach.",
Warehouse,"Atlanta, GA",The South,2014–2016,"C7 Slacker, jangle, and power-pop revival",Core,"A0525, A0545",,"Atlanta band fronted by Elaine Edenfield's commanding vocals plays kinetic, interlocking-guitar post-punk closer to Sonic Youth's angularity than jangle-pop.",
The War on Drugs,"Philadelphia, PA",Philadelphia,2008–2024,C6 Cosmic country and the '70s revival,Core,"A0348, A0325, A0332, A0371",Kurt Vile; Wild Pink,"Adam Granduciel's Philadelphia band grew from ragged Crazy Horse-and-Dylan sprawl into widescreen, synth-lined cosmic Americana that revived heartland rock for indie audiences.",Y
Water Liars,"Water Valley, MS",The South,2012–2014,V3 Southern storytelling rock,V,"A0951, A0955, A0960",,"Mississippi duo built quiet, spare records around close, weathered harmonies and plainspoken songs of loss, sharing Drive-By Truckers' subject matter at low volume.",
Waxahatchee,"Birmingham, AL",The South,2012–2024,"C7 Slacker, jangle, and power-pop revival",Core,"A0508, A0516, A0094, A0110",Plains; MJ Lenderman,"Katie Crutchfield's project moved from raw bedroom indie-rock DIY roots into a twangier, pedal-steel-laced country sound that popularized ""indie twang.""",Y
Way Dynamic,"Melbourne, Australia",Australia and New Zealand,2024–2026,C6 Cosmic country and the '70s revival,Core,"A0462, A0491",,"Dylan Young's Melbourne project studies mellow '70s songwriting in the Carole King/Jackson Browne mode, dressed in baroque-pop string arrangements.",
Waylon Jennings,"Nashville, TN",Texas and Oklahoma,1972–1978,V23 Outlaw country,V,"A2344, A2345, A2357, A2373",,"Nashville insider whose self-produced, songwriter-first records with his own touring band founded outlaw country's core sound and commercial breakthrough.",
Waylon Jennings and Willie Nelson,"Nashville, TN",Texas and Oklahoma,1978,V23 Outlaw country,V,A2378,Waylon Jennings; Willie Nelson,"The first full studio pairing of the two outlaw stars, anchored by their biggest crossover hit and interlocking drawls.",
"Waylon Jennings, Willie Nelson, Jessi Colter and Tompall Glaser","Nashville, TN",The South,1976,V23 Outlaw country,V,A2365,Waylon Jennings; Willie Nelson; Jessi Colter; Tompall Glaser,"RCA's compilation of four Hillbilly Central artists coined ""outlaw"" as a genre label and became the first platinum country album.",
Wayne Hancock,"Austin, TX",Texas and Oklahoma,2001–2009,V6 2000s–2010s alt-country,V,"A1164, A1178, A1222",,"Austin traditionalist's lean, upright-bass-and-steel records built squarely on Hank Williams and Bob Wills gave Bloodshot's roster a direct link to prewar country.",
The Weather Station,"Toronto, Canada","The UK, Ireland and Canada",2015–2025,C5 Twangy indie folk,Core,"A0208, A0302, A0157, A0167",,"Tamara Lindeman's long-running Toronto project moved from plainspoken singer-songwriter records toward expansive, band-driven indie folk touched by Americana and climate anxiety.",
Wednesday,"Asheville, NC",The Carolinas,2018–2025,C4 Countrygaze and loud twang,Core,"A0133, A0141, A0144, A0128",MJ Lenderman,"Karly Hartzman's Asheville band grew from lo-fi duo into a shoegaze-thick, pedal-steel-laced countrygaze outfit blending noise rock with Southern storytelling.",Y
Ween,"New Hope, PA",The Northeast,1990–1992,V11 Lo-fi and home taping,V,"A1632, A1634, A1638",,"Gene and Dean Ween's New Hope duo recorded absurdist, genre-lurching home tapes on cheap four-track gear before major labels licensed the lo-fi aesthetic.",
Weirs,"Durham/Brunswick County, VA area, NC",The Carolinas,2025,C5 Twangy indie folk,Core,A0303,Sluice; Magic Tuber Stringband,"Shifting North Carolina old-time/DIY-noise collective recording traditional ballads and hymns with tape manipulation, cut live at a family dairy farm.",
Wet Willie,"Mobile, AL",The South,1974,V28 Southern rock and country soul,V,A2596,,"Mobile, Alabama-born, Macon-based band represented Capricorn Records' horn-and-soul wing of Southern rock, closer to Stax than guitar-jam bands.",
Whiskey Myers,"Tyler, TX",Texas and Oklahoma,2011–2019,X11 Modern Southern rock,Context,"A2808, A2810, A2812, A2817",,"East Texas band mixing Skynyrd-style twin-guitar riffing with outlaw-country grit, a leading voice of the 2010s Southern-rock revival.",
Whiskeytown,"Raleigh, NC",The Carolinas,1995–2001,V9 No Depression and insurgent country,V,"A1477, A1497, A1520",,"Ryan Adams and Caitlin Cary's Raleigh band worshipped Gram Parsons through pedal steel and fiddle, North Carolina's answer to Uncle Tupelo.",Y
Whitey Morgan and the 78's,"Flint, MI",Chicago and the Midwest,2015–2018,V7 Neo-traditional and 'new outlaw' country,V,"A1309, A1328",,"Michigan-bred Waylon Jennings disciple leads a hard-touring honky-tonk band through unpolished, whiskey-soaked outlaw country for a Rust Belt audience.",
Whitney,"Chicago, IL",Chicago and the Midwest,2016–2025,C6 Cosmic country and the '70s revival,Core,"A0363, A0429, A0478",,"Chicago band formed from Smith Westerns' collapse pairs Julien Ehrlich's falsetto with warm horn charts and loose, country-tinged guitar picking.",
Whitney Rose,"Austin, TX",Texas and Oklahoma,2015–2017,V6 2000s–2010s alt-country,V,"A1263, A1277",,"Canadian-born artist's lean, hook-driven honky-tonk with a vintage early-1960s Nashville sound works within Austin's traditional-country revival scene.",
Why Bonnie,"Brooklyn, NY (via Austin, TX)",The Northeast,2022–2024,"C7 Slacker, jangle, and power-pop revival",Core,"A0612, A0031",,"Blair Howerton's Texas band moved from bedroom dream-pop toward raw-edged, twangy indie rock citing Townes Van Zandt and Blaze Foley as touchstones.",
Widowspeak,"New York, NY",The Northeast,2017–2026,C8 Modern slowcore and hushed twang,Core,"A0686, A0695, A0701, A0739",,"Molly Hamilton's New York dream-pop band gradually leaned into a warmer, more overtly country-inflected sound across their later Captured Tracks albums.",
Wilco,"Chicago, IL",Chicago and the Midwest,1995–2023,V4 Roots-inflected 2000s indie,V,"A1478, A1484, A0983, A0995",Uncle Tupelo,Jeff Tweedy's post-Uncle Tupelo band moved from straightforward alt-country through art-pop experimentation and Crazy Horse-style guitar sprawl to a late return to pure country.,Y
Wilder Maker,"New York, NY",The Northeast,2022,C6 Cosmic country and the '70s revival,Core,A0431,,"Gabe Birnbaum's New York project ceded lead vocals to a guest cast over extended, guitar-forward jams built for a full band stretching out live.",
Wildflower,"Portland, ME",The Northeast,2024,C5 Twangy indie folk,Core,A0273,,"Adrian O'Barr's project makes lush, adventurous folk with pedal steel, saxophone and violin woven into ample twang about coastlines and long drives.",
Wild Pink,"New York, NY",The Northeast,2017–2026,C6 Cosmic country and the '70s revival,Core,"A0421, A0463, A0383, A0430",The War on Drugs,"John Ross's New York band grew from quiet, synth-tinged indie rock into a widescreen, pedal-steel-dressed heartland sound crossing into indie twang.",
Willard Grant Conspiracy,"Boston, MA",The Northeast,2003,V4 Roots-inflected 2000s indie,V,A1005,,Robert Fisher's revolving-membership Boston band paired his cavernous baritone with somber strings and gothic-country arrangements steeped in death and religious imagery.,
Will Fox,"Los Angeles, CA",The West,2022,C5 Twangy indie folk,Core,A2937,,"Los Angeles folk songwriter making quiet, fingerpicked, plainspoken records in the Townes/Gillian Welch-descended folk-songwriting line.",
William Elliott Whitmore,"Lee County, IA",Chicago and the Midwest,2003–2009,V6 2000s–2010s alt-country,V,"A1179, A1201, A1223",,Iowa farm-raised songwriter's stark solo banjo-and-guitar records steeped in gospel and old-time Southern folk found an unlikely audience through punk touring circuits.,
William Tyler,"Nashville, TN",The South,2010–2025,V8 American Primitive and solo guitar,V,"A1413, A1420, A1423, A1431",,"Nashville sideman-turned-solo-guitarist pushed American Primitive fingerstyle toward warmer, pastoral, Cosmic American Music tones, later adding full-band Grateful Dead-style arrangements.",
Willi Carlisle,"Fayetteville, AR",The South,2018–2025,V7 Neo-traditional and 'new outlaw' country,V,"A1368, A1382, A1387, A1329",,"Fayetteville songwriter blending old-time and cowboy-poet traditions into warm, generous storytelling about found family and rural queerness.",
Willie Nelson,"Austin, TX",Texas and Oklahoma,1971–1978,V23 Outlaw country,V,"A2346, A2351, A2358, A2379",,Austin-based songwriter whose self-directed concept albums and stripped-down production proved outlaw country's bare-bones aesthetic could top the charts.,
Willis Alan Ramsey,"Austin, TX",Texas and Oklahoma,1972,V24 Texas songwriters and progressive country,V,A2393,,"The only album Willis Alan Ramsey ever released delivered warm, character-driven Austin songwriting including widely covered standards, a cult classic of silence since.",
Will Johnson,"Denton, TX",Texas and Oklahoma,2002–2025,V1 Molina and the Magnolia circle,V,"A0814, A0815, A0785, A0790",Centro-matic; South San Gabriel,"Centro-matic frontman's solo catalog strips his songwriting down to weathered, plainspoken voice and acoustic guitar, running parallel to his main bands for decades.",Y
Will Lawrence,"Philmont, NY",The Northeast,2025,C5 Twangy indie folk,Core,A0304,,"Upstate New York songwriter's understated, masterful record of dusky, nostalgic folk-rock mines a tasteful, unhurried palette about love and loss.",
Will Oldham,"Louisville, KY",The South,1997,V2 Drag City deadpan school,V,A0843,,"The one album released simply under his own name bridges the Palace era and the Bonnie 'Prince' Billy identity with quiet, spacious songwriting.",Y
Willow Avalon,"Glennville, GA",The South,2024,"X1 Mainstream Nashville, countrypolitan to bro-country",Context,A2714,,"Georgia singer's atmospheric, hypnotic mainstream country about economic anxiety and small-town life sits closer to Kacey Musgraves's mood than bro-country's party mode.",
Will Stratton,Upstate New York,The Northeast,2017–2025,C5 Twangy indie folk,Core,"A0168, A0209, A0305",,"Upstate New York fingerpicker pairs Nick Drake-indebted guitar work with chamber-folk strings across a decade-plus run of patient, literate records.",Y
The Windbreakers,"Jackson, MS",The South,1986,V16 American underground and college rock,V,A1972,R.E.M.; Let's Active,"Mississippi duo Bobby Sutliff and Tim Lee played bright, Byrds-descended jangle-pop, the South's own strand of 1980s American college rock.",
Windsor for the Derby,"Tampa, FL",The South,1996,V12 Slowcore and sadcore,V,A1736,,"Tampa band pairing slow, minimal guitar and bass with programmed drums built a krautrock-influenced, motorik variant of slowcore.",
Wipers,"Portland, OR",The West,1980–1983,V16 American underground and college rock,V,"A1923, A1926, A1940",,"Greg Sage's Portland trio built stark, claustrophobic punk that predates post-punk, later cited by Kurt Cobain as a foundational grunge influence.",
Wire,"London, UK","The UK, Ireland and Canada",1977–1979,X10 Post-punk and noise rock,Context,"A2794, A2795, A2796",,"London band stripped punk to blunt, angular fragments across a foundational post-punk trilogy that influenced Minor Threat, R.E.M. and Elastica alike.",
Wishy,"Indianapolis, IN",Chicago and the Midwest,2024–2026,"C7 Slacker, jangle, and power-pop revival",Core,"A0643, A0681",,"Indiana songwriters Kevin Krauter and Nina Pitchkites blend shoegaze haze, grunge fuzz and power-pop hooks across pillowy atmospherics and scathing distortion.",Y
Woods,"Brooklyn, NY",The Northeast,2007–2023,C6 Cosmic country and the '70s revival,Core,"A0328, A0337, A0329, A0333",Real Estate; White Fence; Kurt Vile,"Jeremy Earl's Brooklyn band moved from bedroom-folk tape-hiss into sun-soaked, Crazy Horse-style jams that defined the Woodsist label's cosmic-country scene.",
Woody Guthrie,"Okemah, OK",Texas and Oklahoma,1940–1997,R1 Roots,V,"A2670, A2701",,"Oklahoma songwriter whose flat, conversational talking-blues about Dust Bowl poverty founded the topical singer-songwriter tradition running through Dylan to Big Thief.",
Work Wear,"Charlottesville, VA",The South,2024,"C7 Slacker, jangle, and power-pop revival",Core,A2938,Sparklehorse; David Berman,"Charlottesville, Virginia band making slack, mid-tempo indie rock with a country undertow, describing its own sound as pulling from Sparklehorse and David Berman.",
Work Wife,"Brooklyn, NY",The Northeast,2025,"C7 Slacker, jangle, and power-pop revival",Core,A2939,Liz Phair; Jenny Lewis,"Brooklyn band making jangly, wry guitar-pop in the Liz Phair/Jenny Lewis mold, part of the 2010s-2020s slacker-and-jangle indie revival.",
The Wrens,"Secaucus, NJ",The Northeast,1996–2003,V10 Slacker and '90s indie rock,V,"A1622, A1582",,"New Jersey band's scrappy, shoestring guitar-pop turned into wearier, more emotionally direct songwriting on a long-delayed, widely acclaimed follow-up.",
Wyatt Flores,"Stillwater, OK",Texas and Oklahoma,2024,"X2 Red Dirt, Texas country, and arena Americana",Context,A2724,Zach Bryan,Oklahoma State-scene songwriter whose plainspoken acoustic heartbreak songs follow directly in Zach Bryan's commercial and stylistic wake.,
Wynn Stewart,"Bakersfield, CA",The West,1967,"V26 Honky-tonk, Bakersfield, and hard country",V,A2502,,"Bakersfield honky-tonk innovator whose sunny, treble-forward shuffle sound directly shaped both Buck Owens's guitar attack and Merle Haggard's phrasing.",
X,"Los Angeles, CA",The West,1980–1987,V14 Cowpunk and LA roots punk,V,"A1840, A1845, A1850, A1853",The Blasters; The Knitters; Rank and File,"Los Angeles punk band fusing Billy Zoom's rockabilly guitar with Exene Cervenka and John Doe's off-kilter harmonies, the template LA cowpunk worked from.",
Yasmin Williams,"Woodbridge, VA",The South,2018–2021,V8 American Primitive and solo guitar,V,"A1433, A1430",,"Virginia guitarist's percussive lap-tapping technique enters the Fahey-descended fingerstyle tradition from an unusual technical angle, later widened with African instrumentation.",
Yo La Tengo,"Hoboken, NJ",The Northeast,1986–2000,V10 Slacker and '90s indie rock,V,"A1546, A1569, A1593, A1973",The Feelies,Hoboken band Ira Kaplan and Georgia Hubley moved from Velvet Underground-indebted jangle into hushed-to-feedback dynamics across a constantly shape-shifting decades-long catalog.,
Zach Bryan,"Oologah, OK",Texas and Oklahoma,2022–2023,"X2 Red Dirt, Texas country, and arena Americana",Context,"A2721, A2722",,"Oklahoma songwriter's sprawling, self-recorded, diaristic songwriting became a streaming-era phenomenon without going through Nashville's studio machinery.",
Zach Top,"Sunnyside, WA",The West,2024,V7 Neo-traditional and 'new outlaw' country,V,A1383,,"Washington state singer's debut is a near-perfect recreation of late-1980s neo-traditional country, extending the Randy Travis/Keith Whitley revival into the 2020s.",
Zephaniah OHora,"Brooklyn, NY",The Northeast,2017–2020,V7 Neo-traditional and 'new outlaw' country,V,"A1322, A1349",,"Brooklyn-based traditionalist makes note-perfect 1960s countrypolitan music, an uncannily authentic homage to Ray Price and the Nashville Sound made far from Nashville.",
Zook,"Nashville, TN",The South,2022–2025,"C7 Slacker, jangle, and power-pop revival",Core,"A0665, A0613",,"Nashville project mixing jangly guitar with drum machines and synths in an off-kilter, homemade DIY/Bandcamp pop style.",
ZZ Top,"Houston, TX",The South,1973,V28 Southern rock and country soul,V,A2590,,"Houston trio distilled blues-boogie into tight, riff-driven songs, a leaner, more compact regional counterpart to Georgia and Florida Southern rock.",
